source_record_id,source_dataset,house,lok_sabha_term,mp_name,state,district,constituency,category,description,sanction_date,completion_date,sanctioned_cost,expenditure,entitlement,released_amount,unspent_balance,status,pending_reason,has_reasons_flag
LS17_0001,17th Lok Sabha (2019-2024),Lok Sabha,17,Kuldeep Rai Sharma,National / Multi-State,Andaman And Nicobar Islands,Andaman And Nicobar Islands,Community Development,MPLADS Constituency Works Allocation for Andaman And Nicobar Islands (Kuldeep Rai Sharma),2019-06-01,,10.92,2.53,17.0,5.0,2.68,In Progress,,0
LS17_0002,17th Lok Sabha (2019-2024),Lok Sabha,17,Srinivas Kesineni,National / Multi-State,Vijayawada,Vijayawada,Community Development,MPLADS Constituency Works Allocation for Vijayawada (Srinivas Kesineni),2019-06-01,,22.85,12.57,17.0,9.5,2.78,In Progress,,0
LS17_0003,17th Lok Sabha (2019-2024),Lok Sabha,17,Kuruva Gorantla Madhav,National / Multi-State,Hindupur,Hindupur,Community Development,MPLADS Constituency Works Allocation for Hindupur (Kuruva Gorantla Madhav),2019-06-01,,25.24,16.15,17.0,9.5,2.41,In Progress,,0
LS17_0004,17th Lok Sabha (2019-2024),Lok Sabha,17,Mvvv Satyanarayana,National / Multi-State,Mvvv Visakhapatnam,Mvvv Visakhapatnam,Community Development,MPLADS Constituency Works Allocation for Mvvv Visakhapatnam (Mvvv Satyanarayana),2019-06-01,,8.61,7.64,17.0,7.0,2.0,In Progress,,0
LS17_0005,17th Lok Sabha (2019-2024),Lok Sabha,17,Raghu Ramakrishna Raju Kanumuru,National / Multi-State,Narasapuram,Narasapuram,Community Development,MPLADS Constituency Works Allocation for Narasapuram (Raghu Ramakrishna Raju Kanumuru),2019-06-01,,6.96,2.15,17.0,5.0,9.6,In Progress,,0
LS17_0006,17th Lok Sabha (2019-2024),Lok Sabha,17,Maddila Gurumoorthy,National / Multi-State,Tirupati(Sc),Tirupati(Sc),Community Development,MPLADS Constituency Works Allocation for Tirupati(Sc) (Maddila Gurumoorthy),2019-06-01,,22.51,10.0,12.0,2.0,2.61,In Progress,,0
LS17_0007,17th Lok Sabha (2019-2024),Lok Sabha,17,Beesetti Venkata Satyavathi,National / Multi-State,Anakapalle,Anakapalle,Community Development,MPLADS Constituency Works Allocation for Anakapalle (Beesetti Venkata Satyavathi),2019-06-01,,15.75,13.4,17.0,7.0,2.75,In Progress,,0
LS17_0008,17th Lok Sabha (2019-2024),Lok Sabha,17,Talari Rangaiah,National / Multi-State,Anantapur,Anantapur,Community Development,MPLADS Constituency Works Allocation for Anantapur (Talari Rangaiah),2019-06-01,,22.53,9.74,24.5,7.0,1.18,In Progress,,0
LS17_0009,17th Lok Sabha (2019-2024),Lok Sabha,17,Pocha Brahmananda Reddy,National / Multi-State,Nandyal,Nandyal,Community Development,MPLADS Constituency Works Allocation for Nandyal (Pocha Brahmananda Reddy),2019-06-01,,22.12,16.07,27.0,17.0,2.3,In Progress,,0
LS17_0010,17th Lok Sabha (2019-2024),Lok Sabha,17,Lavu Sri Krishna Devarayalu,National / Multi-State,Narasaraopet,Narasaraopet,Community Development,MPLADS Constituency Works Allocation for Narasaraopet (Lavu Sri Krishna Devarayalu),2019-06-01,,13.27,9.93,17.0,7.0,1.24,In Progress,,0
LS17_0011,17th Lok Sabha (2019-2024),Lok Sabha,17,Kinjarapu Ram Mohan Naidu,National / Multi-State,Srikakulam,Srikakulam,Community Development,MPLADS Constituency Works Allocation for Srikakulam (Kinjarapu Ram Mohan Naidu),2019-06-01,,18.09,14.53,17.0,9.5,1.06,In Progress,,0
LS17_0012,17th Lok Sabha (2019-2024),Lok Sabha,17,Goddeti Madhavi,National / Multi-State,Araku(St),Araku(St),Community Development,MPLADS Constituency Works Allocation for Araku(St) (Goddeti Madhavi),2019-06-01,,12.71,10.51,17.0,7.0,0.64,In Progress,,0
LS17_0013,17th Lok Sabha (2019-2024),Lok Sabha,17,Sanjeev Kumar Singari,National / Multi-State,Kurnool,Kurnool,Community Development,MPLADS Constituency Works Allocation for Kurnool (Sanjeev Kumar Singari),2019-06-01,,11.34,7.23,19.5,7.0,0.01,In Progress,,0
LS17_0014,17th Lok Sabha (2019-2024),Lok Sabha,17,Magunta Sreenivasulu Reddy,National / Multi-State,Ongole,Ongole,Community Development,MPLADS Constituency Works Allocation for Ongole (Magunta Sreenivasulu Reddy),2019-06-01,,17.07,8.64,24.5,5.0,1.67,In Progress,,0
LS17_0015,17th Lok Sabha (2019-2024),Lok Sabha,17,Y.S. Avinash Reddy,National / Multi-State,Kadapa,Kadapa,Community Development,MPLADS Constituency Works Allocation for Kadapa (Y.S. Avinash Reddy),2019-06-01,,12.37,8.13,17.0,7.0,2.92,In Progress,,0
LS17_0016,17th Lok Sabha (2019-2024),Lok Sabha,17,Durga Prasad Rao Balli-Ex,National / Multi-State,Tirupati(Sc),Tirupati(Sc),Community Development,MPLADS Constituency Works Allocation for Tirupati(Sc) (Durga Prasad Rao Balli-Ex),2019-06-01,,4.5,1.99,5.0,5.0,3.16,In Progress,,0
LS17_0017,17th Lok Sabha (2019-2024),Lok Sabha,17,Chandra Sekhar Bellana,National / Multi-State,Vizianagaram,Vizianagaram,Community Development,MPLADS Constituency Works Allocation for Vizianagaram (Chandra Sekhar Bellana),2019-06-01,,11.91,9.87,17.0,7.0,2.21,In Progress,,0
LS17_0018,17th Lok Sabha (2019-2024),Lok Sabha,17,Margani Bharat,National / Multi-State,Rajahmundry,Rajahmundry,Community Development,MPLADS Constituency Works Allocation for Rajahmundry (Margani Bharat),2019-06-01,,24.06,13.44,17.0,7.0,2.24,In Progress,,0
LS17_0019,17th Lok Sabha (2019-2024),Lok Sabha,17,Nallakonda Gari Reddeppa,National / Multi-State,Chittoor,Chittoor,Community Development,MPLADS Constituency Works Allocation for Chittoor (Nallakonda Gari Reddeppa),2019-06-01,,24.06,10.01,17.0,7.0,3.44,In Progress,,0
LS17_0020,17th Lok Sabha (2019-2024),Lok Sabha,17,Jayadev Galla,National / Multi-State,Guntur,Guntur,Community Development,MPLADS Constituency Works Allocation for Guntur (Jayadev Galla),2019-06-01,,11.72,6.34,17.0,5.0,2.36,In Progress,,0
LS17_0021,17th Lok Sabha (2019-2024),Lok Sabha,17,Nandigam Suresh,National / Multi-State,Bapatla,Bapatla,Community Development,MPLADS Constituency Works Allocation for Bapatla (Nandigam Suresh),2019-06-01,,19.91,11.83,17.0,7.0,0.02,In Progress,,0
LS17_0022,17th Lok Sabha (2019-2024),Lok Sabha,17,Adala Reddy,National / Multi-State,Nellore(Sc),Nellore(Sc),Community Development,MPLADS Constituency Works Allocation for Nellore(Sc) (Adala Reddy),2019-06-01,,9.63,6.79,17.0,5.0,1.9,In Progress,,0
LS17_0023,17th Lok Sabha (2019-2024),Lok Sabha,17,Balashowry Vallabbhaneni,National / Multi-State,Machilipatnam,Machilipatnam,Community Development,MPLADS Constituency Works Allocation for Machilipatnam (Balashowry Vallabbhaneni),2019-06-01,,18.29,10.3,17.0,7.0,2.91,In Progress,,0
LS17_0024,17th Lok Sabha (2019-2024),Lok Sabha,17,Midhun Reddy,National / Multi-State,Rajampet,Rajampet,Community Development,MPLADS Constituency Works Allocation for Rajampet (Midhun Reddy),2019-06-01,,23.79,10.31,19.5,7.0,2.09,In Progress,,0
LS17_0025,17th Lok Sabha (2019-2024),Lok Sabha,17,Geetha Viswanath Vanga,National / Multi-State,Kakinada,Kakinada,Community Development,MPLADS Constituency Works Allocation for Kakinada (Geetha Viswanath Vanga),2019-06-01,,11.26,5.34,17.0,7.0,2.01,In Progress,,0
LS17_0026,17th Lok Sabha (2019-2024),Lok Sabha,17,Chinta Anuradha,National / Multi-State,Amalapuram(Sc),Amalapuram(Sc),Community Development,MPLADS Constituency Works Allocation for Amalapuram(Sc) (Chinta Anuradha),2019-06-01,,11.53,5.13,17.0,5.0,0.18,In Progress,,0
LS17_0027,17th Lok Sabha (2019-2024),Lok Sabha,17,Kotagiri Sridhar,National / Multi-State,Eluru,Eluru,Community Development,MPLADS Constituency Works Allocation for Eluru (Kotagiri Sridhar),2019-06-01,,17.41,6.02,17.0,7.0,1.49,In Progress,,0
LS17_0028,17th Lok Sabha (2019-2024),Lok Sabha,17,Kiren Rijiju,National / Multi-State,Arunachal West,Arunachal West,Community Development,MPLADS Constituency Works Allocation for Arunachal West (Kiren Rijiju),2019-06-01,,6.77,6.33,17.0,7.0,1.06,In Progress,,0
LS17_0029,17th Lok Sabha (2019-2024),Lok Sabha,17,Tapir Gao,National / Multi-State,Arunachal East,Arunachal East,Community Development,MPLADS Constituency Works Allocation for Arunachal East (Tapir Gao),2019-06-01,2024-05-31,7.66,7.8,17.0,7.0,0.19,Completed,,0
LS17_0030,17th Lok Sabha (2019-2024),Lok Sabha,17,Teli Rameswar,National / Multi-State,Dibrugarh,Dibrugarh,Community Development,MPLADS Constituency Works Allocation for Dibrugarh (Teli Rameswar),2019-06-01,,6.37,6.16,17.0,7.0,1.02,In Progress,,0
LS17_0031,17th Lok Sabha (2019-2024),Lok Sabha,17,Pallab Lochan Das,National / Multi-State,Tezpur,Tezpur,Community Development,MPLADS Constituency Works Allocation for Tezpur (Pallab Lochan Das),2019-06-01,,9.46,8.73,17.0,9.5,0.91,In Progress,,0
LS17_0032,17th Lok Sabha (2019-2024),Lok Sabha,17,Gaurav Gogoi,National / Multi-State,Kaliabor,Kaliabor,Community Development,MPLADS Constituency Works Allocation for Kaliabor (Gaurav Gogoi),2019-06-01,,11.17,10.96,17.0,12.0,1.19,In Progress,,0
LS17_0033,17th Lok Sabha (2019-2024),Lok Sabha,17,Ajmal Badruddin,National / Multi-State,Dhubri,Dhubri,Community Development,MPLADS Constituency Works Allocation for Dhubri (Ajmal Badruddin),2019-06-01,,9.54,8.38,17.0,12.0,3.79,In Progress,,0
LS17_0034,17th Lok Sabha (2019-2024),Lok Sabha,17,Rajdeep Roy,National / Multi-State,Silchar,Silchar,Community Development,MPLADS Constituency Works Allocation for Silchar (Rajdeep Roy),2019-06-01,,12.0,11.88,17.0,12.0,0.25,In Progress,,0
LS17_0035,17th Lok Sabha (2019-2024),Lok Sabha,17,Naba (Hira) Kumar Sarania,National / Multi-State,Kokrajhar (St),Kokrajhar (St),Community Development,MPLADS Constituency Works Allocation for Kokrajhar (St) (Naba (Hira) Kumar Sarania),2019-06-01,2024-05-31,9.11,9.18,17.0,9.5,0.4,Completed,,0
LS17_0036,17th Lok Sabha (2019-2024),Lok Sabha,17,Horen Sing Bey,National / Multi-State,Autonomous District(St),Autonomous District(St),Community Development,MPLADS Constituency Works Allocation for Autonomous District(St) (Horen Sing Bey),2019-06-01,,20.0,18.64,29.5,19.5,1.61,In Progress,,0
LS17_0037,17th Lok Sabha (2019-2024),Lok Sabha,17,Queen Oja,National / Multi-State,Guwahati,Guwahati,Community Development,MPLADS Constituency Works Allocation for Guwahati (Queen Oja),2019-06-01,,9.19,7.74,17.0,9.5,2.33,In Progress,,0
LS17_0038,17th Lok Sabha (2019-2024),Lok Sabha,17,Abdul Khaleque,National / Multi-State,Barpeta,Barpeta,Community Development,MPLADS Constituency Works Allocation for Barpeta (Abdul Khaleque),2019-06-01,,6.85,6.1,17.0,7.0,1.03,In Progress,,0
LS17_0039,17th Lok Sabha (2019-2024),Lok Sabha,17,Pradyut Bordoloi,National / Multi-State,Nowgong,Nowgong,Community Development,MPLADS Constituency Works Allocation for Nowgong (Pradyut Bordoloi),2019-06-01,,11.7,11.17,17.0,12.0,1.05,In Progress,,0
LS17_0040,17th Lok Sabha (2019-2024),Lok Sabha,17,Kripanath Mallah,National / Multi-State,Karimganj (Sc),Karimganj (Sc),Community Development,MPLADS Constituency Works Allocation for Karimganj (Sc) (Kripanath Mallah),2019-06-01,,6.69,6.33,17.0,7.0,0.82,In Progress,,0
LS17_0041,17th Lok Sabha (2019-2024),Lok Sabha,17,Dilip Saikia,National / Multi-State,Mangaldoi,Mangaldoi,Community Development,MPLADS Constituency Works Allocation for Mangaldoi (Dilip Saikia),2019-06-01,,8.7,7.84,17.0,9.5,1.8,In Progress,,0
LS17_0042,17th Lok Sabha (2019-2024),Lok Sabha,17,Topon Kumar Gogoi,National / Multi-State,Jorhat,Jorhat,Community Development,MPLADS Constituency Works Allocation for Jorhat (Topon Kumar Gogoi),2019-06-01,,6.9,6.26,17.0,7.0,1.02,In Progress,,0
LS17_0043,17th Lok Sabha (2019-2024),Lok Sabha,17,Pradan Baruah,National / Multi-State,Lakhimpur,Lakhimpur,Community Development,MPLADS Constituency Works Allocation for Lakhimpur (Pradan Baruah),2019-06-01,,12.0,11.38,17.0,12.0,0.82,In Progress,,0
LS17_0044,17th Lok Sabha (2019-2024),Lok Sabha,17,Dinesh Chandra Yadav,National / Multi-State,Madhepura,Madhepura,Community Development,MPLADS Constituency Works Allocation for Madhepura (Dinesh Chandra Yadav),2019-06-01,,8.74,8.36,17.0,5.0,1.15,In Progress,,0
LS17_0045,17th Lok Sabha (2019-2024),Lok Sabha,17,Ravi Shankar Prasad,National / Multi-State,Patna Sahib,Patna Sahib,Community Development,MPLADS Constituency Works Allocation for Patna Sahib (Ravi Shankar Prasad),2019-06-01,,6.31,5.03,17.0,5.0,0.05,In Progress,,0
LS17_0046,17th Lok Sabha (2019-2024),Lok Sabha,17,Ashwini Kumar Choubey,National / Multi-State,Buxar,Buxar,Community Development,MPLADS Constituency Works Allocation for Buxar (Ashwini Kumar Choubey),2019-06-01,,9.52,8.61,17.0,9.5,1.12,In Progress,,0
LS17_0047,17th Lok Sabha (2019-2024),Lok Sabha,17,Ashok Kumar Yadav,National / Multi-State,Madhubani,Madhubani,Community Development,MPLADS Constituency Works Allocation for Madhubani (Ashok Kumar Yadav),2019-06-01,,14.33,13.96,17.0,9.5,1.34,In Progress,,0
LS17_0048,17th Lok Sabha (2019-2024),Lok Sabha,17,Kaushalendra Kumar,National / Multi-State,Nalanda,Nalanda,Community Development,MPLADS Constituency Works Allocation for Nalanda (Kaushalendra Kumar),2019-06-01,,10.48,8.88,17.0,7.0,0.93,In Progress,,0
LS17_0049,17th Lok Sabha (2019-2024),Lok Sabha,17,Mahabali Singh,National / Multi-State,Karakat,Karakat,Community Development,MPLADS Constituency Works Allocation for Karakat (Mahabali Singh),2019-06-01,,15.28,13.15,17.0,9.5,2.87,In Progress,,0
LS17_0050,17th Lok Sabha (2019-2024),Lok Sabha,17,Ajay Nishad,National / Multi-State,Muzaffarpur,Muzaffarpur,Community Development,MPLADS Constituency Works Allocation for Muzaffarpur (Ajay Nishad),2019-06-01,,13.12,12.87,17.0,12.0,0.27,In Progress,,0
LS17_0051,17th Lok Sabha (2019-2024),Lok Sabha,17,Raj Kumar Singh,National / Multi-State,Arrah,Arrah,Community Development,MPLADS Constituency Works Allocation for Arrah (Raj Kumar Singh),2019-06-01,,1.91,0.0,17.0,2.5,2.8,Sanctioned,,0
LS17_0052,17th Lok Sabha (2019-2024),Lok Sabha,17,Giridhari Yadav,National / Multi-State,Banka,Banka,Community Development,MPLADS Constituency Works Allocation for Banka (Giridhari Yadav),2019-06-01,,9.62,8.3,17.0,9.5,1.35,In Progress,,0
LS17_0053,17th Lok Sabha (2019-2024),Lok Sabha,17,Prince Raj,National / Multi-State,Samastipur(Sc),Samastipur(Sc),Community Development,MPLADS Constituency Works Allocation for Samastipur(Sc) (Prince Raj),2019-06-01,,10.66,9.64,17.0,9.5,0.21,In Progress,,0
LS17_0054,17th Lok Sabha (2019-2024),Lok Sabha,17,Ajay Kumar Mandal,National / Multi-State,Bhagalpur,Bhagalpur,Community Development,MPLADS Constituency Works Allocation for Bhagalpur (Ajay Kumar Mandal),2019-06-01,,15.49,8.0,17.0,7.0,1.29,In Progress,,0
LS17_0055,17th Lok Sabha (2019-2024),Lok Sabha,17,Baidyanath Prasad Mahto,National / Multi-State,Valmiki Nagar,Valmiki Nagar,Community Development,MPLADS Constituency Works Allocation for Valmiki Nagar (Baidyanath Prasad Mahto),2019-06-01,,2.08,1.57,5.0,5.0,3.49,In Progress,,0
LS17_0056,17th Lok Sabha (2019-2024),Lok Sabha,17,Chirag Paswan,National / Multi-State,Jamui(Sc),Jamui(Sc),Community Development,MPLADS Constituency Works Allocation for Jamui(Sc) (Chirag Paswan),2019-06-01,,6.96,6.22,17.0,7.0,0.97,In Progress,,0
LS17_0057,17th Lok Sabha (2019-2024),Lok Sabha,17,Santosh Kumar,National / Multi-State,Purnea,Purnea,Community Development,MPLADS Constituency Works Allocation for Purnea (Santosh Kumar),2019-06-01,,12.07,10.44,17.0,7.0,0.06,In Progress,,0
LS17_0058,17th Lok Sabha (2019-2024),Lok Sabha,17,Ramprit Mandal,National / Multi-State,Jhanjharpur,Jhanjharpur,Community Development,MPLADS Constituency Works Allocation for Jhanjharpur (Ramprit Mandal),2019-06-01,,12.02,11.87,17.0,12.0,0.36,In Progress,,0
LS17_0059,17th Lok Sabha (2019-2024),Lok Sabha,17,Giriraj Singh,National / Multi-State,Begusarai,Begusarai,Community Development,MPLADS Constituency Works Allocation for Begusarai (Giriraj Singh),2019-06-01,2024-05-31,5.83,5.88,17.0,7.0,1.43,Completed,,0
LS17_0060,17th Lok Sabha (2019-2024),Lok Sabha,17,Sushil Kumar Singh,National / Multi-State,Aurangabad,Aurangabad,Community Development,MPLADS Constituency Works Allocation for Aurangabad (Sushil Kumar Singh),2019-06-01,,5.28,4.31,17.0,5.0,1.0,In Progress,,0
LS17_0061,17th Lok Sabha (2019-2024),Lok Sabha,17,Rajiv Pratap Rudy,National / Multi-State,Saran,Saran,Community Development,MPLADS Constituency Works Allocation for Saran (Rajiv Pratap Rudy),2019-06-01,,4.81,2.43,34.5,5.0,2.88,In Progress,,0
LS17_0062,17th Lok Sabha (2019-2024),Lok Sabha,17,Nityanand Rai,National / Multi-State,Ujjarpur,Ujjarpur,Community Development,MPLADS Constituency Works Allocation for Ujjarpur (Nityanand Rai),2019-06-01,,9.26,6.71,17.0,7.0,2.4,In Progress,,0
LS17_0063,17th Lok Sabha (2019-2024),Lok Sabha,17,Sanjay Jaiswal,National / Multi-State,Paschim Champaran,Paschim Champaran,Community Development,MPLADS Constituency Works Allocation for Paschim Champaran (Sanjay Jaiswal),2019-06-01,,5.3,4.89,17.0,5.0,0.33,In Progress,,0
LS17_0064,17th Lok Sabha (2019-2024),Lok Sabha,17,Dulal Chandra Goswami,National / Multi-State,Katihar,Katihar,Community Development,MPLADS Constituency Works Allocation for Katihar (Dulal Chandra Goswami),2019-06-01,,12.8,10.39,17.0,12.0,1.89,In Progress,,0
LS17_0065,17th Lok Sabha (2019-2024),Lok Sabha,17,Chhedi Paswan,National / Multi-State,Sasaram(Sc),Sasaram(Sc),Community Development,MPLADS Constituency Works Allocation for Sasaram(Sc) (Chhedi Paswan),2019-06-01,,13.49,12.87,17.0,12.0,0.78,In Progress,,0
LS17_0066,17th Lok Sabha (2019-2024),Lok Sabha,17,Pradeep Kumar Singh,National / Multi-State,Araria,Araria,Community Development,MPLADS Constituency Works Allocation for Araria (Pradeep Kumar Singh),2019-06-01,,15.52,8.98,17.0,7.0,0.03,In Progress,,0
LS17_0067,17th Lok Sabha (2019-2024),Lok Sabha,17,Sunil Kumar,National / Multi-State,Valmiki Nagar,Valmiki Nagar,Community Development,MPLADS Constituency Works Allocation for Valmiki Nagar (Sunil Kumar),2019-06-01,,8.02,6.61,12.0,4.5,1.06,In Progress,,0
LS17_0068,17th Lok Sabha (2019-2024),Lok Sabha,17,Ram Kripal Yadav,National / Multi-State,Pataliputra,Pataliputra,Community Development,MPLADS Constituency Works Allocation for Pataliputra (Ram Kripal Yadav),2019-06-01,,5.18,2.21,17.0,5.0,2.98,In Progress,,0
LS17_0069,17th Lok Sabha (2019-2024),Lok Sabha,17,Mehboob Ali Kaiser,National / Multi-State,Khagaria,Khagaria,Community Development,MPLADS Constituency Works Allocation for Khagaria (Mehboob Ali Kaiser),2019-06-01,2024-05-31,11.93,11.93,17.0,12.0,0.76,Completed,,0
LS17_0070,17th Lok Sabha (2019-2024),Lok Sabha,17,Chandeshwar Prasad,National / Multi-State,Jahanabad,Jahanabad,Community Development,MPLADS Constituency Works Allocation for Jahanabad (Chandeshwar Prasad),2019-06-01,,6.66,6.49,17.0,7.0,0.84,In Progress,,0
LS17_0071,17th Lok Sabha (2019-2024),Lok Sabha,17,Dileshwar Kamait,National / Multi-State,Supaul,Supaul,Community Development,MPLADS Constituency Works Allocation for Supaul (Dileshwar Kamait),2019-06-01,,18.8,15.42,17.0,12.0,0.14,In Progress,,0
LS17_0072,17th Lok Sabha (2019-2024),Lok Sabha,17,Rajiv Ranjan (Lalan) Singh,National / Multi-State,Munger,Munger,Community Development,MPLADS Constituency Works Allocation for Munger (Rajiv Ranjan (Lalan) Singh),2019-06-01,,6.32,4.93,17.0,7.0,2.28,In Progress,,0
LS17_0073,17th Lok Sabha (2019-2024),Lok Sabha,17,Pashupati Kumar Paras,National / Multi-State,Hajipur(Sc),Hajipur(Sc),Community Development,MPLADS Constituency Works Allocation for Hajipur(Sc) (Pashupati Kumar Paras),2019-06-01,,13.2,9.29,17.0,9.5,1.8,In Progress,,0
LS17_0074,17th Lok Sabha (2019-2024),Lok Sabha,17,Kavita Singh,National / Multi-State,Siwan,Siwan,Community Development,MPLADS Constituency Works Allocation for Siwan (Kavita Singh),2019-06-01,,12.59,6.82,17.0,7.0,0.47,In Progress,,0
LS17_0075,17th Lok Sabha (2019-2024),Lok Sabha,17,Veena Devi,National / Multi-State,Vaishali,Vaishali,Community Development,MPLADS Constituency Works Allocation for Vaishali (Veena Devi),2019-06-01,,5.79,5.11,17.0,5.0,0.09,In Progress,,0
LS17_0076,17th Lok Sabha (2019-2024),Lok Sabha,17,Mohammad Jawed,National / Multi-State,Kishanganj,Kishanganj,Community Development,MPLADS Constituency Works Allocation for Kishanganj (Mohammad Jawed),2019-06-01,,11.66,8.26,19.5,9.5,1.49,In Progress,,0
LS17_0077,17th Lok Sabha (2019-2024),Lok Sabha,17,Vijay Kumar,National / Multi-State,Gaya (Sc),Gaya (Sc),Community Development,MPLADS Constituency Works Allocation for Gaya (Sc) (Vijay Kumar),2019-06-01,,9.39,8.09,17.0,9.5,1.69,In Progress,,0
LS17_0078,17th Lok Sabha (2019-2024),Lok Sabha,17,Chandan Singh,National / Multi-State,Nawada,Nawada,Community Development,MPLADS Constituency Works Allocation for Nawada (Chandan Singh),2019-06-01,,4.38,2.96,17.0,5.0,2.23,In Progress,,0
LS17_0079,17th Lok Sabha (2019-2024),Lok Sabha,17,Sunil Kumar Pintu,National / Multi-State,Sitamarhi,Sitamarhi,Community Development,MPLADS Constituency Works Allocation for Sitamarhi (Sunil Kumar Pintu),2019-06-01,,7.52,6.91,17.0,7.0,0.27,In Progress,,0
LS17_0080,17th Lok Sabha (2019-2024),Lok Sabha,17,Radha Mohan Singh,National / Multi-State,Purvi Champaran,Purvi Champaran,Community Development,MPLADS Constituency Works Allocation for Purvi Champaran (Radha Mohan Singh),2019-06-01,,9.67,7.16,17.0,7.0,2.89,In Progress,,0
LS17_0081,17th Lok Sabha (2019-2024),Lok Sabha,17,Alok Kumar Suman,National / Multi-State,Gopalganj (Sc),Gopalganj (Sc),Community Development,MPLADS Constituency Works Allocation for Gopalganj (Sc) (Alok Kumar Suman),2019-06-01,,10.25,9.46,17.0,9.5,1.75,In Progress,,0
LS17_0082,17th Lok Sabha (2019-2024),Lok Sabha,17,Janardan Singh Sigriwal,National / Multi-State,Maharajganj,Maharajganj,Community Development,MPLADS Constituency Works Allocation for Maharajganj (Janardan Singh Sigriwal),2019-06-01,2024-05-31,4.78,5.19,17.0,5.0,0.02,Completed,,0
LS17_0083,17th Lok Sabha (2019-2024),Lok Sabha,17,Gopal Jee Thakur,National / Multi-State,Darbhanga,Darbhanga,Community Development,MPLADS Constituency Works Allocation for Darbhanga (Gopal Jee Thakur),2019-06-01,,6.3,3.64,17.0,5.0,1.72,In Progress,,0
LS17_0084,17th Lok Sabha (2019-2024),Lok Sabha,17,Rama Devi,National / Multi-State,Sheohar,Sheohar,Community Development,MPLADS Constituency Works Allocation for Sheohar (Rama Devi),2019-06-01,,9.12,8.71,17.0,9.5,0.98,In Progress,,0
LS17_0085,17th Lok Sabha (2019-2024),Lok Sabha,17,Kirron Kher,National / Multi-State,Chandigarh,Chandigarh,Community Development,MPLADS Constituency Works Allocation for Chandigarh (Kirron Kher),2019-06-01,,15.79,11.53,17.0,7.0,0.17,In Progress,,0
LS17_0086,17th Lok Sabha (2019-2024),Lok Sabha,17,Jyotsna Charandas Mahant,National / Multi-State,Korba,Korba,Community Development,MPLADS Constituency Works Allocation for Korba (Jyotsna Charandas Mahant),2019-06-01,,13.0,11.82,17.0,12.0,0.77,In Progress,,0
LS17_0087,17th Lok Sabha (2019-2024),Lok Sabha,17,Mohan Mandavi,National / Multi-State,Kanker(St),Kanker(St),Community Development,MPLADS Constituency Works Allocation for Kanker(St) (Mohan Mandavi),2019-06-01,,9.16,9.04,17.0,9.5,0.51,In Progress,,0
LS17_0088,17th Lok Sabha (2019-2024),Lok Sabha,17,Santosh Pandey,National / Multi-State,Rajnandgaon,Rajnandgaon,Community Development,MPLADS Constituency Works Allocation for Rajnandgaon (Santosh Pandey),2019-06-01,2024-05-31,10.23,10.42,17.0,9.5,0.83,Completed,,0
LS17_0089,17th Lok Sabha (2019-2024),Lok Sabha,17,Sunil Kumar Soni,National / Multi-State,Raipur,Raipur,Community Development,MPLADS Constituency Works Allocation for Raipur (Sunil Kumar Soni),2019-06-01,,6.98,5.43,17.0,7.0,2.59,In Progress,,0
LS17_0090,17th Lok Sabha (2019-2024),Lok Sabha,17,Gomati Sai,National / Multi-State,Raigarh(St),Raigarh(St),Community Development,MPLADS Constituency Works Allocation for Raigarh(St) (Gomati Sai),2019-06-01,,12.19,11.68,17.0,12.0,1.28,In Progress,,0
LS17_0091,17th Lok Sabha (2019-2024),Lok Sabha,17,Guharam Ajgalley,National / Multi-State,Janjgir Champa(Sc),Janjgir Champa(Sc),Community Development,MPLADS Constituency Works Allocation for Janjgir Champa(Sc) (Guharam Ajgalley),2019-06-01,,12.57,11.09,17.0,12.0,2.12,In Progress,,0
LS17_0092,17th Lok Sabha (2019-2024),Lok Sabha,17,Renuka Singh Saruta,National / Multi-State,Sarguja(St),Sarguja(St),Community Development,MPLADS Constituency Works Allocation for Sarguja(St) (Renuka Singh Saruta),2019-06-01,,9.16,8.22,17.0,9.5,1.43,In Progress,,0
LS17_0093,17th Lok Sabha (2019-2024),Lok Sabha,17,Deepak Baij,National / Multi-State,Bastar(St),Bastar(St),Community Development,MPLADS Constituency Works Allocation for Bastar(St) (Deepak Baij),2019-06-01,,18.22,11.91,17.0,9.5,0.38,In Progress,,0
LS17_0094,17th Lok Sabha (2019-2024),Lok Sabha,17,Chunni Lal Sahu,National / Multi-State,Mahasamund,Mahasamund,Community Development,MPLADS Constituency Works Allocation for Mahasamund (Chunni Lal Sahu),2019-06-01,,12.65,11.61,17.0,12.0,1.97,In Progress,,0
LS17_0095,17th Lok Sabha (2019-2024),Lok Sabha,17,Vijay Baghel,National / Multi-State,Durg,Durg,Community Development,MPLADS Constituency Works Allocation for Durg (Vijay Baghel),2019-06-01,,10.2,9.79,17.0,9.5,0.65,In Progress,,0
LS17_0096,17th Lok Sabha (2019-2024),Lok Sabha,17,Arun Sao,National / Multi-State,Bilaspur,Bilaspur,Community Development,MPLADS Constituency Works Allocation for Bilaspur (Arun Sao),2019-06-01,,10.6,8.93,17.0,9.5,2.46,In Progress,,0
LS17_0097,17th Lok Sabha (2019-2024),Lok Sabha,17,Kalaben Mohanbhai Delkar &,National / Multi-State,Dadra Nagar Haveli (St),Dadra Nagar Haveli (St),Community Development,MPLADS Constituency Works Allocation for Dadra Nagar Haveli (St) (Kalaben Mohanbhai Delkar &),2019-06-01,,0.17,0.02,12.0,2.0,2.93,In Progress,,0
LS17_0098,17th Lok Sabha (2019-2024),Lok Sabha,17,Mohanbhai Sanjibhai Delkar-Ex &,National / Multi-State,Dadra Nagar Haveli (St),Dadra Nagar Haveli (St),Community Development,MPLADS Constituency Works Allocation for Dadra Nagar Haveli (St) (Mohanbhai Sanjibhai Delkar-Ex &),2019-06-01,2024-05-31,1.78,2.61,10.0,2.5,0.0,Completed,,0
LS17_0099,17th Lok Sabha (2019-2024),Lok Sabha,17,Lalubhai Babubhai Patel &,National / Multi-State,Daman Diu,Daman Diu,Community Development,MPLADS Constituency Works Allocation for Daman Diu (Lalubhai Babubhai Patel &),2019-06-01,,7.14,5.03,17.0,7.0,2.25,In Progress,,0
LS17_0100,17th Lok Sabha (2019-2024),Lok Sabha,17,Parvesh Sahib Singh,National / Multi-State,West Delhi,West Delhi,Community Development,MPLADS Constituency Works Allocation for West Delhi (Parvesh Sahib Singh),2019-06-01,,16.87,4.6,17.0,5.0,0.69,In Progress,,0
LS17_0101,17th Lok Sabha (2019-2024),Lok Sabha,17,Gautam Gambhir,National / Multi-State,East Delhi,East Delhi,Community Development,MPLADS Constituency Works Allocation for East Delhi (Gautam Gambhir),2019-06-01,,17.61,9.01,17.0,7.0,0.25,In Progress,,0
LS17_0102,17th Lok Sabha (2019-2024),Lok Sabha,17,Meenakashi Lekhi,National / Multi-State,New Delhi,New Delhi,Community Development,MPLADS Constituency Works Allocation for New Delhi (Meenakashi Lekhi),2019-06-01,,16.92,7.27,17.0,7.0,0.0,In Progress,,0
LS17_0103,17th Lok Sabha (2019-2024),Lok Sabha,17,Harsh Vardhan,National / Multi-State,Chandini Chowk,Chandini Chowk,Community Development,MPLADS Constituency Works Allocation for Chandini Chowk (Harsh Vardhan),2019-06-01,,17.99,6.63,22.0,7.5,1.31,In Progress,,0
LS17_0104,17th Lok Sabha (2019-2024),Lok Sabha,17,Ramesh Bidhuri,National / Multi-State,South Delhi,South Delhi,Community Development,MPLADS Constituency Works Allocation for South Delhi (Ramesh Bidhuri),2019-06-01,,14.24,5.89,17.0,7.0,1.55,In Progress,,0
LS17_0105,17th Lok Sabha (2019-2024),Lok Sabha,17,Raj Hans Hans,National / Multi-State,North West Delhi(Sc),North West Delhi(Sc),Community Development,MPLADS Constituency Works Allocation for North West Delhi(Sc) (Raj Hans Hans),2019-06-01,,12.45,5.11,17.0,5.0,0.2,In Progress,,0
LS17_0106,17th Lok Sabha (2019-2024),Lok Sabha,17,Manoj Kumar Tiwari,National / Multi-State,North East Delhi,North East Delhi,Community Development,MPLADS Constituency Works Allocation for North East Delhi (Manoj Kumar Tiwari),2019-06-01,,9.64,6.02,17.0,7.0,2.74,In Progress,,0
LS17_0107,17th Lok Sabha (2019-2024),Lok Sabha,17,Francisco Cosme Sardinha,National / Multi-State,South Goa,South Goa,Community Development,MPLADS Constituency Works Allocation for South Goa (Francisco Cosme Sardinha),2019-06-01,,10.95,7.27,17.0,7.0,0.25,In Progress,,0
LS17_0108,17th Lok Sabha (2019-2024),Lok Sabha,17,Shripad Yesso Naik,National / Multi-State,North Goa,North Goa,Community Development,MPLADS Constituency Works Allocation for North Goa (Shripad Yesso Naik),2019-06-01,,8.03,4.39,17.0,5.0,0.94,In Progress,,0
LS17_0109,17th Lok Sabha (2019-2024),Lok Sabha,17,Devusinh Jesingbhai Chauhan,National / Multi-State,Kheda,Kheda,Community Development,MPLADS Constituency Works Allocation for Kheda (Devusinh Jesingbhai Chauhan),2019-06-01,,6.93,6.92,17.0,7.0,2.35,In Progress,,0
LS17_0110,17th Lok Sabha (2019-2024),Lok Sabha,17,Gitaben Vajesingbhai Rathva,National / Multi-State,Chhota Udaipur(St),Chhota Udaipur(St),Community Development,MPLADS Constituency Works Allocation for Chhota Udaipur(St) (Gitaben Vajesingbhai Rathva),2019-06-01,,12.21,9.73,17.0,9.5,0.04,In Progress,,0
LS17_0111,17th Lok Sabha (2019-2024),Lok Sabha,17,Shardaben Anilbhai Patel,National / Multi-State,Mahesana,Mahesana,Community Development,MPLADS Constituency Works Allocation for Mahesana (Shardaben Anilbhai Patel),2019-06-01,,11.67,8.36,17.0,7.0,-0.99,In Progress,,0
LS17_0112,17th Lok Sabha (2019-2024),Lok Sabha,17,Naranbhai Bhikhabhai Kachhadiya,National / Multi-State,Amreli,Amreli,Community Development,MPLADS Constituency Works Allocation for Amreli (Naranbhai Bhikhabhai Kachhadiya),2019-06-01,,13.5,10.92,17.0,9.5,0.25,In Progress,,0
LS17_0113,17th Lok Sabha (2019-2024),Lok Sabha,17,Parbatbhai Savabhai Patel,National / Multi-State,Banaskantha,Banaskantha,Community Development,MPLADS Constituency Works Allocation for Banaskantha (Parbatbhai Savabhai Patel),2019-06-01,,10.5,8.69,17.0,9.5,1.12,In Progress,,0
LS17_0114,17th Lok Sabha (2019-2024),Lok Sabha,17,Kirit Premjibhai Solanki,National / Multi-State,Ahmedabad West(Sc),Ahmedabad West(Sc),Community Development,MPLADS Constituency Works Allocation for Ahmedabad West(Sc) (Kirit Premjibhai Solanki),2019-06-01,,11.39,9.58,17.0,9.5,0.01,In Progress,,0
LS17_0115,17th Lok Sabha (2019-2024),Lok Sabha,17,Prabhubhai Nagarbhai Vasava,National / Multi-State,Bardoli(St),Bardoli(St),Community Development,MPLADS Constituency Works Allocation for Bardoli(St) (Prabhubhai Nagarbhai Vasava),2019-06-01,,8.34,7.82,17.0,7.0,1.86,In Progress,,0
LS17_0116,17th Lok Sabha (2019-2024),Lok Sabha,17,Vinod Chavda,National / Multi-State,Kachchh(Sc),Kachchh(Sc),Community Development,MPLADS Constituency Works Allocation for Kachchh(Sc) (Vinod Chavda),2019-06-01,,15.75,9.62,17.0,9.5,2.36,In Progress,,0
LS17_0117,17th Lok Sabha (2019-2024),Lok Sabha,17,Mitesh Rameshbhai Bakabhai Patel,National / Multi-State,Anand,Anand,Community Development,MPLADS Constituency Works Allocation for Anand (Mitesh Rameshbhai Bakabhai Patel),2019-06-01,,12.82,9.23,17.0,9.5,1.9,In Progress,,0
LS17_0118,17th Lok Sabha (2019-2024),Lok Sabha,17,Amit Anil Chandra Shah,National / Multi-State,Gandhinagar,Gandhinagar,Community Development,MPLADS Constituency Works Allocation for Gandhinagar (Amit Anil Chandra Shah),2019-06-01,,7.0,6.14,17.0,9.5,3.54,In Progress,,0
LS17_0119,17th Lok Sabha (2019-2024),Lok Sabha,17,Jaswantsinh Sumanbhai Bhabhor,National / Multi-State,Dahod(St),Dahod(St),Community Development,MPLADS Constituency Works Allocation for Dahod(St) (Jaswantsinh Sumanbhai Bhabhor),2019-06-01,,6.78,6.69,17.0,7.0,0.37,In Progress,,0
LS17_0120,17th Lok Sabha (2019-2024),Lok Sabha,17,Rajeshbhai Naranbhai Chudasama,National / Multi-State,Junagadh,Junagadh,Community Development,MPLADS Constituency Works Allocation for Junagadh (Rajeshbhai Naranbhai Chudasama),2019-06-01,,12.14,9.93,17.0,7.0,1.65,In Progress,,0
LS17_0121,17th Lok Sabha (2019-2024),Lok Sabha,17,C.R. Patil,National / Multi-State,Navsari,Navsari,Community Development,MPLADS Constituency Works Allocation for Navsari (C.R. Patil),2019-06-01,,14.74,14.42,17.0,9.5,0.45,In Progress,,0
LS17_0122,17th Lok Sabha (2019-2024),Lok Sabha,17,K.C. Patel,National / Multi-State,Valsad(St),Valsad(St),Community Development,MPLADS Constituency Works Allocation for Valsad(St) (K.C. Patel),2019-06-01,,7.39,7.11,17.0,7.0,0.88,In Progress,,0
LS17_0123,17th Lok Sabha (2019-2024),Lok Sabha,17,Bharatsinhji Shankarji Dabhi,National / Multi-State,Patan,Patan,Community Development,MPLADS Constituency Works Allocation for Patan (Bharatsinhji Shankarji Dabhi),2019-06-01,,8.98,7.75,17.0,9.5,2.01,In Progress,,0
LS17_0124,17th Lok Sabha (2019-2024),Lok Sabha,17,Mohanbhai Kalyanji Kundariya,National / Multi-State,Rajkot,Rajkot,Community Development,MPLADS Constituency Works Allocation for Rajkot (Mohanbhai Kalyanji Kundariya),2019-06-01,,9.43,8.52,17.0,5.0,0.89,In Progress,,0
LS17_0125,17th Lok Sabha (2019-2024),Lok Sabha,17,Ranjanben Dhananjay Bhatt,National / Multi-State,Vadodara,Vadodara,Community Development,MPLADS Constituency Works Allocation for Vadodara (Ranjanben Dhananjay Bhatt),2019-06-01,,12.92,12.62,17.0,9.5,1.99,In Progress,,0
LS17_0126,17th Lok Sabha (2019-2024),Lok Sabha,17,Mansukhbhai Dhanjibhai Vasava,National / Multi-State,Bharuch,Bharuch,Community Development,MPLADS Constituency Works Allocation for Bharuch (Mansukhbhai Dhanjibhai Vasava),2019-06-01,,10.87,9.63,17.0,9.5,0.57,In Progress,,0
LS17_0127,17th Lok Sabha (2019-2024),Lok Sabha,17,Darshana Vikram Jardosh,National / Multi-State,Surat,Surat,Community Development,MPLADS Constituency Works Allocation for Surat (Darshana Vikram Jardosh),2019-06-01,,9.41,9.25,17.0,9.5,0.56,In Progress,,0
LS17_0128,17th Lok Sabha (2019-2024),Lok Sabha,17,Poonamben Hematbhai Maadam,National / Multi-State,Jamnagar,Jamnagar,Community Development,MPLADS Constituency Works Allocation for Jamnagar (Poonamben Hematbhai Maadam),2019-06-01,,9.33,7.62,17.0,9.5,2.19,In Progress,,0
LS17_0129,17th Lok Sabha (2019-2024),Lok Sabha,17,Mahendrabhai Kalubhai Munjpara,National / Multi-State,Surendranagar,Surendranagar,Community Development,MPLADS Constituency Works Allocation for Surendranagar (Mahendrabhai Kalubhai Munjpara),2019-06-01,,6.88,6.81,17.0,7.0,0.61,In Progress,,0
LS17_0130,17th Lok Sabha (2019-2024),Lok Sabha,17,Hasmukh Bhai Soma Bhai Patel,National / Multi-State,Ahmedabad East,Ahmedabad East,Community Development,MPLADS Constituency Works Allocation for Ahmedabad East (Hasmukh Bhai Soma Bhai Patel),2019-06-01,,10.49,8.83,17.0,9.5,0.89,In Progress,,0
LS17_0131,17th Lok Sabha (2019-2024),Lok Sabha,17,Bharatiben Dhirubhai Shyal,National / Multi-State,Bhavnagar,Bhavnagar,Community Development,MPLADS Constituency Works Allocation for Bhavnagar (Bharatiben Dhirubhai Shyal),2019-06-01,,11.82,9.76,17.0,7.0,0.19,In Progress,,0
LS17_0132,17th Lok Sabha (2019-2024),Lok Sabha,17,Dipsinh Shankarsinh Rathod,National / Multi-State,Sabarkantha,Sabarkantha,Community Development,MPLADS Constituency Works Allocation for Sabarkantha (Dipsinh Shankarsinh Rathod),2019-06-01,,11.28,9.0,17.0,9.5,0.69,In Progress,,0
LS17_0133,17th Lok Sabha (2019-2024),Lok Sabha,17,Rameshbhai Lavjibhai Dhaduk,National / Multi-State,Porbandar,Porbandar,Community Development,MPLADS Constituency Works Allocation for Porbandar (Rameshbhai Lavjibhai Dhaduk),2019-06-01,,13.36,12.82,17.0,9.5,0.16,In Progress,,0
LS17_0134,17th Lok Sabha (2019-2024),Lok Sabha,17,Ratansinh Magansinh Rathod,National / Multi-State,Panchmahal,Panchmahal,Community Development,MPLADS Constituency Works Allocation for Panchmahal (Ratansinh Magansinh Rathod),2019-06-01,,6.78,6.47,17.0,7.0,0.75,In Progress,,0
LS17_0135,17th Lok Sabha (2019-2024),Lok Sabha,17,Krishan Pal Gurjar,National / Multi-State,Faridabad,Faridabad,Community Development,MPLADS Constituency Works Allocation for Faridabad (Krishan Pal Gurjar),2019-06-01,,5.76,2.93,17.0,5.0,2.93,In Progress,,0
LS17_0136,17th Lok Sabha (2019-2024),Lok Sabha,17,Sunita Duggal,National / Multi-State,Sirsa(Sc),Sirsa(Sc),Community Development,MPLADS Constituency Works Allocation for Sirsa(Sc) (Sunita Duggal),2019-06-01,,9.57,6.87,17.0,9.5,2.84,In Progress,,0
LS17_0137,17th Lok Sabha (2019-2024),Lok Sabha,17,Arvind Kumar Sharma,National / Multi-State,Rohtak,Rohtak,Community Development,MPLADS Constituency Works Allocation for Rohtak (Arvind Kumar Sharma),2019-06-01,,5.0,2.52,17.0,5.0,2.68,In Progress,,0
LS17_0138,17th Lok Sabha (2019-2024),Lok Sabha,17,Ramesh Chander Kaushik,National / Multi-State,Sonepat,Sonepat,Community Development,MPLADS Constituency Works Allocation for Sonepat (Ramesh Chander Kaushik),2019-06-01,,9.05,7.14,17.0,9.5,2.96,In Progress,,0
LS17_0139,17th Lok Sabha (2019-2024),Lok Sabha,17,Dharambir Singh,National / Multi-State,Bhiwani Mahendragarh,Bhiwani Mahendragarh,Community Development,MPLADS Constituency Works Allocation for Bhiwani Mahendragarh (Dharambir Singh),2019-06-01,,13.35,11.99,17.0,12.0,1.6,In Progress,,0
LS17_0140,17th Lok Sabha (2019-2024),Lok Sabha,17,Brijendra Singh,National / Multi-State,Hisar,Hisar,Community Development,MPLADS Constituency Works Allocation for Hisar (Brijendra Singh),2019-06-01,,7.72,4.97,17.0,7.0,2.26,In Progress,,0
LS17_0141,17th Lok Sabha (2019-2024),Lok Sabha,17,Nayab Singh,National / Multi-State,Kurukshetra,Kurukshetra,Community Development,MPLADS Constituency Works Allocation for Kurukshetra (Nayab Singh),2019-06-01,,9.9,7.3,17.0,9.5,2.94,In Progress,,0
LS17_0142,17th Lok Sabha (2019-2024),Lok Sabha,17,Rao Inderjit Singh,National / Multi-State,Gurgaon,Gurgaon,Community Development,MPLADS Constituency Works Allocation for Gurgaon (Rao Inderjit Singh),2019-06-01,,6.47,5.68,17.0,7.0,1.83,In Progress,,0
LS17_0143,17th Lok Sabha (2019-2024),Lok Sabha,17,Rattan Lal Kataria,National / Multi-State,Ambala (Sc),Ambala (Sc),Community Development,MPLADS Constituency Works Allocation for Ambala (Sc) (Rattan Lal Kataria),2019-06-01,,5.1,2.71,17.0,7.0,4.5,In Progress,,0
LS17_0144,17th Lok Sabha (2019-2024),Lok Sabha,17,Sanjay Bhatia,National / Multi-State,Karnal,Karnal,Community Development,MPLADS Constituency Works Allocation for Karnal (Sanjay Bhatia),2019-06-01,,11.15,9.35,22.0,10.0,2.16,In Progress,,0
LS17_0145,17th Lok Sabha (2019-2024),Lok Sabha,17,Kishan Kapoor,National / Multi-State,Kangra,Kangra,Community Development,MPLADS Constituency Works Allocation for Kangra (Kishan Kapoor),2019-06-01,,8.64,6.88,17.0,7.0,2.75,In Progress,,0
LS17_0146,17th Lok Sabha (2019-2024),Lok Sabha,17,Pratibha Singh,National / Multi-State,Mandi,Mandi,Community Development,MPLADS Constituency Works Allocation for Mandi (Pratibha Singh),2019-06-01,,5.17,3.16,12.0,4.5,2.44,In Progress,,0
LS17_0147,17th Lok Sabha (2019-2024),Lok Sabha,17,Suresh Kumar Kashyap,National / Multi-State,Shimla (Sc),Shimla (Sc),Community Development,MPLADS Constituency Works Allocation for Shimla (Sc) (Suresh Kumar Kashyap),2019-06-01,,12.81,11.88,17.0,9.5,1.12,In Progress,,0
LS17_0148,17th Lok Sabha (2019-2024),Lok Sabha,17,Ram Swaroop Sharma-Ex,National / Multi-State,Mandi,Mandi,Community Development,MPLADS Constituency Works Allocation for Mandi (Ram Swaroop Sharma-Ex),2019-06-01,,4.75,3.03,10.0,2.5,2.32,In Progress,,0
LS17_0149,17th Lok Sabha (2019-2024),Lok Sabha,17,Anurag Singh Thakur,National / Multi-State,Hamirpur,Hamirpur,Community Development,MPLADS Constituency Works Allocation for Hamirpur (Anurag Singh Thakur),2019-06-01,,9.88,7.77,17.0,7.0,2.33,In Progress,,0
LS17_0150,17th Lok Sabha (2019-2024),Lok Sabha,17,Mohammad Akbar Lone,National / Multi-State,Baramullah,Baramullah,Community Development,MPLADS Constituency Works Allocation for Baramullah (Mohammad Akbar Lone),2019-06-01,,12.73,8.08,17.0,9.5,1.45,In Progress,,0
LS17_0151,17th Lok Sabha (2019-2024),Lok Sabha,17,Jitendra Singh,National / Multi-State,Udhampur,Udhampur,Community Development,MPLADS Constituency Works Allocation for Udhampur (Jitendra Singh),2019-06-01,,10.68,7.18,17.0,9.5,2.5,In Progress,,0
LS17_0152,17th Lok Sabha (2019-2024),Lok Sabha,17,Hasnain Masoodi,National / Multi-State,Anantnag,Anantnag,Community Development,MPLADS Constituency Works Allocation for Anantnag (Hasnain Masoodi),2019-06-01,,8.4,5.78,17.0,7.0,2.68,In Progress,,0
LS17_0153,17th Lok Sabha (2019-2024),Lok Sabha,17,Jugal Kishore Sharma,National / Multi-State,Jammu,Jammu,Community Development,MPLADS Constituency Works Allocation for Jammu (Jugal Kishore Sharma),2019-06-01,,12.01,6.85,17.0,9.5,2.77,In Progress,,0
LS17_0154,17th Lok Sabha (2019-2024),Lok Sabha,17,Farooq Abdullah,National / Multi-State,Srinagar,Srinagar,Community Development,MPLADS Constituency Works Allocation for Srinagar (Farooq Abdullah),2019-06-01,,10.48,7.82,17.0,9.5,2.96,In Progress,,0
LS17_0155,17th Lok Sabha (2019-2024),Lok Sabha,17,Nishikant Dubey,National / Multi-State,Godda,Godda,Community Development,MPLADS Constituency Works Allocation for Godda (Nishikant Dubey),2019-06-01,,0.0,0.0,17.0,2.5,2.5,Allocated,,0
LS17_0156,17th Lok Sabha (2019-2024),Lok Sabha,17,Chandra Prakash Choudhary,National / Multi-State,Giridih,Giridih,Community Development,MPLADS Constituency Works Allocation for Giridih (Chandra Prakash Choudhary),2019-06-01,,6.78,6.24,17.0,7.0,0.87,In Progress,,0
LS17_0157,17th Lok Sabha (2019-2024),Lok Sabha,17,Sudarshan Bhagat,National / Multi-State,Lohardaga(St),Lohardaga(St),Community Development,MPLADS Constituency Works Allocation for Lohardaga(St) (Sudarshan Bhagat),2019-06-01,,12.08,11.97,17.0,12.0,0.17,In Progress,,0
LS17_0158,17th Lok Sabha (2019-2024),Lok Sabha,17,Vishnu Dayal Ram,National / Multi-State,Palamu(Sc),Palamu(Sc),Community Development,MPLADS Constituency Works Allocation for Palamu(Sc) (Vishnu Dayal Ram),2019-06-01,,10.21,8.72,17.0,9.5,1.48,In Progress,,0
LS17_0159,17th Lok Sabha (2019-2024),Lok Sabha,17,Pashupati Nath Singh,National / Multi-State,Dhanbad,Dhanbad,Community Development,MPLADS Constituency Works Allocation for Dhanbad (Pashupati Nath Singh),2019-06-01,,12.0,9.64,17.0,9.5,2.6,In Progress,,0
LS17_0160,17th Lok Sabha (2019-2024),Lok Sabha,17,Arjun Munda,National / Multi-State,Khunti(St),Khunti(St),Community Development,MPLADS Constituency Works Allocation for Khunti(St) (Arjun Munda),2019-06-01,,9.64,9.55,17.0,9.5,0.09,In Progress,,0
LS17_0161,17th Lok Sabha (2019-2024),Lok Sabha,17,Sanjay Seth,National / Multi-State,Ranchi,Ranchi,Community Development,MPLADS Constituency Works Allocation for Ranchi (Sanjay Seth),2019-06-01,,14.78,14.16,17.0,12.0,0.43,In Progress,,0
LS17_0162,17th Lok Sabha (2019-2024),Lok Sabha,17,Vijay Kumar Hansdak,National / Multi-State,Rajmahal(St),Rajmahal(St),Community Development,MPLADS Constituency Works Allocation for Rajmahal(St) (Vijay Kumar Hansdak),2019-06-01,,11.93,11.73,22.0,9.5,0.4,In Progress,,0
LS17_0163,17th Lok Sabha (2019-2024),Lok Sabha,17,Geeta Kora,National / Multi-State,Singhbhum(St),Singhbhum(St),Community Development,MPLADS Constituency Works Allocation for Singhbhum(St) (Geeta Kora),2019-06-01,,7.22,6.13,17.0,7.0,1.18,In Progress,,0
LS17_0164,17th Lok Sabha (2019-2024),Lok Sabha,17,Bidyut Baran Mahato,National / Multi-State,Jamshedpur,Jamshedpur,Community Development,MPLADS Constituency Works Allocation for Jamshedpur (Bidyut Baran Mahato),2019-06-01,2024-05-31,8.94,9.13,17.0,9.5,0.54,Completed,,0
LS17_0165,17th Lok Sabha (2019-2024),Lok Sabha,17,Sunil Soren,National / Multi-State,Dumka(St),Dumka(St),Community Development,MPLADS Constituency Works Allocation for Dumka(St) (Sunil Soren),2019-06-01,,9.5,8.17,17.0,7.0,0.57,In Progress,,0
LS17_0166,17th Lok Sabha (2019-2024),Lok Sabha,17,Jayant Sinha,National / Multi-State,Hazaribagh,Hazaribagh,Community Development,MPLADS Constituency Works Allocation for Hazaribagh (Jayant Sinha),2019-06-01,,9.36,8.59,17.0,9.5,1.14,In Progress,,0
LS17_0167,17th Lok Sabha (2019-2024),Lok Sabha,17,Annpurna Devi,National / Multi-State,Kodarma,Kodarma,Community Development,MPLADS Constituency Works Allocation for Kodarma (Annpurna Devi),2019-06-01,,9.13,7.73,17.0,9.5,1.95,In Progress,,0
LS17_0168,17th Lok Sabha (2019-2024),Lok Sabha,17,Sunil Kumar Singh,National / Multi-State,Chatra,Chatra,Community Development,MPLADS Constituency Works Allocation for Chatra (Sunil Kumar Singh),2019-06-01,,14.96,12.93,19.5,12.0,2.61,In Progress,,0
LS17_0169,17th Lok Sabha (2019-2024),Lok Sabha,17,V. Srinivas Prasad,National / Multi-State,Chamarajanagar(Sc),Chamarajanagar(Sc),Community Development,MPLADS Constituency Works Allocation for Chamarajanagar(Sc) (V. Srinivas Prasad),2019-06-01,,11.47,11.39,17.0,9.5,0.46,In Progress,,0
LS17_0170,17th Lok Sabha (2019-2024),Lok Sabha,17,Umesh Jadhav,National / Multi-State,Gulbarga(Sc),Gulbarga(Sc),Community Development,MPLADS Constituency Works Allocation for Gulbarga(Sc) (Umesh Jadhav),2019-06-01,,6.91,4.1,17.0,2.5,3.11,In Progress,,0
LS17_0171,17th Lok Sabha (2019-2024),Lok Sabha,17,Nalin Kumar Kateel,National / Multi-State,Dakshina Kannada,Dakshina Kannada,Community Development,MPLADS Constituency Works Allocation for Dakshina Kannada (Nalin Kumar Kateel),2019-06-01,,10.0,9.52,17.0,9.5,0.99,In Progress,,0
LS17_0172,17th Lok Sabha (2019-2024),Lok Sabha,17,P.C. Mohan,National / Multi-State,Bangalore Central,Bangalore Central,Community Development,MPLADS Constituency Works Allocation for Bangalore Central (P.C. Mohan),2019-06-01,,7.8,6.83,17.0,7.0,0.89,In Progress,,0
LS17_0173,17th Lok Sabha (2019-2024),Lok Sabha,17,Mangal Suresh Angadi,National / Multi-State,Belgaum,Belgaum,Community Development,MPLADS Constituency Works Allocation for Belgaum (Mangal Suresh Angadi),2019-06-01,,2.1,1.68,12.0,2.0,0.61,In Progress,,0
LS17_0174,17th Lok Sabha (2019-2024),Lok Sabha,17,Shobha Karandlaje,National / Multi-State,Udupi Chikmagalur,Udupi Chikmagalur,Community Development,MPLADS Constituency Works Allocation for Udupi Chikmagalur (Shobha Karandlaje),2019-06-01,,6.84,6.43,17.0,7.0,1.11,In Progress,,0
LS17_0175,17th Lok Sabha (2019-2024),Lok Sabha,17,Prajwal Revanna,National / Multi-State,Hassan,Hassan,Community Development,MPLADS Constituency Works Allocation for Hassan (Prajwal Revanna),2019-06-01,,14.79,14.21,24.5,14.5,1.59,In Progress,,0
LS17_0176,17th Lok Sabha (2019-2024),Lok Sabha,17,Pralhad Venkatesh Joshi,National / Multi-State,Dharwad,Dharwad,Community Development,MPLADS Constituency Works Allocation for Dharwad (Pralhad Venkatesh Joshi),2019-06-01,,6.04,5.42,17.0,7.0,2.15,In Progress,,0
LS17_0177,17th Lok Sabha (2019-2024),Lok Sabha,17,Bhagwanth Khuba,National / Multi-State,Bidar,Bidar,Community Development,MPLADS Constituency Works Allocation for Bidar (Bhagwanth Khuba),2019-06-01,,15.94,14.27,17.0,9.5,0.65,In Progress,,0
LS17_0178,17th Lok Sabha (2019-2024),Lok Sabha,17,Doddaalahalli Kempegowda Suresh,National / Multi-State,Bangalore Rural,Bangalore Rural,Community Development,MPLADS Constituency Works Allocation for Bangalore Rural (Doddaalahalli Kempegowda Suresh),2019-06-01,,8.47,7.66,17.0,7.0,0.91,In Progress,,0
LS17_0179,17th Lok Sabha (2019-2024),Lok Sabha,17,Sanganna Amarappa Karadi,National / Multi-State,Koppal,Koppal,Community Development,MPLADS Constituency Works Allocation for Koppal (Sanganna Amarappa Karadi),2019-06-01,,6.86,6.46,17.0,7.0,1.31,In Progress,,0
LS17_0180,17th Lok Sabha (2019-2024),Lok Sabha,17,Parvatagouda Chandanagouda Gaddigoudar,National / Multi-State,Bagalkot,Bagalkot,Community Development,MPLADS Constituency Works Allocation for Bagalkot (Parvatagouda Chandanagouda Gaddigoudar),2019-06-01,,11.27,10.55,17.0,9.5,1.01,In Progress,,0
LS17_0181,17th Lok Sabha (2019-2024),Lok Sabha,17,Ramesh Chandappa Jigajinagi,National / Multi-State,Bijapur(Sc),Bijapur(Sc),Community Development,MPLADS Constituency Works Allocation for Bijapur(Sc) (Ramesh Chandappa Jigajinagi),2019-06-01,,19.96,3.71,17.0,5.0,2.29,In Progress,,0
LS17_0182,17th Lok Sabha (2019-2024),Lok Sabha,17,L.S. Tejasvi Surya,National / Multi-State,Bangalore South,Bangalore South,Community Development,MPLADS Constituency Works Allocation for Bangalore South (L.S. Tejasvi Surya),2019-06-01,,9.91,5.38,17.0,5.0,0.07,In Progress,,0
LS17_0183,17th Lok Sabha (2019-2024),Lok Sabha,17,Sumalatha Ambareesh,National / Multi-State,Mandya,Mandya,Community Development,MPLADS Constituency Works Allocation for Mandya (Sumalatha Ambareesh),2019-06-01,,11.88,10.76,17.0,9.5,1.54,In Progress,,0
LS17_0184,17th Lok Sabha (2019-2024),Lok Sabha,17,Annasaheb Shankar Jolle,National / Multi-State,Chikkodi,Chikkodi,Community Development,MPLADS Constituency Works Allocation for Chikkodi (Annasaheb Shankar Jolle),2019-06-01,,6.67,5.56,17.0,7.0,1.93,In Progress,,0
LS17_0185,17th Lok Sabha (2019-2024),Lok Sabha,17,Gowdar Mallikarjunappa Siddeshwara,National / Multi-State,Davanagere,Davanagere,Community Development,MPLADS Constituency Works Allocation for Davanagere (Gowdar Mallikarjunappa Siddeshwara),2019-06-01,,11.84,11.2,17.0,12.0,1.67,In Progress,,0
LS17_0186,17th Lok Sabha (2019-2024),Lok Sabha,17,Bache B.N. Gowda,National / Multi-State,Chikballapur,Chikballapur,Community Development,MPLADS Constituency Works Allocation for Chikballapur (Bache B.N. Gowda),2019-06-01,,12.62,12.52,17.0,9.5,0.35,In Progress,,0
LS17_0187,17th Lok Sabha (2019-2024),Lok Sabha,17,Y Devendrappa,National / Multi-State,Bellary(St),Bellary(St),Community Development,MPLADS Constituency Works Allocation for Bellary(St) (Y Devendrappa),2019-06-01,,8.45,8.09,17.0,7.0,0.89,In Progress,,0
LS17_0188,17th Lok Sabha (2019-2024),Lok Sabha,17,Raja Amareshwara Naik,National / Multi-State,Raichur(St),Raichur(St),Community Development,MPLADS Constituency Works Allocation for Raichur(St) (Raja Amareshwara Naik),2019-06-01,,10.57,9.57,17.0,7.0,1.17,In Progress,,0
LS17_0189,17th Lok Sabha (2019-2024),Lok Sabha,17,Anantkumar Hegde,National / Multi-State,Uttara Kannada,Uttara Kannada,Community Development,MPLADS Constituency Works Allocation for Uttara Kannada (Anantkumar Hegde),2019-06-01,,11.38,10.2,17.0,12.0,2.29,In Progress,,0
LS17_0190,17th Lok Sabha (2019-2024),Lok Sabha,17,Shivkumar Chanabasappa Udasi,National / Multi-State,Haveri,Haveri,Community Development,MPLADS Constituency Works Allocation for Haveri (Shivkumar Chanabasappa Udasi),2019-06-01,,9.65,9.6,17.0,7.0,0.18,In Progress,,0
LS17_0191,17th Lok Sabha (2019-2024),Lok Sabha,17,B.Y. Raghavendra,National / Multi-State,Shimoga,Shimoga,Community Development,MPLADS Constituency Works Allocation for Shimoga (B.Y. Raghavendra),2019-06-01,,14.35,11.7,17.0,7.0,0.29,In Progress,,0
LS17_0192,17th Lok Sabha (2019-2024),Lok Sabha,17,S. Muniswamy,National / Multi-State,Kolar(Sc),Kolar(Sc),Community Development,MPLADS Constituency Works Allocation for Kolar(Sc) (S. Muniswamy),2019-06-01,,6.2,6.09,17.0,7.0,0.99,In Progress,,0
LS17_0193,17th Lok Sabha (2019-2024),Lok Sabha,17,Gangasandra Siddappa Basavaraj,National / Multi-State,Tumkur,Tumkur,Community Development,MPLADS Constituency Works Allocation for Tumkur (Gangasandra Siddappa Basavaraj),2019-06-01,,11.29,10.59,17.0,7.0,1.08,In Progress,,0
LS17_0194,17th Lok Sabha (2019-2024),Lok Sabha,17,D.V. Sadananda Gowda,National / Multi-State,Bangalore North,Bangalore North,Community Development,MPLADS Constituency Works Allocation for Bangalore North (D.V. Sadananda Gowda),2019-06-01,,12.15,7.98,17.0,7.0,0.01,In Progress,,0
LS17_0195,17th Lok Sabha (2019-2024),Lok Sabha,17,Prathap Simha,National / Multi-State,Mysore,Mysore,Community Development,MPLADS Constituency Works Allocation for Mysore (Prathap Simha),2019-06-01,,14.46,13.79,17.0,12.0,1.03,In Progress,,0
LS17_0196,17th Lok Sabha (2019-2024),Lok Sabha,17,Suresh Chanabasappa Angadi-Ex,National / Multi-State,Belgaum,Belgaum,Community Development,MPLADS Constituency Works Allocation for Belgaum (Suresh Chanabasappa Angadi-Ex),2019-06-01,,4.7,4.0,10.0,5.0,1.18,In Progress,,0
LS17_0197,17th Lok Sabha (2019-2024),Lok Sabha,17,Narayana Swamy Abbaiah,National / Multi-State,Chitradurga(Sc),Chitradurga(Sc),Community Development,MPLADS Constituency Works Allocation for Chitradurga(Sc) (Narayana Swamy Abbaiah),2019-06-01,,8.5,7.67,17.0,7.0,1.13,In Progress,,0
LS17_0198,17th Lok Sabha (2019-2024),Lok Sabha,17,Kumbakudi Sudhakaran,National / Multi-State,Kannur,Kannur,Community Development,MPLADS Constituency Works Allocation for Kannur (Kumbakudi Sudhakaran),2019-06-01,,9.61,4.86,17.0,7.0,2.7,In Progress,,0
LS17_0199,17th Lok Sabha (2019-2024),Lok Sabha,17,K. Muraleedharan,National / Multi-State,Vadakara,Vadakara,Community Development,MPLADS Constituency Works Allocation for Vadakara (K. Muraleedharan),2019-06-01,,15.52,6.69,17.0,7.0,3.5,In Progress,,0
LS17_0200,17th Lok Sabha (2019-2024),Lok Sabha,17,Ramya Haridas,National / Multi-State,Alathur(Sc),Alathur(Sc),Community Development,MPLADS Constituency Works Allocation for Alathur(Sc) (Ramya Haridas),2019-06-01,,19.43,8.05,17.0,7.0,2.22,In Progress,,0
LS17_0201,17th Lok Sabha (2019-2024),Lok Sabha,17,N.K. Premachandran,National / Multi-State,Kollam,Kollam,Community Development,MPLADS Constituency Works Allocation for Kollam (N.K. Premachandran),2019-06-01,,19.07,10.22,17.0,9.5,2.22,In Progress,,0
LS17_0202,17th Lok Sabha (2019-2024),Lok Sabha,17,Abdul Majeed Ariff,National / Multi-State,Alappuzha,Alappuzha,Community Development,MPLADS Constituency Works Allocation for Alappuzha (Abdul Majeed Ariff),2019-06-01,,10.96,6.56,17.0,7.0,0.74,In Progress,,0
LS17_0203,17th Lok Sabha (2019-2024),Lok Sabha,17,Adoor Prakash,National / Multi-State,Attingal,Attingal,Community Development,MPLADS Constituency Works Allocation for Attingal (Adoor Prakash),2019-06-01,,17.73,7.76,17.0,7.0,0.07,In Progress,,0
LS17_0204,17th Lok Sabha (2019-2024),Lok Sabha,17,Behanan Benny,National / Multi-State,Chalakudy,Chalakudy,Community Development,MPLADS Constituency Works Allocation for Chalakudy (Behanan Benny),2019-06-01,,17.89,6.94,17.0,7.0,3.31,In Progress,,0
LS17_0205,17th Lok Sabha (2019-2024),Lok Sabha,17,Dean Kuria Kose,National / Multi-State,Idukki,Idukki,Community Development,MPLADS Constituency Works Allocation for Idukki (Dean Kuria Kose),2019-06-01,,15.47,5.69,17.0,7.0,3.69,In Progress,,0
LS17_0206,17th Lok Sabha (2019-2024),Lok Sabha,17,E.T Mohammed Basheer,National / Multi-State,Ponnani,Ponnani,Community Development,MPLADS Constituency Works Allocation for Ponnani (E.T Mohammed Basheer),2019-06-01,,15.0,4.86,17.0,7.0,2.56,In Progress,,0
LS17_0207,17th Lok Sabha (2019-2024),Lok Sabha,17,Shashi Tharoor,National / Multi-State,Thiruvananthapuram,Thiruvananthapuram,Community Development,MPLADS Constituency Works Allocation for Thiruvananthapuram (Shashi Tharoor),2019-06-01,,16.31,8.88,17.0,7.0,0.04,In Progress,,0
LS17_0208,17th Lok Sabha (2019-2024),Lok Sabha,17,Vellalath Kochukrishnan Nair Sreekandan,National / Multi-State,Palakkad,Palakkad,Community Development,MPLADS Constituency Works Allocation for Palakkad (Vellalath Kochukrishnan Nair Sreekandan),2019-06-01,,15.8,6.88,17.0,7.0,2.98,In Progress,,0
LS17_0209,17th Lok Sabha (2019-2024),Lok Sabha,17,Rajmohan Unnithan,National / Multi-State,Kasaragod,Kasaragod,Community Development,MPLADS Constituency Works Allocation for Kasaragod (Rajmohan Unnithan),2019-06-01,,11.66,7.47,19.5,7.0,0.28,In Progress,,0
LS17_0210,17th Lok Sabha (2019-2024),Lok Sabha,17,Thomas Chazhikadan,National / Multi-State,Kottayam,Kottayam,Community Development,MPLADS Constituency Works Allocation for Kottayam (Thomas Chazhikadan),2019-06-01,,12.93,7.34,17.0,7.0,0.02,In Progress,,0
LS17_0211,17th Lok Sabha (2019-2024),Lok Sabha,17,Rahul Gandhi,National / Multi-State,Wayanad,Wayanad,Community Development,MPLADS Constituency Works Allocation for Wayanad (Rahul Gandhi),2019-06-01,,17.22,8.78,17.0,7.0,1.28,In Progress,,0
LS17_0212,17th Lok Sabha (2019-2024),Lok Sabha,17,Hibi Eden,National / Multi-State,Ernakulam,Ernakulam,Community Development,MPLADS Constituency Works Allocation for Ernakulam (Hibi Eden),2019-06-01,,16.89,5.77,17.0,7.0,1.63,In Progress,,0
LS17_0213,17th Lok Sabha (2019-2024),Lok Sabha,17,M.K. Raghavan,National / Multi-State,Kozhikode,Kozhikode,Community Development,MPLADS Constituency Works Allocation for Kozhikode (M.K. Raghavan),2019-06-01,,15.41,6.38,17.0,7.0,1.99,In Progress,,0
LS17_0214,17th Lok Sabha (2019-2024),Lok Sabha,17,T N Prathapan,National / Multi-State,Thrissur,Thrissur,Community Development,MPLADS Constituency Works Allocation for Thrissur (T N Prathapan),2019-06-01,,18.62,8.05,17.0,7.0,2.04,In Progress,,0
LS17_0215,17th Lok Sabha (2019-2024),Lok Sabha,17,Anto Antony,National / Multi-State,Pathanamthitta,Pathanamthitta,Community Development,MPLADS Constituency Works Allocation for Pathanamthitta (Anto Antony),2019-06-01,,17.29,9.2,17.0,7.0,0.07,In Progress,,0
LS17_0216,17th Lok Sabha (2019-2024),Lok Sabha,17,Kunhalikutty P.K,National / Multi-State,Malappuram,Malappuram,Community Development,MPLADS Constituency Works Allocation for Malappuram (Kunhalikutty P.K),2019-06-01,,5.18,5.12,5.0,5.0,0.85,In Progress,,0
LS17_0217,17th Lok Sabha (2019-2024),Lok Sabha,17,Suresh Kodikunnil,National / Multi-State,Mavelikkara(Sc),Mavelikkara(Sc),Community Development,MPLADS Constituency Works Allocation for Mavelikkara(Sc) (Suresh Kodikunnil),2019-06-01,,19.84,7.31,17.0,7.0,4.8,In Progress,,0
LS17_0218,17th Lok Sabha (2019-2024),Lok Sabha,17,Dr. M.P. Abdussamad Samadani,National / Multi-State,Malappuram,Malappuram,Community Development,MPLADS Constituency Works Allocation for Malappuram (Dr. M.P. Abdussamad Samadani),2019-06-01,,6.6,0.64,12.0,2.0,1.45,In Progress,,0
LS17_0219,17th Lok Sabha (2019-2024),Lok Sabha,17,Jamyang Tsering Namgyal,National / Multi-State,Ladakh,Ladakh,Community Development,MPLADS Constituency Works Allocation for Ladakh (Jamyang Tsering Namgyal),2019-06-01,2024-05-31,6.13,6.27,17.0,7.0,0.87,Completed,,0
LS17_0220,17th Lok Sabha (2019-2024),Lok Sabha,17,Faizal P.P Mohammed,National / Multi-State,Lakshadweep(St),Lakshadweep(St),Community Development,MPLADS Constituency Works Allocation for Lakshadweep(St) (Faizal P.P Mohammed),2019-06-01,,4.07,2.05,22.0,2.5,0.66,In Progress,,0
LS17_0221,17th Lok Sabha (2019-2024),Lok Sabha,17,Gyaneshwar Patil,National / Multi-State,Khandwa,Khandwa,Community Development,MPLADS Constituency Works Allocation for Khandwa (Gyaneshwar Patil),2019-06-01,,4.48,3.87,12.0,4.5,0.65,In Progress,,0
LS17_0222,17th Lok Sabha (2019-2024),Lok Sabha,17,Nakul K. Nath,National / Multi-State,Chhindwara,Chhindwara,Community Development,MPLADS Constituency Works Allocation for Chhindwara (Nakul K. Nath),2019-06-01,,14.83,12.65,17.0,9.5,1.28,In Progress,,0
LS17_0223,17th Lok Sabha (2019-2024),Lok Sabha,17,Uday Pratap Singh,National / Multi-State,Hoshangabad,Hoshangabad,Community Development,MPLADS Constituency Works Allocation for Hoshangabad (Uday Pratap Singh),2019-06-01,,11.29,10.56,17.0,9.5,1.03,In Progress,,0
LS17_0224,17th Lok Sabha (2019-2024),Lok Sabha,17,Ramakant Bhargava,National / Multi-State,Vidisha,Vidisha,Community Development,MPLADS Constituency Works Allocation for Vidisha (Ramakant Bhargava),2019-06-01,,6.78,6.61,17.0,7.0,0.62,In Progress,,0
LS17_0225,17th Lok Sabha (2019-2024),Lok Sabha,17,Ganesh Singh,National / Multi-State,Satna,Satna,Community Development,MPLADS Constituency Works Allocation for Satna (Ganesh Singh),2019-06-01,2024-05-31,9.66,9.73,17.0,9.5,0.0,Completed,,0
LS17_0226,17th Lok Sabha (2019-2024),Lok Sabha,17,Rakesh Singh,National / Multi-State,Jabalpur,Jabalpur,Community Development,MPLADS Constituency Works Allocation for Jabalpur (Rakesh Singh),2019-06-01,,5.66,4.05,17.0,2.5,0.88,In Progress,,0
LS17_0227,17th Lok Sabha (2019-2024),Lok Sabha,17,Mahendra Singh Solanky,National / Multi-State,Dewas(Sc),Dewas(Sc),Community Development,MPLADS Constituency Works Allocation for Dewas(Sc) (Mahendra Singh Solanky),2019-06-01,,10.59,10.42,17.0,9.5,0.18,In Progress,,0
LS17_0228,17th Lok Sabha (2019-2024),Lok Sabha,17,Rodmal Nagar,National / Multi-State,Rajgarh,Rajgarh,Community Development,MPLADS Constituency Works Allocation for Rajgarh (Rodmal Nagar),2019-06-01,,11.22,10.8,17.0,9.5,1.06,In Progress,,0
LS17_0229,17th Lok Sabha (2019-2024),Lok Sabha,17,Nand Kumar Singh Chauhan-Ex,National / Multi-State,Khandwa,Khandwa,Community Development,MPLADS Constituency Works Allocation for Khandwa (Nand Kumar Singh Chauhan-Ex),2019-06-01,2024-05-31,4.36,4.46,10.0,5.0,0.65,Completed,,0
LS17_0230,17th Lok Sabha (2019-2024),Lok Sabha,17,Janardan Mishra,National / Multi-State,Rewa,Rewa,Community Development,MPLADS Constituency Works Allocation for Rewa (Janardan Mishra),2019-06-01,,10.14,8.61,17.0,9.5,1.78,In Progress,,0
LS17_0231,17th Lok Sabha (2019-2024),Lok Sabha,17,Sandhya Ray,National / Multi-State,Bhind(Sc),Bhind(Sc),Community Development,MPLADS Constituency Works Allocation for Bhind(Sc) (Sandhya Ray),2019-06-01,,11.68,9.84,17.0,9.5,2.65,In Progress,,0
LS17_0232,17th Lok Sabha (2019-2024),Lok Sabha,17,Shankar Lalwani,National / Multi-State,Indore,Indore,Community Development,MPLADS Constituency Works Allocation for Indore (Shankar Lalwani),2019-06-01,,10.03,8.73,17.0,9.5,0.95,In Progress,,0
LS17_0233,17th Lok Sabha (2019-2024),Lok Sabha,17,Himadri Singh,National / Multi-State,Shahdol (St),Shahdol (St),Community Development,MPLADS Constituency Works Allocation for Shahdol (St) (Himadri Singh),2019-06-01,,9.3,9.02,17.0,9.5,0.58,In Progress,,0
LS17_0234,17th Lok Sabha (2019-2024),Lok Sabha,17,Chhatar Singh Darbar,National / Multi-State,Dhar(St),Dhar(St),Community Development,MPLADS Constituency Works Allocation for Dhar(St) (Chhatar Singh Darbar),2019-06-01,,9.78,8.83,17.0,9.5,0.8,In Progress,,0
LS17_0235,17th Lok Sabha (2019-2024),Lok Sabha,17,Vishnu Dutt Sharma,National / Multi-State,Khajuraho,Khajuraho,Community Development,MPLADS Constituency Works Allocation for Khajuraho (Vishnu Dutt Sharma),2019-06-01,,6.57,5.75,17.0,7.0,1.51,In Progress,,0
LS17_0236,17th Lok Sabha (2019-2024),Lok Sabha,17,Krishna Pal Singh Yadav,National / Multi-State,Guna,Guna,Community Development,MPLADS Constituency Works Allocation for Guna (Krishna Pal Singh Yadav),2019-06-01,2024-05-31,7.3,7.3,17.0,7.0,0.0,Completed,,0
LS17_0237,17th Lok Sabha (2019-2024),Lok Sabha,17,Gajendra Singh Patel,National / Multi-State,Khargone(St),Khargone(St),Community Development,MPLADS Constituency Works Allocation for Khargone(St) (Gajendra Singh Patel),2019-06-01,,6.68,6.27,17.0,7.0,0.79,In Progress,,0
LS17_0238,17th Lok Sabha (2019-2024),Lok Sabha,17,Pragya Singh Thakur,National / Multi-State,Bhopal,Bhopal,Community Development,MPLADS Constituency Works Allocation for Bhopal (Pragya Singh Thakur),2019-06-01,,9.48,9.46,17.0,9.5,0.19,In Progress,,0
LS17_0239,17th Lok Sabha (2019-2024),Lok Sabha,17,Riti Pathak,National / Multi-State,Sidhi,Sidhi,Community Development,MPLADS Constituency Works Allocation for Sidhi (Riti Pathak),2019-06-01,,5.27,5.03,17.0,5.0,0.13,In Progress,,0
LS17_0240,17th Lok Sabha (2019-2024),Lok Sabha,17,Dhal Singh Bisen,National / Multi-State,Balaghat,Balaghat,Community Development,MPLADS Constituency Works Allocation for Balaghat (Dhal Singh Bisen),2019-06-01,2024-05-31,15.09,15.12,17.0,12.0,0.4,Completed,,0
LS17_0241,17th Lok Sabha (2019-2024),Lok Sabha,17,Faggan Singh Kulaste,National / Multi-State,Mandla(St),Mandla(St),Community Development,MPLADS Constituency Works Allocation for Mandla(St) (Faggan Singh Kulaste),2019-06-01,,9.49,8.82,17.0,9.5,0.9,In Progress,,0
LS17_0242,17th Lok Sabha (2019-2024),Lok Sabha,17,Anil Firojiya,National / Multi-State,Ujjain(Sc),Ujjain(Sc),Community Development,MPLADS Constituency Works Allocation for Ujjain(Sc) (Anil Firojiya),2019-06-01,,13.21,10.95,17.0,9.5,0.19,In Progress,,0
LS17_0243,17th Lok Sabha (2019-2024),Lok Sabha,17,Prahlad Singh Patel,National / Multi-State,Damoh,Damoh,Community Development,MPLADS Constituency Works Allocation for Damoh (Prahlad Singh Patel),2019-06-01,,12.2,9.73,17.0,9.5,1.8,In Progress,,0
LS17_0244,17th Lok Sabha (2019-2024),Lok Sabha,17,Rajbahadur Singh,National / Multi-State,Sagar,Sagar,Community Development,MPLADS Constituency Works Allocation for Sagar (Rajbahadur Singh),2019-06-01,,7.28,6.52,17.0,7.0,1.54,In Progress,,0
LS17_0245,17th Lok Sabha (2019-2024),Lok Sabha,17,Vivek Narayan Shejwalkar,National / Multi-State,Gwalior,Gwalior,Community Development,MPLADS Constituency Works Allocation for Gwalior (Vivek Narayan Shejwalkar),2019-06-01,,12.87,9.38,17.0,9.5,0.41,In Progress,,0
LS17_0246,17th Lok Sabha (2019-2024),Lok Sabha,17,Narendra Singh Tomar,National / Multi-State,Morena,Morena,Community Development,MPLADS Constituency Works Allocation for Morena (Narendra Singh Tomar),2019-06-01,,7.51,5.63,17.0,7.0,1.7,In Progress,,0
LS17_0247,17th Lok Sabha (2019-2024),Lok Sabha,17,Durga Das Uikey,National / Multi-State,Betul(St),Betul(St),Community Development,MPLADS Constituency Works Allocation for Betul(St) (Durga Das Uikey),2019-06-01,,15.11,13.42,17.0,12.0,2.23,In Progress,,0
LS17_0248,17th Lok Sabha (2019-2024),Lok Sabha,17,Guman Singh Damor,National / Multi-State,Ratlam(St),Ratlam(St),Community Development,MPLADS Constituency Works Allocation for Ratlam(St) (Guman Singh Damor),2019-06-01,,13.44,9.34,17.0,9.5,0.22,In Progress,,0
LS17_0249,17th Lok Sabha (2019-2024),Lok Sabha,17,Virendra Kumar,National / Multi-State,Tikamgarh(Sc),Tikamgarh(Sc),Community Development,MPLADS Constituency Works Allocation for Tikamgarh(Sc) (Virendra Kumar),2019-06-01,,9.55,7.55,17.0,9.5,2.22,In Progress,,0
LS17_0250,17th Lok Sabha (2019-2024),Lok Sabha,17,Sudheer Gupta,National / Multi-State,Mandsour,Mandsour,Community Development,MPLADS Constituency Works Allocation for Mandsour (Sudheer Gupta),2019-06-01,,6.65,6.63,17.0,7.0,0.6,In Progress,,0
LS17_0251,17th Lok Sabha (2019-2024),Lok Sabha,17,Manoj Kishorbhai Kotak,National / Multi-State,Mumbai North East,Mumbai North East,Community Development,MPLADS Constituency Works Allocation for Mumbai North East (Manoj Kishorbhai Kotak),2019-06-01,,12.85,7.73,17.0,7.0,0.17,In Progress,,0
LS17_0252,17th Lok Sabha (2019-2024),Lok Sabha,17,Udayanraje Pratapsingh Bhonsle,National / Multi-State,Satara,Satara,Community Development,MPLADS Constituency Works Allocation for Satara (Udayanraje Pratapsingh Bhonsle),2019-06-01,,0.0,0.0,10.0,0.0,0.0,Allocated,,0
LS17_0253,17th Lok Sabha (2019-2024),Lok Sabha,17,Sudhakar Tukaram Shrangre,National / Multi-State,Latur(Sc),Latur(Sc),Community Development,MPLADS Constituency Works Allocation for Latur(Sc) (Sudhakar Tukaram Shrangre),2019-06-01,,16.83,10.43,17.0,9.5,0.02,In Progress,,0
LS17_0254,17th Lok Sabha (2019-2024),Lok Sabha,17,Sunil Baburao Mendhe,National / Multi-State,Bhandara-Gondiya,Bhandara-Gondiya,Community Development,MPLADS Constituency Works Allocation for Bhandara-Gondiya (Sunil Baburao Mendhe),2019-06-01,,16.01,6.57,17.0,5.0,2.54,In Progress,,0
LS17_0255,17th Lok Sabha (2019-2024),Lok Sabha,17,Shrirang Appa Barne,National / Multi-State,Maval,Maval,Community Development,MPLADS Constituency Works Allocation for Maval (Shrirang Appa Barne),2019-06-01,,14.5,6.54,17.0,7.0,0.84,In Progress,,0
LS17_0256,17th Lok Sabha (2019-2024),Lok Sabha,17,Bhavana Gawali (Patil),National / Multi-State,Yavatmal-Washim,Yavatmal-Washim,Community Development,MPLADS Constituency Works Allocation for Yavatmal-Washim (Bhavana Gawali (Patil)),2019-06-01,,5.17,4.62,17.0,5.0,0.44,In Progress,,0
LS17_0257,17th Lok Sabha (2019-2024),Lok Sabha,17,Rajendra Dhedya Gavit,National / Multi-State,Palghar(St),Palghar(St),Community Development,MPLADS Constituency Works Allocation for Palghar(St) (Rajendra Dhedya Gavit),2019-06-01,,17.82,9.94,19.5,9.5,0.81,In Progress,,0
LS17_0258,17th Lok Sabha (2019-2024),Lok Sabha,17,Syed Shri Imtiaz Jaleel,National / Multi-State,Aurangabad,Aurangabad,Community Development,MPLADS Constituency Works Allocation for Aurangabad (Syed Shri Imtiaz Jaleel),2019-06-01,,14.83,8.74,17.0,9.5,0.96,In Progress,,0
LS17_0259,17th Lok Sabha (2019-2024),Lok Sabha,17,Balubhau (Alias Suresh Narayan) Dhanorkar,National / Multi-State,Chandrapur,Chandrapur,Community Development,MPLADS Constituency Works Allocation for Chandrapur (Balubhau (Alias Suresh Narayan) Dhanorkar),2019-06-01,,9.26,8.56,17.0,9.5,1.09,In Progress,,0
LS17_0260,17th Lok Sabha (2019-2024),Lok Sabha,17,Hemant Patil,National / Multi-State,Hingoli,Hingoli,Community Development,MPLADS Constituency Works Allocation for Hingoli (Hemant Patil),2019-06-01,,8.84,4.86,17.0,7.0,2.44,In Progress,,0
LS17_0261,17th Lok Sabha (2019-2024),Lok Sabha,17,Poonam (Mahajan) Vajendla Rao,National / Multi-State,Mumbai North-Central,Mumbai North-Central,Community Development,MPLADS Constituency Works Allocation for Mumbai North-Central (Poonam (Mahajan) Vajendla Rao),2019-06-01,,12.3,8.38,17.0,9.5,1.47,In Progress,,0
LS17_0262,17th Lok Sabha (2019-2024),Lok Sabha,17,Shriniwas Dadasaheb Patil,National / Multi-State,Satara,Satara,Community Development,MPLADS Constituency Works Allocation for Satara (Shriniwas Dadasaheb Patil),2019-06-01,,22.23,7.48,17.0,5.0,3.17,In Progress,,0
LS17_0263,17th Lok Sabha (2019-2024),Lok Sabha,17,Prataprao Govindrao Patil Chikhalikar,National / Multi-State,Nanded,Nanded,Community Development,MPLADS Constituency Works Allocation for Nanded (Prataprao Govindrao Patil Chikhalikar),2019-06-01,,9.07,5.17,17.0,7.0,2.15,In Progress,,0
LS17_0264,17th Lok Sabha (2019-2024),Lok Sabha,17,Krupal Balaji Tumane,National / Multi-State,Ramtek(Sc),Ramtek(Sc),Community Development,MPLADS Constituency Works Allocation for Ramtek(Sc) (Krupal Balaji Tumane),2019-06-01,,11.05,7.25,17.0,7.0,0.14,In Progress,,0
LS17_0265,17th Lok Sabha (2019-2024),Lok Sabha,17,Shrikant Eknath Shinde,National / Multi-State,Kalyan,Kalyan,Community Development,MPLADS Constituency Works Allocation for Kalyan (Shrikant Eknath Shinde),2019-06-01,,9.96,7.18,17.0,9.5,2.69,In Progress,,0
LS17_0266,17th Lok Sabha (2019-2024),Lok Sabha,17,Ramdas Chandrabhanji Tadas,National / Multi-State,Wardha,Wardha,Community Development,MPLADS Constituency Works Allocation for Wardha (Ramdas Chandrabhanji Tadas),2019-06-01,,12.75,9.04,17.0,9.5,1.61,In Progress,,0
LS17_0267,17th Lok Sabha (2019-2024),Lok Sabha,17,Arvind Ganpat Sawant,National / Multi-State,Mumbai South,Mumbai South,Community Development,MPLADS Constituency Works Allocation for Mumbai South (Arvind Ganpat Sawant),2019-06-01,,14.16,6.22,17.0,7.0,1.09,In Progress,,0
LS17_0268,17th Lok Sabha (2019-2024),Lok Sabha,17,Supriya Sadanand Sule,National / Multi-State,Baramati,Baramati,Community Development,MPLADS Constituency Works Allocation for Baramati (Supriya Sadanand Sule),2019-06-01,,13.78,7.77,17.0,9.5,1.92,In Progress,,0
LS17_0269,17th Lok Sabha (2019-2024),Lok Sabha,17,Amol Ramsing Kolhe,National / Multi-State,Shirur,Shirur,Community Development,MPLADS Constituency Works Allocation for Shirur (Amol Ramsing Kolhe),2019-06-01,,13.22,6.23,17.0,7.0,1.3,In Progress,,0
LS17_0270,17th Lok Sabha (2019-2024),Lok Sabha,17,Rajan Baburao Vichare,National / Multi-State,Thane,Thane,Community Development,MPLADS Constituency Works Allocation for Thane (Rajan Baburao Vichare),2019-06-01,,10.01,5.57,17.0,7.0,1.83,In Progress,,0
LS17_0271,17th Lok Sabha (2019-2024),Lok Sabha,17,Sunil Dattatray Tatkare,National / Multi-State,Raigad,Raigad,Community Development,MPLADS Constituency Works Allocation for Raigad (Sunil Dattatray Tatkare),2019-06-01,,18.24,6.88,17.0,7.0,3.63,In Progress,,0
LS17_0272,17th Lok Sabha (2019-2024),Lok Sabha,17,Sujay Radhakrishna Vikhepatil,National / Multi-State,Ahmednagar,Ahmednagar,Community Development,MPLADS Constituency Works Allocation for Ahmednagar (Sujay Radhakrishna Vikhepatil),2019-06-01,,11.16,7.65,17.0,9.5,2.04,In Progress,,0
LS17_0273,17th Lok Sabha (2019-2024),Lok Sabha,17,Rahul Ramesh Shewale,National / Multi-State,Mumbai South Central,Mumbai South Central,Community Development,MPLADS Constituency Works Allocation for Mumbai South Central (Rahul Ramesh Shewale),2019-06-01,,12.19,4.53,17.0,7.0,2.83,In Progress,,0
LS17_0274,17th Lok Sabha (2019-2024),Lok Sabha,17,Prataprao Jadhav,National / Multi-State,Buldhana,Buldhana,Community Development,MPLADS Constituency Works Allocation for Buldhana (Prataprao Jadhav),2019-06-01,,12.31,5.0,17.0,5.0,0.35,In Progress,,0
LS17_0275,17th Lok Sabha (2019-2024),Lok Sabha,17,Heena Vijaykumar Gavit,National / Multi-State,Nandurbar(St),Nandurbar(St),Community Development,MPLADS Constituency Works Allocation for Nandurbar(St) (Heena Vijaykumar Gavit),2019-06-01,,7.16,6.08,17.0,7.0,1.08,In Progress,,0
LS17_0276,17th Lok Sabha (2019-2024),Lok Sabha,17,Sanjay Shamrao Dhotre,National / Multi-State,Akola,Akola,Community Development,MPLADS Constituency Works Allocation for Akola (Sanjay Shamrao Dhotre),2019-06-01,,11.79,9.19,17.0,9.5,0.56,In Progress,,0
LS17_0277,17th Lok Sabha (2019-2024),Lok Sabha,17,Subhash Ramrao Bhamre,National / Multi-State,Dhule,Dhule,Community Development,MPLADS Constituency Works Allocation for Dhule (Subhash Ramrao Bhamre),2019-06-01,,11.88,7.32,17.0,9.5,2.53,In Progress,,0
LS17_0278,17th Lok Sabha (2019-2024),Lok Sabha,17,Sanjay Sadashivrao Mandlik,National / Multi-State,Kolhapur,Kolhapur,Community Development,MPLADS Constituency Works Allocation for Kolhapur (Sanjay Sadashivrao Mandlik),2019-06-01,,16.88,7.28,17.0,7.0,0.03,In Progress,,0
LS17_0279,17th Lok Sabha (2019-2024),Lok Sabha,17,Raosaheb Patil Danve,National / Multi-State,Jalna,Jalna,Community Development,MPLADS Constituency Works Allocation for Jalna (Raosaheb Patil Danve),2019-06-01,,12.95,3.81,17.0,5.0,1.49,In Progress,,0
LS17_0280,17th Lok Sabha (2019-2024),Lok Sabha,17,Sanjay Haribhau Jadhav,National / Multi-State,Parbhani,Parbhani,Community Development,MPLADS Constituency Works Allocation for Parbhani (Sanjay Haribhau Jadhav),2019-06-01,,8.19,5.17,17.0,7.0,2.06,In Progress,,0
LS17_0281,17th Lok Sabha (2019-2024),Lok Sabha,17,Hemant Tukaram Godse,National / Multi-State,Nashik,Nashik,Community Development,MPLADS Constituency Works Allocation for Nashik (Hemant Tukaram Godse),2019-06-01,,12.2,7.37,17.0,7.0,0.21,In Progress,,0
LS17_0282,17th Lok Sabha (2019-2024),Lok Sabha,17,Pritam Gopinath Munde,National / Multi-State,Beed,Beed,Community Development,MPLADS Constituency Works Allocation for Beed (Pritam Gopinath Munde),2019-06-01,,5.08,2.58,17.0,5.0,2.71,In Progress,,0
LS17_0283,17th Lok Sabha (2019-2024),Lok Sabha,17,Omprakash Bhupalsinh Alias Pawan Rajenimbalkar,National / Multi-State,Osmanabad,Osmanabad,Community Development,MPLADS Constituency Works Allocation for Osmanabad (Omprakash Bhupalsinh Alias Pawan Rajenimbalkar),2019-06-01,,3.5,1.82,17.0,2.5,0.9,In Progress,,0
LS17_0284,17th Lok Sabha (2019-2024),Lok Sabha,17,Girish Bhalchandra Bapat,National / Multi-State,Pune,Pune,Community Development,MPLADS Constituency Works Allocation for Pune (Girish Bhalchandra Bapat),2019-06-01,,11.22,7.85,12.0,7.0,0.13,In Progress,,0
LS17_0285,17th Lok Sabha (2019-2024),Lok Sabha,17,Gopal Chinayya Shetty,National / Multi-State,Mumbai North,Mumbai North,Community Development,MPLADS Constituency Works Allocation for Mumbai North (Gopal Chinayya Shetty),2019-06-01,,12.04,8.52,17.0,9.5,1.43,In Progress,,0
LS17_0286,17th Lok Sabha (2019-2024),Lok Sabha,17,Dhairyasheel Sambhajirao Mane,National / Multi-State,Hatkanangle,Hatkanangle,Community Development,MPLADS Constituency Works Allocation for Hatkanangle (Dhairyasheel Sambhajirao Mane),2019-06-01,,16.89,7.42,17.0,7.0,0.06,In Progress,,0
LS17_0287,17th Lok Sabha (2019-2024),Lok Sabha,17,Ashok Mahadeorao Nete,National / Multi-State,Gadchiroli-Chimur(St),Gadchiroli-Chimur(St),Community Development,MPLADS Constituency Works Allocation for Gadchiroli-Chimur(St) (Ashok Mahadeorao Nete),2019-06-01,,8.93,7.81,17.0,9.5,2.05,In Progress,,0
LS17_0288,17th Lok Sabha (2019-2024),Lok Sabha,17,Nitin Jairam Gadkari,National / Multi-State,Nagpur,Nagpur,Community Development,MPLADS Constituency Works Allocation for Nagpur (Nitin Jairam Gadkari),2019-06-01,,12.45,6.99,17.0,7.0,0.35,In Progress,,0
LS17_0289,17th Lok Sabha (2019-2024),Lok Sabha,17,Gajanan Chandrakant Kirtikar,National / Multi-State,Mumbai North West,Mumbai North West,Community Development,MPLADS Constituency Works Allocation for Mumbai North West (Gajanan Chandrakant Kirtikar),2019-06-01,,12.28,6.99,17.0,9.5,2.82,In Progress,,0
LS17_0290,17th Lok Sabha (2019-2024),Lok Sabha,17,Jaisidheshwar Shivachary Mahaswamiji,National / Multi-State,Solapur(Sc),Solapur(Sc),Community Development,MPLADS Constituency Works Allocation for Solapur(Sc) (Jaisidheshwar Shivachary Mahaswamiji),2019-06-01,,5.57,4.02,17.0,5.0,1.32,In Progress,,0
LS17_0291,17th Lok Sabha (2019-2024),Lok Sabha,17,Sanjay(Kaka) Ramchandra Patil,National / Multi-State,Sangli,Sangli,Community Development,MPLADS Constituency Works Allocation for Sangli (Sanjay(Kaka) Ramchandra Patil),2019-06-01,,7.33,4.98,17.0,5.0,0.26,In Progress,,0
LS17_0292,17th Lok Sabha (2019-2024),Lok Sabha,17,Navneet Ravi Rana,National / Multi-State,Amravati(Sc),Amravati(Sc),Community Development,MPLADS Constituency Works Allocation for Amravati(Sc) (Navneet Ravi Rana),2019-06-01,,11.13,7.81,17.0,9.5,1.97,In Progress,,0
LS17_0293,17th Lok Sabha (2019-2024),Lok Sabha,17,Sadashiv Kisan Lokhande,National / Multi-State,Shirdi(Sc),Shirdi(Sc),Community Development,MPLADS Constituency Works Allocation for Shirdi(Sc) (Sadashiv Kisan Lokhande),2019-06-01,,12.52,7.86,17.0,9.5,1.81,In Progress,,0
LS17_0294,17th Lok Sabha (2019-2024),Lok Sabha,17,Raksha Nikhil Khadse,National / Multi-State,Raver,Raver,Community Development,MPLADS Constituency Works Allocation for Raver (Raksha Nikhil Khadse),2019-06-01,,6.76,5.91,17.0,7.0,1.33,In Progress,,0
LS17_0295,17th Lok Sabha (2019-2024),Lok Sabha,17,Ranjeetsinha Hindurao Naik Nimbalkar,National / Multi-State,Madha,Madha,Community Development,MPLADS Constituency Works Allocation for Madha (Ranjeetsinha Hindurao Naik Nimbalkar),2019-06-01,,8.87,5.58,17.0,7.0,1.79,In Progress,,0
LS17_0296,17th Lok Sabha (2019-2024),Lok Sabha,17,Unmesh Bhaiyyasaheb Patil,National / Multi-State,Jalgaon,Jalgaon,Community Development,MPLADS Constituency Works Allocation for Jalgaon (Unmesh Bhaiyyasaheb Patil),2019-06-01,,8.95,5.18,17.0,7.0,2.08,In Progress,,0
LS17_0297,17th Lok Sabha (2019-2024),Lok Sabha,17,Vinayak Bhaurao Raut,National / Multi-State,Ratnagiri-Sindhudurg,Ratnagiri-Sindhudurg,Community Development,MPLADS Constituency Works Allocation for Ratnagiri-Sindhudurg (Vinayak Bhaurao Raut),2019-06-01,,18.71,10.54,17.0,9.5,2.58,In Progress,,0
LS17_0298,17th Lok Sabha (2019-2024),Lok Sabha,17,Kapil Moreshwar Patil,National / Multi-State,Bhiwandi,Bhiwandi,Community Development,MPLADS Constituency Works Allocation for Bhiwandi (Kapil Moreshwar Patil),2019-06-01,,9.3,7.4,17.0,9.5,2.51,In Progress,,0
LS17_0299,17th Lok Sabha (2019-2024),Lok Sabha,17,Bharti Pravin Pawar,National / Multi-State,Dindori(St),Dindori(St),Community Development,MPLADS Constituency Works Allocation for Dindori(St) (Bharti Pravin Pawar),2019-06-01,,11.29,6.05,17.0,7.0,1.31,In Progress,,0
LS17_0300,17th Lok Sabha (2019-2024),Lok Sabha,17,Ranjan Singh Rajkumar,National / Multi-State,Inner Manipur,Inner Manipur,Community Development,MPLADS Constituency Works Allocation for Inner Manipur (Ranjan Singh Rajkumar),2019-06-01,2024-05-31,6.84,6.98,17.0,7.0,0.14,Completed,,0
LS17_0301,17th Lok Sabha (2019-2024),Lok Sabha,17,Lorho S. Pfoze,National / Multi-State,Outer Manipur(St),Outer Manipur(St),Community Development,MPLADS Constituency Works Allocation for Outer Manipur(St) (Lorho S. Pfoze),2019-06-01,2024-05-31,9.37,9.55,17.0,9.5,0.05,Completed,,0
LS17_0302,17th Lok Sabha (2019-2024),Lok Sabha,17,Vincent H Pala,National / Multi-State,Shillong,Shillong,Community Development,MPLADS Constituency Works Allocation for Shillong (Vincent H Pala),2019-06-01,,10.63,10.47,17.0,9.5,0.67,In Progress,,0
LS17_0303,17th Lok Sabha (2019-2024),Lok Sabha,17,Agatha K. Sangma,National / Multi-State,Tura,Tura,Community Development,MPLADS Constituency Works Allocation for Tura (Agatha K. Sangma),2019-06-01,,6.61,6.58,17.0,7.0,0.55,In Progress,,0
LS17_0304,17th Lok Sabha (2019-2024),Lok Sabha,17,C Lalrosanga,National / Multi-State,Mizoram (St),Mizoram (St),Community Development,MPLADS Constituency Works Allocation for Mizoram (St) (C Lalrosanga),2019-06-01,2024-05-31,9.31,9.34,17.0,9.5,0.22,Completed,,0
LS17_0305,17th Lok Sabha (2019-2024),Lok Sabha,17,Tokheho Yepthomi,National / Multi-State,Nagaland,Nagaland,Community Development,MPLADS Constituency Works Allocation for Nagaland (Tokheho Yepthomi),2019-06-01,2024-05-31,11.76,12.02,17.0,12.0,0.0,Completed,,0
LS17_0306,17th Lok Sabha (2019-2024),Lok Sabha,17,Mahesh Sahoo,National / Multi-State,Dhenkanal,Dhenkanal,Community Development,MPLADS Constituency Works Allocation for Dhenkanal (Mahesh Sahoo),2019-06-01,,14.01,12.94,17.0,9.5,0.9,In Progress,,0
LS17_0307,17th Lok Sabha (2019-2024),Lok Sabha,17,Rajashree Mallick,National / Multi-State,Jagatsinghpur(Sc),Jagatsinghpur(Sc),Community Development,MPLADS Constituency Works Allocation for Jagatsinghpur(Sc) (Rajashree Mallick),2019-06-01,,6.33,4.6,17.0,7.0,2.83,In Progress,,0
LS17_0308,17th Lok Sabha (2019-2024),Lok Sabha,17,Bishweswar Tudu,National / Multi-State,Mayurbhanj (St),Mayurbhanj (St),Community Development,MPLADS Constituency Works Allocation for Mayurbhanj (St) (Bishweswar Tudu),2019-06-01,,9.31,7.06,17.0,9.5,2.65,In Progress,,0
LS17_0309,17th Lok Sabha (2019-2024),Lok Sabha,17,Nitesh Ganga Deb,National / Multi-State,Sambalpur,Sambalpur,Community Development,MPLADS Constituency Works Allocation for Sambalpur (Nitesh Ganga Deb),2019-06-01,,10.67,8.45,24.5,9.5,2.46,In Progress,,0
LS17_0310,17th Lok Sabha (2019-2024),Lok Sabha,17,Manjulata Mandal,National / Multi-State,Bhadrak(Sc),Bhadrak(Sc),Community Development,MPLADS Constituency Works Allocation for Bhadrak(Sc) (Manjulata Mandal),2019-06-01,,13.11,11.16,17.0,12.0,2.19,In Progress,,0
LS17_0311,17th Lok Sabha (2019-2024),Lok Sabha,17,Pramila Bisoyi,National / Multi-State,Aska,Aska,Community Development,MPLADS Constituency Works Allocation for Aska (Pramila Bisoyi),2019-06-01,,10.03,7.51,17.0,9.5,2.8,In Progress,,0
LS17_0312,17th Lok Sabha (2019-2024),Lok Sabha,17,Achyutananda Samanta,National / Multi-State,Kandhamal,Kandhamal,Community Development,MPLADS Constituency Works Allocation for Kandhamal (Achyutananda Samanta),2019-06-01,,8.63,8.13,17.0,9.5,1.56,In Progress,,0
LS17_0313,17th Lok Sabha (2019-2024),Lok Sabha,17,Basanta Kumar Panda,National / Multi-State,Kalahandi,Kalahandi,Community Development,MPLADS Constituency Works Allocation for Kalahandi (Basanta Kumar Panda),2019-06-01,,6.9,6.05,17.0,7.0,1.2,In Progress,,0
LS17_0314,17th Lok Sabha (2019-2024),Lok Sabha,17,Pinaki Misra,National / Multi-State,Puri,Puri,Community Development,MPLADS Constituency Works Allocation for Puri (Pinaki Misra),2019-06-01,,6.83,6.66,17.0,7.0,1.12,In Progress,,0
LS17_0315,17th Lok Sabha (2019-2024),Lok Sabha,17,Jual Oram,National / Multi-State,Sundargarh (St),Sundargarh (St),Community Development,MPLADS Constituency Works Allocation for Sundargarh (St) (Jual Oram),2019-06-01,,7.11,5.83,17.0,7.0,1.61,In Progress,,0
LS17_0316,17th Lok Sabha (2019-2024),Lok Sabha,17,Chandra Sekhar Sahu,National / Multi-State,Berhampur,Berhampur,Community Development,MPLADS Constituency Works Allocation for Berhampur (Chandra Sekhar Sahu),2019-06-01,,9.15,7.43,17.0,9.5,2.62,In Progress,,0
LS17_0317,17th Lok Sabha (2019-2024),Lok Sabha,17,Chandrani Murmu,National / Multi-State,Keonjhar(St),Keonjhar(St),Community Development,MPLADS Constituency Works Allocation for Keonjhar(St) (Chandrani Murmu),2019-06-01,,6.19,4.99,17.0,7.0,2.3,In Progress,,0
LS17_0318,17th Lok Sabha (2019-2024),Lok Sabha,17,Ramesh Chandra Majhi,National / Multi-State,Nabarangpur(St),Nabarangpur(St),Community Development,MPLADS Constituency Works Allocation for Nabarangpur(St) (Ramesh Chandra Majhi),2019-06-01,,10.51,9.14,17.0,9.5,1.86,In Progress,,0
LS17_0319,17th Lok Sabha (2019-2024),Lok Sabha,17,Aparajita Sarangi,National / Multi-State,Bhubaneswar,Bhubaneswar,Community Development,MPLADS Constituency Works Allocation for Bhubaneswar (Aparajita Sarangi),2019-06-01,,8.74,8.7,17.0,9.5,0.98,In Progress,,0
LS17_0320,17th Lok Sabha (2019-2024),Lok Sabha,17,Sangeeta Kumari Singh Deo,National / Multi-State,Bolangir,Bolangir,Community Development,MPLADS Constituency Works Allocation for Bolangir (Sangeeta Kumari Singh Deo),2019-06-01,,16.46,10.03,17.0,5.0,2.89,In Progress,,0
LS17_0321,17th Lok Sabha (2019-2024),Lok Sabha,17,Pratap Chandra Sarangi,National / Multi-State,Balasore,Balasore,Community Development,MPLADS Constituency Works Allocation for Balasore (Pratap Chandra Sarangi),2019-06-01,,7.07,4.46,17.0,7.0,2.81,In Progress,,0
LS17_0322,17th Lok Sabha (2019-2024),Lok Sabha,17,Anubhav Mohanty,National / Multi-State,Kendrapara,Kendrapara,Community Development,MPLADS Constituency Works Allocation for Kendrapara (Anubhav Mohanty),2019-06-01,,14.83,12.74,19.5,9.5,2.18,In Progress,,0
LS17_0323,17th Lok Sabha (2019-2024),Lok Sabha,17,Suresh Pujari,National / Multi-State,Bargarh,Bargarh,Community Development,MPLADS Constituency Works Allocation for Bargarh (Suresh Pujari),2019-06-01,,9.66,7.74,17.0,9.5,2.12,In Progress,,0
LS17_0324,17th Lok Sabha (2019-2024),Lok Sabha,17,Sarmistha Sethi,National / Multi-State,Jajpur(Sc),Jajpur(Sc),Community Development,MPLADS Constituency Works Allocation for Jajpur(Sc) (Sarmistha Sethi),2019-06-01,,9.45,7.66,17.0,9.5,2.05,In Progress,,0
LS17_0325,17th Lok Sabha (2019-2024),Lok Sabha,17,Bhartruhari Mahtab,National / Multi-State,Cuttack,Cuttack,Community Development,MPLADS Constituency Works Allocation for Cuttack (Bhartruhari Mahtab),2019-06-01,,10.25,8.19,17.0,9.5,2.79,In Progress,,0
LS17_0326,17th Lok Sabha (2019-2024),Lok Sabha,17,Saptagiri Sankar Ulaka,National / Multi-State,Koraput(St),Koraput(St),Community Development,MPLADS Constituency Works Allocation for Koraput(St) (Saptagiri Sankar Ulaka),2019-06-01,2024-05-31,11.2,11.3,17.0,9.5,0.76,Completed,,0
LS17_0327,17th Lok Sabha (2019-2024),Lok Sabha,17,Vaithilingam Ve.,National / Multi-State,Pondicherry,Pondicherry,Community Development,MPLADS Constituency Works Allocation for Pondicherry (Vaithilingam Ve.),2019-06-01,,11.7,5.06,17.0,7.0,1.94,In Progress,,0
LS17_0328,17th Lok Sabha (2019-2024),Lok Sabha,17,Amar Singh,National / Multi-State,Fatehgarh Sahib(Sc),Fatehgarh Sahib(Sc),Community Development,MPLADS Constituency Works Allocation for Fatehgarh Sahib(Sc) (Amar Singh),2019-06-01,,10.62,8.16,17.0,9.5,2.78,In Progress,,0
LS17_0329,17th Lok Sabha (2019-2024),Lok Sabha,17,Gurjeet Singh Aujla,National / Multi-State,Amritsar,Amritsar,Community Development,MPLADS Constituency Works Allocation for Amritsar (Gurjeet Singh Aujla),2019-06-01,,12.1,11.41,17.0,12.0,1.86,In Progress,,0
LS17_0330,17th Lok Sabha (2019-2024),Lok Sabha,17,Simranjit Singh Mann,National / Multi-State,Sangrur,Sangrur,Community Development,MPLADS Constituency Works Allocation for Sangrur (Simranjit Singh Mann),2019-06-01,,1.82,0.53,10.0,2.5,2.25,In Progress,,0
LS17_0331,17th Lok Sabha (2019-2024),Lok Sabha,17,Santokh Singh Chaudhary,National / Multi-State,Jalandhar(Sc),Jalandhar(Sc),Community Development,MPLADS Constituency Works Allocation for Jalandhar(Sc) (Santokh Singh Chaudhary),2019-06-01,,5.34,2.96,17.0,7.0,4.88,In Progress,,0
LS17_0332,17th Lok Sabha (2019-2024),Lok Sabha,17,Sukhbir Singh Badal,National / Multi-State,Firozpur,Firozpur,Community Development,MPLADS Constituency Works Allocation for Firozpur (Sukhbir Singh Badal),2019-06-01,,9.67,8.24,17.0,9.5,1.73,In Progress,,0
LS17_0333,17th Lok Sabha (2019-2024),Lok Sabha,17,Manish Tewari,National / Multi-State,Anandpur Sahib,Anandpur Sahib,Community Development,MPLADS Constituency Works Allocation for Anandpur Sahib (Manish Tewari),2019-06-01,,10.04,8.11,17.0,9.5,2.87,In Progress,,0
LS17_0334,17th Lok Sabha (2019-2024),Lok Sabha,17,Harsimrat Kaur Badal,National / Multi-State,Bhatinda,Bhatinda,Community Development,MPLADS Constituency Works Allocation for Bhatinda (Harsimrat Kaur Badal),2019-06-01,,7.89,7.17,17.0,7.0,1.76,In Progress,,0
LS17_0335,17th Lok Sabha (2019-2024),Lok Sabha,17,Preneet Kaur,National / Multi-State,Patiala,Patiala,Community Development,MPLADS Constituency Works Allocation for Patiala (Preneet Kaur),2019-06-01,,7.07,6.65,17.0,7.0,0.58,In Progress,,0
LS17_0336,17th Lok Sabha (2019-2024),Lok Sabha,17,Som Parkash,National / Multi-State,Hoshiarpur(Sc),Hoshiarpur(Sc),Community Development,MPLADS Constituency Works Allocation for Hoshiarpur(Sc) (Som Parkash),2019-06-01,,7.65,5.86,17.0,7.0,1.57,In Progress,,0
LS17_0337,17th Lok Sabha (2019-2024),Lok Sabha,17,Sunny Deol,National / Multi-State,Gurdaspur,Gurdaspur,Community Development,MPLADS Constituency Works Allocation for Gurdaspur (Sunny Deol),2019-06-01,,7.02,5.85,17.0,7.0,1.37,In Progress,,0
LS17_0338,17th Lok Sabha (2019-2024),Lok Sabha,17,Bhagwant Mann-Ex,National / Multi-State,Sangrur,Sangrur,Community Development,MPLADS Constituency Works Allocation for Sangrur (Bhagwant Mann-Ex),2019-06-01,,5.39,2.7,12.0,7.0,4.95,In Progress,,0
LS17_0339,17th Lok Sabha (2019-2024),Lok Sabha,17,Ravneet Singh,National / Multi-State,Ludhiana,Ludhiana,Community Development,MPLADS Constituency Works Allocation for Ludhiana (Ravneet Singh),2019-06-01,,6.87,4.98,17.0,7.0,2.71,In Progress,,0
LS17_0340,17th Lok Sabha (2019-2024),Lok Sabha,17,Jasbir Singh Gill,National / Multi-State,Khadoor Sahib,Khadoor Sahib,Community Development,MPLADS Constituency Works Allocation for Khadoor Sahib (Jasbir Singh Gill),2019-06-01,,12.62,10.89,17.0,9.5,1.94,In Progress,,0
LS17_0341,17th Lok Sabha (2019-2024),Lok Sabha,17,Mohammad Sadique,National / Multi-State,Faridkot(Sc),Faridkot(Sc),Community Development,MPLADS Constituency Works Allocation for Faridkot(Sc) (Mohammad Sadique),2019-06-01,,12.15,10.03,17.0,9.5,2.89,In Progress,,0
LS17_0342,17th Lok Sabha (2019-2024),Lok Sabha,17,Diya Kumari,National / Multi-State,Rajsamand,Rajsamand,Community Development,MPLADS Constituency Works Allocation for Rajsamand (Diya Kumari),2019-06-01,2024-05-31,8.62,8.73,17.0,7.0,0.88,Completed,,0
LS17_0343,17th Lok Sabha (2019-2024),Lok Sabha,17,Om Birla,National / Multi-State,Kota,Kota,Community Development,MPLADS Constituency Works Allocation for Kota (Om Birla),2019-06-01,,5.7,2.47,19.5,5.0,2.93,In Progress,,0
LS17_0344,17th Lok Sabha (2019-2024),Lok Sabha,17,Balak Nath,National / Multi-State,Alwar,Alwar,Community Development,MPLADS Constituency Works Allocation for Alwar (Balak Nath),2019-06-01,,16.52,14.38,17.0,12.0,2.42,In Progress,,0
LS17_0345,17th Lok Sabha (2019-2024),Lok Sabha,17,Chandra Prakash Joshi,National / Multi-State,Chittorgarh,Chittorgarh,Community Development,MPLADS Constituency Works Allocation for Chittorgarh (Chandra Prakash Joshi),2019-06-01,,7.16,6.18,17.0,7.0,1.33,In Progress,,0
LS17_0346,17th Lok Sabha (2019-2024),Lok Sabha,17,Kailash Choudhary,National / Multi-State,Barmer,Barmer,Community Development,MPLADS Constituency Works Allocation for Barmer (Kailash Choudhary),2019-06-01,,10.53,8.6,17.0,9.5,1.42,In Progress,,0
LS17_0347,17th Lok Sabha (2019-2024),Lok Sabha,17,Nihal Chand Chauhan,National / Multi-State,Ganganagar(Sc),Ganganagar(Sc),Community Development,MPLADS Constituency Works Allocation for Ganganagar(Sc) (Nihal Chand Chauhan),2019-06-01,,7.6,5.19,17.0,7.0,2.27,In Progress,,0
LS17_0348,17th Lok Sabha (2019-2024),Lok Sabha,17,Arjunlal Meena,National / Multi-State,Udaipur(St),Udaipur(St),Community Development,MPLADS Constituency Works Allocation for Udaipur(St) (Arjunlal Meena),2019-06-01,,7.07,6.38,17.0,7.0,0.85,In Progress,,0
LS17_0349,17th Lok Sabha (2019-2024),Lok Sabha,17,Arjun Ram Meghwal,National / Multi-State,Bikaner(Sc),Bikaner(Sc),Community Development,MPLADS Constituency Works Allocation for Bikaner(Sc) (Arjun Ram Meghwal),2019-06-01,,19.51,13.57,17.0,9.5,3.43,In Progress,,0
LS17_0350,17th Lok Sabha (2019-2024),Lok Sabha,17,Ranjeeta Koli,National / Multi-State,Bharatpur(Sc),Bharatpur(Sc),Community Development,MPLADS Constituency Works Allocation for Bharatpur(Sc) (Ranjeeta Koli),2019-06-01,,8.39,6.99,17.0,7.0,1.43,In Progress,,0
LS17_0351,17th Lok Sabha (2019-2024),Lok Sabha,17,Ramcharan Bohra,National / Multi-State,Jaipur,Jaipur,Community Development,MPLADS Constituency Works Allocation for Jaipur (Ramcharan Bohra),2019-06-01,,7.98,5.89,17.0,7.0,1.56,In Progress,,0
LS17_0352,17th Lok Sabha (2019-2024),Lok Sabha,17,Devji Mansingram Patel,National / Multi-State,Jalore,Jalore,Community Development,MPLADS Constituency Works Allocation for Jalore (Devji Mansingram Patel),2019-06-01,2024-05-31,9.31,9.49,17.0,9.5,0.53,Completed,,0
LS17_0353,17th Lok Sabha (2019-2024),Lok Sabha,17,Sumedhanand Saraswati,National / Multi-State,Sikar,Sikar,Community Development,MPLADS Constituency Works Allocation for Sikar (Sumedhanand Saraswati),2019-06-01,,9.21,8.04,17.0,9.5,1.69,In Progress,,0
LS17_0354,17th Lok Sabha (2019-2024),Lok Sabha,17,Rajyavardhan Singh Rathore,National / Multi-State,Jaipur Rural,Jaipur Rural,Community Development,MPLADS Constituency Works Allocation for Jaipur Rural (Rajyavardhan Singh Rathore),2019-06-01,,7.26,4.03,17.0,5.0,1.5,In Progress,,0
LS17_0355,17th Lok Sabha (2019-2024),Lok Sabha,17,Jaskaur Meena,National / Multi-State,Dausa(St),Dausa(St),Community Development,MPLADS Constituency Works Allocation for Dausa(St) (Jaskaur Meena),2019-06-01,2024-05-31,10.96,11.03,17.0,7.0,0.08,Completed,,0
LS17_0356,17th Lok Sabha (2019-2024),Lok Sabha,17,P.P. Chaudhary,National / Multi-State,Pali,Pali,Community Development,MPLADS Constituency Works Allocation for Pali (P.P. Chaudhary),2019-06-01,,7.81,5.64,17.0,7.0,1.65,In Progress,,0
LS17_0357,17th Lok Sabha (2019-2024),Lok Sabha,17,Kanakmal Katara,National / Multi-State,Banswara(St),Banswara(St),Community Development,MPLADS Constituency Works Allocation for Banswara(St) (Kanakmal Katara),2019-06-01,,13.24,7.35,17.0,9.5,2.3,In Progress,,0
LS17_0358,17th Lok Sabha (2019-2024),Lok Sabha,17,Dushyant Singh,National / Multi-State,Jhalawar-Baran,Jhalawar-Baran,Community Development,MPLADS Constituency Works Allocation for Jhalawar-Baran (Dushyant Singh),2019-06-01,,11.44,9.49,17.0,5.0,2.14,In Progress,,0
LS17_0359,17th Lok Sabha (2019-2024),Lok Sabha,17,Narendra Kumar,National / Multi-State,Jhunjhunu,Jhunjhunu,Community Development,MPLADS Constituency Works Allocation for Jhunjhunu (Narendra Kumar),2019-06-01,,11.03,7.77,17.0,9.5,2.33,In Progress,,0
LS17_0360,17th Lok Sabha (2019-2024),Lok Sabha,17,Bhagirath Chaudhary,National / Multi-State,Ajmer,Ajmer,Community Development,MPLADS Constituency Works Allocation for Ajmer (Bhagirath Chaudhary),2019-06-01,,9.84,5.12,17.0,7.0,2.36,In Progress,,0
LS17_0361,17th Lok Sabha (2019-2024),Lok Sabha,17,Rahul Kaswan,National / Multi-State,Churu,Churu,Community Development,MPLADS Constituency Works Allocation for Churu (Rahul Kaswan),2019-06-01,,12.81,10.62,17.0,9.5,2.45,In Progress,,0
LS17_0362,17th Lok Sabha (2019-2024),Lok Sabha,17,Manoj Rajoria,National / Multi-State,Karauli-Dholpur(Sc),Karauli-Dholpur(Sc),Community Development,MPLADS Constituency Works Allocation for Karauli-Dholpur(Sc) (Manoj Rajoria),2019-06-01,,9.37,7.88,19.5,5.0,2.95,In Progress,,0
LS17_0363,17th Lok Sabha (2019-2024),Lok Sabha,17,Hanuman Beniwal,National / Multi-State,Nagaur,Nagaur,Community Development,MPLADS Constituency Works Allocation for Nagaur (Hanuman Beniwal),2019-06-01,,12.87,11.27,17.0,7.0,0.14,In Progress,,0
LS17_0364,17th Lok Sabha (2019-2024),Lok Sabha,17,Subhash Chandra Baheria,National / Multi-State,Bhilwara,Bhilwara,Community Development,MPLADS Constituency Works Allocation for Bhilwara (Subhash Chandra Baheria),2019-06-01,,6.38,5.44,17.0,5.0,0.06,In Progress,,0
LS17_0365,17th Lok Sabha (2019-2024),Lok Sabha,17,Gajendra Singh Shekhawat,National / Multi-State,Jodhpur,Jodhpur,Community Development,MPLADS Constituency Works Allocation for Jodhpur (Gajendra Singh Shekhawat),2019-06-01,,7.35,6.43,22.0,7.0,1.41,In Progress,,0
LS17_0366,17th Lok Sabha (2019-2024),Lok Sabha,17,Sukhbir Singh Jaunapuria,National / Multi-State,Tonk-Sawai Madhopur,Tonk-Sawai Madhopur,Community Development,MPLADS Constituency Works Allocation for Tonk-Sawai Madhopur (Sukhbir Singh Jaunapuria),2019-06-01,,13.06,10.42,17.0,7.0,2.92,In Progress,,0
LS17_0367,17th Lok Sabha (2019-2024),Lok Sabha,17,Indra Hang Subba,National / Multi-State,Sikkim,Sikkim,Community Development,MPLADS Constituency Works Allocation for Sikkim (Indra Hang Subba),2019-06-01,2024-05-31,7.54,7.68,17.0,7.0,0.18,Completed,,0
LS17_0368,17th Lok Sabha (2019-2024),Lok Sabha,17,Ravikumar,National / Multi-State,D Viluppuram(Sc),D Viluppuram(Sc),Community Development,MPLADS Constituency Works Allocation for D Viluppuram(Sc) (Ravikumar),2019-06-01,,11.83,7.99,17.0,9.5,1.74,In Progress,,0
LS17_0369,17th Lok Sabha (2019-2024),Lok Sabha,17,Kanimozhi Karunanidhi,National / Multi-State,Thoothukkudi,Thoothukkudi,Community Development,MPLADS Constituency Works Allocation for Thoothukkudi (Kanimozhi Karunanidhi),2019-06-01,,14.09,6.79,17.0,7.0,0.55,In Progress,,0
LS17_0370,17th Lok Sabha (2019-2024),Lok Sabha,17,Kathir Anand,National / Multi-State,Dm Vellore,Dm Vellore,Community Development,MPLADS Constituency Works Allocation for Dm Vellore (Kathir Anand),2019-06-01,,6.63,5.72,14.5,7.0,1.38,In Progress,,0
LS17_0371,17th Lok Sabha (2019-2024),Lok Sabha,17,Ganesan Selvam,National / Multi-State,Kancheepuram(Sc),Kancheepuram(Sc),Community Development,MPLADS Constituency Works Allocation for Kancheepuram(Sc) (Ganesan Selvam),2019-06-01,,14.67,9.05,17.0,9.5,0.59,In Progress,,0
LS17_0372,17th Lok Sabha (2019-2024),Lok Sabha,17,H. Vasanthakumar,National / Multi-State,Kanniyakumari,Kanniyakumari,Community Development,MPLADS Constituency Works Allocation for Kanniyakumari (H. Vasanthakumar),2019-06-01,2024-05-31,2.66,3.06,10.0,5.0,1.94,Completed,,0
LS17_0373,17th Lok Sabha (2019-2024),Lok Sabha,17,P. Raveendranath Kumar,National / Multi-State,Theni,Theni,Community Development,MPLADS Constituency Works Allocation for Theni (P. Raveendranath Kumar),2019-06-01,,16.21,7.05,17.0,7.0,1.01,In Progress,,0
LS17_0374,17th Lok Sabha (2019-2024),Lok Sabha,17,A. Ganeshamurthi,National / Multi-State,Erode,Erode,Community Development,MPLADS Constituency Works Allocation for Erode (A. Ganeshamurthi),2019-06-01,,12.37,7.07,17.0,7.0,0.17,In Progress,,0
LS17_0375,17th Lok Sabha (2019-2024),Lok Sabha,17,M Selvaraj,National / Multi-State,Nagapattinam(Sc),Nagapattinam(Sc),Community Development,MPLADS Constituency Works Allocation for Nagapattinam(Sc) (M Selvaraj),2019-06-01,,13.36,8.49,17.0,9.5,1.14,In Progress,,0
LS17_0376,17th Lok Sabha (2019-2024),Lok Sabha,17,T.R.V.S. Ramesh,National / Multi-State,Cuddalore,Cuddalore,Community Development,MPLADS Constituency Works Allocation for Cuddalore (T.R.V.S. Ramesh),2019-06-01,,11.29,9.32,17.0,9.5,0.58,In Progress,,0
LS17_0377,17th Lok Sabha (2019-2024),Lok Sabha,17,Dayanidhi Maran,National / Multi-State,Chennai Central,Chennai Central,Community Development,MPLADS Constituency Works Allocation for Chennai Central (Dayanidhi Maran),2019-06-01,,16.77,8.53,17.0,7.0,0.18,In Progress,,0
LS17_0378,17th Lok Sabha (2019-2024),Lok Sabha,17,S.S. Palanimanickam,National / Multi-State,Thanjavur,Thanjavur,Community Development,MPLADS Constituency Works Allocation for Thanjavur (S.S. Palanimanickam),2019-06-01,,9.58,4.68,17.0,7.0,2.52,In Progress,,0
LS17_0379,17th Lok Sabha (2019-2024),Lok Sabha,17,K Jayakumar,National / Multi-State,Tiruvallur(Sc),Tiruvallur(Sc),Community Development,MPLADS Constituency Works Allocation for Tiruvallur(Sc) (K Jayakumar),2019-06-01,,12.52,4.84,17.0,5.0,0.71,In Progress,,0
LS17_0380,17th Lok Sabha (2019-2024),Lok Sabha,17,Vijayakumar Alias Vijay Vasanth,National / Multi-State,Kanniyakumari,Kanniyakumari,Community Development,MPLADS Constituency Works Allocation for Kanniyakumari (Vijayakumar Alias Vijay Vasanth),2019-06-01,,6.87,1.96,12.0,2.0,0.24,In Progress,,0
LS17_0381,17th Lok Sabha (2019-2024),Lok Sabha,17,Kani K. Navas,National / Multi-State,Ramanathapuram,Ramanathapuram,Community Development,MPLADS Constituency Works Allocation for Ramanathapuram (Kani K. Navas),2019-06-01,,11.85,5.04,17.0,5.0,0.71,In Progress,,0
LS17_0382,17th Lok Sabha (2019-2024),Lok Sabha,17,S. Ramalingam,National / Multi-State,Mayiladuthurai,Mayiladuthurai,Community Development,MPLADS Constituency Works Allocation for Mayiladuthurai (S. Ramalingam),2019-06-01,,15.16,5.11,17.0,5.0,0.18,In Progress,,0
LS17_0383,17th Lok Sabha (2019-2024),Lok Sabha,17,A. Chellakumar,National / Multi-State,Krishnagiri,Krishnagiri,Community Development,MPLADS Constituency Works Allocation for Krishnagiri (A. Chellakumar),2019-06-01,,12.28,4.49,17.0,7.0,2.73,In Progress,,0
LS17_0384,17th Lok Sabha (2019-2024),Lok Sabha,17,Thirumaa Valavan Thol,National / Multi-State,Chidambaram(Sc),Chidambaram(Sc),Community Development,MPLADS Constituency Works Allocation for Chidambaram(Sc) (Thirumaa Valavan Thol),2019-06-01,,10.82,9.46,17.0,9.5,0.2,In Progress,,0
LS17_0385,17th Lok Sabha (2019-2024),Lok Sabha,17,Manickam Tagore B,National / Multi-State,Virudhunagar,Virudhunagar,Community Development,MPLADS Constituency Works Allocation for Virudhunagar (Manickam Tagore B),2019-06-01,,8.65,7.21,17.0,7.0,0.97,In Progress,,0
LS17_0386,17th Lok Sabha (2019-2024),Lok Sabha,17,T.R. Paarivendhar,National / Multi-State,Perambalur,Perambalur,Community Development,MPLADS Constituency Works Allocation for Perambalur (T.R. Paarivendhar),2019-06-01,,11.48,6.18,17.0,7.0,1.08,In Progress,,0
LS17_0387,17th Lok Sabha (2019-2024),Lok Sabha,17,Thalikkottai Rajuthevar Baalu,National / Multi-State,Sriperumbudur,Sriperumbudur,Community Development,MPLADS Constituency Works Allocation for Sriperumbudur (Thalikkottai Rajuthevar Baalu),2019-06-01,,13.72,6.09,17.0,7.0,1.13,In Progress,,0
LS17_0388,17th Lok Sabha (2019-2024),Lok Sabha,17,Dnv Senthilkumar S.,National / Multi-State,Dharamapuri,Dharamapuri,Community Development,MPLADS Constituency Works Allocation for Dharamapuri (Dnv Senthilkumar S.),2019-06-01,,9.94,7.39,19.5,9.5,2.36,In Progress,,0
LS17_0389,17th Lok Sabha (2019-2024),Lok Sabha,17,Su Thirunavukkarasar,National / Multi-State,Tiruchirappalli,Tiruchirappalli,Community Development,MPLADS Constituency Works Allocation for Tiruchirappalli (Su Thirunavukkarasar),2019-06-01,,11.39,9.68,17.0,9.5,0.03,In Progress,,0
LS17_0390,17th Lok Sabha (2019-2024),Lok Sabha,17,S. Gnanathiraviam,National / Multi-State,Tirunelveli,Tirunelveli,Community Development,MPLADS Constituency Works Allocation for Tirunelveli (S. Gnanathiraviam),2019-06-01,,15.89,6.99,17.0,7.0,0.3,In Progress,,0
LS17_0391,17th Lok Sabha (2019-2024),Lok Sabha,17,T. Sumathy (A) Thamizhachi Thangapandian,National / Multi-State,Chennai South,Chennai South,Community Development,MPLADS Constituency Works Allocation for Chennai South (T. Sumathy (A) Thamizhachi Thangapandian),2019-06-01,,13.86,4.97,22.0,7.0,2.28,In Progress,,0
LS17_0392,17th Lok Sabha (2019-2024),Lok Sabha,17,Andimuthu Raja,National / Multi-State,Nilgiris(Sc),Nilgiris(Sc),Community Development,MPLADS Constituency Works Allocation for Nilgiris(Sc) (Andimuthu Raja),2019-06-01,,10.86,6.75,17.0,7.0,0.41,In Progress,,0
LS17_0393,17th Lok Sabha (2019-2024),Lok Sabha,17,Dhanush M Kumar,National / Multi-State,Tenkasi(Sc),Tenkasi(Sc),Community Development,MPLADS Constituency Works Allocation for Tenkasi(Sc) (Dhanush M Kumar),2019-06-01,,11.14,4.95,17.0,5.0,0.28,In Progress,,0
LS17_0394,17th Lok Sabha (2019-2024),Lok Sabha,17,Karti P Chidambaram,National / Multi-State,Sivaganga,Sivaganga,Community Development,MPLADS Constituency Works Allocation for Sivaganga (Karti P Chidambaram),2019-06-01,,10.44,7.07,17.0,7.0,0.05,In Progress,,0
LS17_0395,17th Lok Sabha (2019-2024),Lok Sabha,17,S.R. Parthiban,National / Multi-State,Salem,Salem,Community Development,MPLADS Constituency Works Allocation for Salem (S.R. Parthiban),2019-06-01,,16.69,10.44,17.0,9.5,0.37,In Progress,,0
LS17_0396,17th Lok Sabha (2019-2024),Lok Sabha,17,K. Subbarayan,National / Multi-State,Tiruppur,Tiruppur,Community Development,MPLADS Constituency Works Allocation for Tiruppur (K. Subbarayan),2019-06-01,,10.04,6.31,17.0,7.0,0.9,In Progress,,0
LS17_0397,17th Lok Sabha (2019-2024),Lok Sabha,17,A.K.P Chinraj,National / Multi-State,Namakkal,Namakkal,Community Development,MPLADS Constituency Works Allocation for Namakkal (A.K.P Chinraj),2019-06-01,,11.96,4.45,17.0,7.0,2.83,In Progress,,0
LS17_0398,17th Lok Sabha (2019-2024),Lok Sabha,17,S. Venkatesan,National / Multi-State,Madurai,Madurai,Community Development,MPLADS Constituency Works Allocation for Madurai (S. Venkatesan),2019-06-01,,15.26,4.34,17.0,5.0,0.91,In Progress,,0
LS17_0399,17th Lok Sabha (2019-2024),Lok Sabha,17,V. Kalanidhi,National / Multi-State,Chennai North,Chennai North,Community Development,MPLADS Constituency Works Allocation for Chennai North (V. Kalanidhi),2019-06-01,,13.65,7.8,17.0,5.0,0.03,In Progress,,0
LS17_0400,17th Lok Sabha (2019-2024),Lok Sabha,17,M.K. Vishnu Prasad,National / Multi-State,Arani,Arani,Community Development,MPLADS Constituency Works Allocation for Arani (M.K. Vishnu Prasad),2019-06-01,,15.89,11.56,17.0,12.0,0.59,In Progress,,0
LS17_0401,17th Lok Sabha (2019-2024),Lok Sabha,17,K. Shanmuga Sundaram,National / Multi-State,Pollachi,Pollachi,Community Development,MPLADS Constituency Works Allocation for Pollachi (K. Shanmuga Sundaram),2019-06-01,,9.63,6.7,17.0,7.0,0.44,In Progress,,0
LS17_0402,17th Lok Sabha (2019-2024),Lok Sabha,17,C.N. Annadurai,National / Multi-State,Tiruvannamalai,Tiruvannamalai,Community Development,MPLADS Constituency Works Allocation for Tiruvannamalai (C.N. Annadurai),2019-06-01,,17.46,11.47,17.0,12.0,1.48,In Progress,,0
LS17_0403,17th Lok Sabha (2019-2024),Lok Sabha,17,Gautham Sigamani Pon,National / Multi-State,Kallakurichi,Kallakurichi,Community Development,MPLADS Constituency Works Allocation for Kallakurichi (Gautham Sigamani Pon),2019-06-01,,11.85,6.01,17.0,7.0,1.16,In Progress,,0
LS17_0404,17th Lok Sabha (2019-2024),Lok Sabha,17,S. Jagathrakshakan,National / Multi-State,Arakkonam,Arakkonam,Community Development,MPLADS Constituency Works Allocation for Arakkonam (S. Jagathrakshakan),2019-06-01,,9.29,6.42,17.0,7.0,0.69,In Progress,,0
LS17_0405,17th Lok Sabha (2019-2024),Lok Sabha,17,P. Velusamy,National / Multi-State,Dindigul,Dindigul,Community Development,MPLADS Constituency Works Allocation for Dindigul (P. Velusamy),2019-06-01,,12.12,7.67,17.0,7.0,0.08,In Progress,,0
LS17_0406,17th Lok Sabha (2019-2024),Lok Sabha,17,P.R. Natarajan,National / Multi-State,Coimbatore,Coimbatore,Community Development,MPLADS Constituency Works Allocation for Coimbatore (P.R. Natarajan),2019-06-01,,15.56,6.81,17.0,7.0,1.7,In Progress,,0
LS17_0407,17th Lok Sabha (2019-2024),Lok Sabha,17,S. Jothimani,National / Multi-State,Karur,Karur,Community Development,MPLADS Constituency Works Allocation for Karur (S. Jothimani),2019-06-01,,12.94,9.87,17.0,9.5,0.18,In Progress,,0
LS17_0408,17th Lok Sabha (2019-2024),Lok Sabha,17,Bheemrao Baswanthrao Patil,National / Multi-State,Zahirabad,Zahirabad,Community Development,MPLADS Constituency Works Allocation for Zahirabad (Bheemrao Baswanthrao Patil),2019-06-01,,7.81,4.53,17.0,7.0,2.84,In Progress,,0
LS17_0409,17th Lok Sabha (2019-2024),Lok Sabha,17,Ramulu Pothuganti,National / Multi-State,Nagarkurnool(Sc),Nagarkurnool(Sc),Community Development,MPLADS Constituency Works Allocation for Nagarkurnool(Sc) (Ramulu Pothuganti),2019-06-01,,11.7,8.73,17.0,9.5,1.0,In Progress,,0
LS17_0410,17th Lok Sabha (2019-2024),Lok Sabha,17,Arvind Dharmapuri,National / Multi-State,Nizamabad,Nizamabad,Community Development,MPLADS Constituency Works Allocation for Nizamabad (Arvind Dharmapuri),2019-06-01,,15.94,4.34,17.0,5.0,0.99,In Progress,,0
LS17_0411,17th Lok Sabha (2019-2024),Lok Sabha,17,Soyam Babu Rao,National / Multi-State,Adilabad(St),Adilabad(St),Community Development,MPLADS Constituency Works Allocation for Adilabad(St) (Soyam Babu Rao),2019-06-01,,9.39,6.7,17.0,9.5,2.95,In Progress,,0
LS17_0412,17th Lok Sabha (2019-2024),Lok Sabha,17,Kishan Reddy Gangapuram,National / Multi-State,Secunderabad,Secunderabad,Community Development,MPLADS Constituency Works Allocation for Secunderabad (Kishan Reddy Gangapuram),2019-06-01,,14.1,4.85,17.0,7.0,2.43,In Progress,,0
LS17_0413,17th Lok Sabha (2019-2024),Lok Sabha,17,Uttam Kumar Nalamada Reddy,National / Multi-State,Nalgonda,Nalgonda,Community Development,MPLADS Constituency Works Allocation for Nalgonda (Uttam Kumar Nalamada Reddy),2019-06-01,,10.01,5.54,17.0,7.0,2.43,In Progress,,0
LS17_0414,17th Lok Sabha (2019-2024),Lok Sabha,17,Dayakar Pasunoori,National / Multi-State,Warangel(Sc),Warangel(Sc),Community Development,MPLADS Constituency Works Allocation for Warangel(Sc) (Dayakar Pasunoori),2019-06-01,,9.62,5.31,17.0,7.0,1.83,In Progress,,0
LS17_0415,17th Lok Sabha (2019-2024),Lok Sabha,17,Nama Nageswara Rao,National / Multi-State,Khammam,Khammam,Community Development,MPLADS Constituency Works Allocation for Khammam (Nama Nageswara Rao),2019-06-01,,14.17,4.49,17.0,7.0,2.84,In Progress,,0
LS17_0416,17th Lok Sabha (2019-2024),Lok Sabha,17,Kavitha Malothu,National / Multi-State,Mahabubabad,Mahabubabad,Community Development,MPLADS Constituency Works Allocation for Mahabubabad (Kavitha Malothu),2019-06-01,,6.83,5.42,17.0,7.0,1.81,In Progress,,0
LS17_0417,17th Lok Sabha (2019-2024),Lok Sabha,17,Anumula Revanth Reddy,National / Multi-State,Malkajgiri,Malkajgiri,Community Development,MPLADS Constituency Works Allocation for Malkajgiri (Anumula Revanth Reddy),2019-06-01,,6.75,4.98,17.0,7.0,2.42,In Progress,,0
LS17_0418,17th Lok Sabha (2019-2024),Lok Sabha,17,Sanjay Kumar Bandi,National / Multi-State,Karimnagar,Karimnagar,Community Development,MPLADS Constituency Works Allocation for Karimnagar (Sanjay Kumar Bandi),2019-06-01,,9.42,5.03,17.0,5.0,0.2,In Progress,,0
LS17_0419,17th Lok Sabha (2019-2024),Lok Sabha,17,Manne Srinivas Reddy,National / Multi-State,Mahabubnagar,Mahabubnagar,Community Development,MPLADS Constituency Works Allocation for Mahabubnagar (Manne Srinivas Reddy),2019-06-01,,12.16,7.24,19.5,7.0,0.0,In Progress,,0
LS17_0420,17th Lok Sabha (2019-2024),Lok Sabha,17,Asaduddin Owaisi,National / Multi-State,Hyderabad,Hyderabad,Community Development,MPLADS Constituency Works Allocation for Hyderabad (Asaduddin Owaisi),2019-06-01,,10.71,6.06,19.5,7.0,1.18,In Progress,,0
LS17_0421,17th Lok Sabha (2019-2024),Lok Sabha,17,Komati Reddy Venkat Reddy,National / Multi-State,Bhongir,Bhongir,Community Development,MPLADS Constituency Works Allocation for Bhongir (Komati Reddy Venkat Reddy),2019-06-01,,6.87,6.76,17.0,7.0,0.37,In Progress,,0
LS17_0422,17th Lok Sabha (2019-2024),Lok Sabha,17,Venkatesh Netha Borlakunta,National / Multi-State,Peddapalle,Peddapalle,Community Development,MPLADS Constituency Works Allocation for Peddapalle (Venkatesh Netha Borlakunta),2019-06-01,,6.74,5.39,17.0,7.0,2.11,In Progress,,0
LS17_0423,17th Lok Sabha (2019-2024),Lok Sabha,17,Kotha Prabhakar Reddy,National / Multi-State,Medak,Medak,Community Development,MPLADS Constituency Works Allocation for Medak (Kotha Prabhakar Reddy),2019-06-01,,16.59,5.94,17.0,7.0,1.32,In Progress,,0
LS17_0424,17th Lok Sabha (2019-2024),Lok Sabha,17,Gaddam Ranjith Reddy,National / Multi-State,Chelvella,Chelvella,Community Development,MPLADS Constituency Works Allocation for Chelvella (Gaddam Ranjith Reddy),2019-06-01,,10.91,4.95,17.0,7.0,2.38,In Progress,,0
LS17_0425,17th Lok Sabha (2019-2024),Lok Sabha,17,Pratima Bhoumik,National / Multi-State,Tripura West,Tripura West,Community Development,MPLADS Constituency Works Allocation for Tripura West (Pratima Bhoumik),2019-06-01,,5.29,2.85,17.0,5.0,2.62,In Progress,,0
LS17_0426,17th Lok Sabha (2019-2024),Lok Sabha,17,Rebati Tripura,National / Multi-State,Tripura East(St),Tripura East(St),Community Development,MPLADS Constituency Works Allocation for Tripura East(St) (Rebati Tripura),2019-06-01,,8.07,6.93,34.5,24.5,17.72,In Progress,,0
LS17_0427,17th Lok Sabha (2019-2024),Lok Sabha,17,Mahesh Sharma,National / Multi-State,Gautam Buddha Nagar,Gautam Buddha Nagar,Community Development,MPLADS Constituency Works Allocation for Gautam Buddha Nagar (Mahesh Sharma),2019-06-01,,11.53,11.17,17.0,9.5,0.93,In Progress,,0
LS17_0428,17th Lok Sabha (2019-2024),Lok Sabha,17,Feroze Varun Gandhi,National / Multi-State,Pilibhit,Pilibhit,Community Development,MPLADS Constituency Works Allocation for Pilibhit (Feroze Varun Gandhi),2019-06-01,,9.16,8.74,17.0,9.5,0.89,In Progress,,0
LS17_0429,17th Lok Sabha (2019-2024),Lok Sabha,17,Dimple Yadav,National / Multi-State,Mainpuri,Mainpuri,Community Development,MPLADS Constituency Works Allocation for Mainpuri (Dimple Yadav),2019-06-01,,1.82,1.1,7.5,2.5,1.42,In Progress,,0
LS17_0430,17th Lok Sabha (2019-2024),Lok Sabha,17,Haji Fazlur Rehman,National / Multi-State,Saharanpur,Saharanpur,Community Development,MPLADS Constituency Works Allocation for Saharanpur (Haji Fazlur Rehman),2019-06-01,,9.42,8.24,17.0,9.5,1.83,In Progress,,0
LS17_0431,17th Lok Sabha (2019-2024),Lok Sabha,17,Girish Chandra,National / Multi-State,Nagina(Sc),Nagina(Sc),Community Development,MPLADS Constituency Works Allocation for Nagina(Sc) (Girish Chandra),2019-06-01,,9.36,8.45,17.0,9.5,1.52,In Progress,,0
LS17_0432,17th Lok Sabha (2019-2024),Lok Sabha,17,Jai Prakash,National / Multi-State,Hardoi (Sc),Hardoi (Sc),Community Development,MPLADS Constituency Works Allocation for Hardoi (Sc) (Jai Prakash),2019-06-01,,8.85,7.57,17.0,9.5,2.14,In Progress,,0
LS17_0433,17th Lok Sabha (2019-2024),Lok Sabha,17,Anupriya Patel,National / Multi-State,Mirzapur,Mirzapur,Community Development,MPLADS Constituency Works Allocation for Mirzapur (Anupriya Patel),2019-06-01,,6.78,5.37,17.0,7.0,2.15,In Progress,,0
LS17_0434,17th Lok Sabha (2019-2024),Lok Sabha,17,Satish Kumar Gautam,National / Multi-State,Aligarh,Aligarh,Community Development,MPLADS Constituency Works Allocation for Aligarh (Satish Kumar Gautam),2019-06-01,,12.1,11.9,17.0,12.0,0.32,In Progress,,0
LS17_0435,17th Lok Sabha (2019-2024),Lok Sabha,17,Virendra Singh,National / Multi-State,Ballia,Ballia,Community Development,MPLADS Constituency Works Allocation for Ballia (Virendra Singh),2019-06-01,,7.24,5.94,17.0,7.0,1.97,In Progress,,0
LS17_0436,17th Lok Sabha (2019-2024),Lok Sabha,17,Narendra Modi,National / Multi-State,Varanasi,Varanasi,Community Development,MPLADS Constituency Works Allocation for Varanasi (Narendra Modi),2019-06-01,,8.71,8.65,19.5,7.0,0.43,In Progress,,0
LS17_0437,17th Lok Sabha (2019-2024),Lok Sabha,17,Rajesh Verma,National / Multi-State,Sitapur,Sitapur,Community Development,MPLADS Constituency Works Allocation for Sitapur (Rajesh Verma),2019-06-01,,9.46,6.89,17.0,9.5,2.82,In Progress,,0
LS17_0438,17th Lok Sabha (2019-2024),Lok Sabha,17,Satyadev Pachauri,National / Multi-State,Kanpur,Kanpur,Community Development,MPLADS Constituency Works Allocation for Kanpur (Satyadev Pachauri),2019-06-01,,12.72,11.39,17.0,12.0,1.67,In Progress,,0
LS17_0439,17th Lok Sabha (2019-2024),Lok Sabha,17,Rajkumar Chahar,National / Multi-State,Fatehpur Sikri,Fatehpur Sikri,Community Development,MPLADS Constituency Works Allocation for Fatehpur Sikri (Rajkumar Chahar),2019-06-01,,12.46,11.84,17.0,12.0,0.87,In Progress,,0
LS17_0440,17th Lok Sabha (2019-2024),Lok Sabha,17,S.P. Singh Baghel,National / Multi-State,Agra(Sc),Agra(Sc),Community Development,MPLADS Constituency Works Allocation for Agra(Sc) (S.P. Singh Baghel),2019-06-01,,12.21,11.45,17.0,12.0,1.07,In Progress,,0
LS17_0441,17th Lok Sabha (2019-2024),Lok Sabha,17,Chandra Sen Jadon,National / Multi-State,Firozabad,Firozabad,Community Development,MPLADS Constituency Works Allocation for Firozabad (Chandra Sen Jadon),2019-06-01,,12.09,11.7,17.0,12.0,0.67,In Progress,,0
LS17_0442,17th Lok Sabha (2019-2024),Lok Sabha,17,B.P. Saroj Bholanath,National / Multi-State,Machhlishahr(Sc),Machhlishahr(Sc),Community Development,MPLADS Constituency Works Allocation for Machhlishahr(Sc) (B.P. Saroj Bholanath),2019-06-01,,11.86,10.36,17.0,12.0,2.06,In Progress,,0
LS17_0443,17th Lok Sabha (2019-2024),Lok Sabha,17,Satya Pal Singh,National / Multi-State,Baghpat,Baghpat,Community Development,MPLADS Constituency Works Allocation for Baghpat (Satya Pal Singh),2019-06-01,,9.82,4.86,17.0,7.0,2.97,In Progress,,0
LS17_0444,17th Lok Sabha (2019-2024),Lok Sabha,17,Rajendra Agrawal,National / Multi-State,Meerut,Meerut,Community Development,MPLADS Constituency Works Allocation for Meerut (Rajendra Agrawal),2019-06-01,,10.14,9.23,17.0,9.5,1.18,In Progress,,0
LS17_0445,17th Lok Sabha (2019-2024),Lok Sabha,17,Dharmendra Kumar Kashyap,National / Multi-State,Aonla,Aonla,Community Development,MPLADS Constituency Works Allocation for Aonla (Dharmendra Kumar Kashyap),2019-06-01,,12.95,11.84,19.5,12.0,1.67,In Progress,,0
LS17_0446,17th Lok Sabha (2019-2024),Lok Sabha,17,Shafiqur Rahman Barq,National / Multi-State,Sambhal,Sambhal,Community Development,MPLADS Constituency Works Allocation for Sambhal (Shafiqur Rahman Barq),2019-06-01,,11.16,9.93,17.0,12.0,2.19,In Progress,,0
LS17_0447,17th Lok Sabha (2019-2024),Lok Sabha,17,Mohammad Azam Khan-Ex,National / Multi-State,Rampur,Rampur,Community Development,MPLADS Constituency Works Allocation for Rampur (Mohammad Azam Khan-Ex),2019-06-01,2024-05-31,2.37,2.37,7.5,2.5,0.58,Completed,,0
LS17_0448,17th Lok Sabha (2019-2024),Lok Sabha,17,Rajveer Raju Bhaiya Singh,National / Multi-State,Etah,Etah,Community Development,MPLADS Constituency Works Allocation for Etah (Rajveer Raju Bhaiya Singh),2019-06-01,,9.53,9.04,17.0,9.5,0.64,In Progress,,0
LS17_0449,17th Lok Sabha (2019-2024),Lok Sabha,17,Sanghamitra Maurya,National / Multi-State,Badaun,Badaun,Community Development,MPLADS Constituency Works Allocation for Badaun (Sanghamitra Maurya),2019-06-01,,9.14,7.19,17.0,9.5,2.53,In Progress,,0
LS17_0450,17th Lok Sabha (2019-2024),Lok Sabha,17,Harish Dwivedi,National / Multi-State,Basti,Basti,Community Development,MPLADS Constituency Works Allocation for Basti (Harish Dwivedi),2019-06-01,,11.67,5.75,17.0,5.0,0.13,In Progress,,0
LS17_0451,17th Lok Sabha (2019-2024),Lok Sabha,17,Santosh Kumar Gangwar,National / Multi-State,Bareilly,Bareilly,Community Development,MPLADS Constituency Works Allocation for Bareilly (Santosh Kumar Gangwar),2019-06-01,,11.89,10.31,19.5,12.0,1.92,In Progress,,0
LS17_0452,17th Lok Sabha (2019-2024),Lok Sabha,17,Rajveer Diler,National / Multi-State,Hathras (Sc),Hathras (Sc),Community Development,MPLADS Constituency Works Allocation for Hathras (Sc) (Rajveer Diler),2019-06-01,,9.19,9.05,17.0,9.5,0.65,In Progress,,0
LS17_0453,17th Lok Sabha (2019-2024),Lok Sabha,17,Smriti Irani,National / Multi-State,Amethi,Amethi,Community Development,MPLADS Constituency Works Allocation for Amethi (Smriti Irani),2019-06-01,,7.09,5.43,17.0,7.0,1.94,In Progress,,0
LS17_0454,17th Lok Sabha (2019-2024),Lok Sabha,17,Sonia Gandhi,National / Multi-State,Rae Bareli,Rae Bareli,Community Development,MPLADS Constituency Works Allocation for Rae Bareli (Sonia Gandhi),2019-06-01,,6.62,5.09,17.0,7.0,2.19,In Progress,,0
LS17_0455,17th Lok Sabha (2019-2024),Lok Sabha,17,Mulayam Singh Yadav,National / Multi-State,Mainpuri,Mainpuri,Community Development,MPLADS Constituency Works Allocation for Mainpuri (Mulayam Singh Yadav),2019-06-01,,7.68,6.87,17.0,7.0,1.21,In Progress,,0
LS17_0456,17th Lok Sabha (2019-2024),Lok Sabha,17,Danish Ali Kunwar,National / Multi-State,Amroha,Amroha,Community Development,MPLADS Constituency Works Allocation for Amroha (Danish Ali Kunwar),2019-06-01,,9.41,9.15,17.0,9.5,0.66,In Progress,,0
LS17_0457,17th Lok Sabha (2019-2024),Lok Sabha,17,Dinesh Lal Yadav(Nirahua),National / Multi-State,Azamgarh,Azamgarh,Community Development,MPLADS Constituency Works Allocation for Azamgarh (Dinesh Lal Yadav(Nirahua)),2019-06-01,,4.95,4.06,10.0,5.0,0.97,In Progress,,0
LS17_0458,17th Lok Sabha (2019-2024),Lok Sabha,17,Pakauri Lal,National / Multi-State,Robertsganj(Sc),Robertsganj(Sc),Community Development,MPLADS Constituency Works Allocation for Robertsganj(Sc) (Pakauri Lal),2019-06-01,,13.11,11.13,17.0,12.0,1.59,In Progress,,0
LS17_0459,17th Lok Sabha (2019-2024),Lok Sabha,17,Keshari Devi Patel,National / Multi-State,Phulpur,Phulpur,Community Development,MPLADS Constituency Works Allocation for Phulpur (Keshari Devi Patel),2019-06-01,,7.53,5.75,17.0,7.0,2.26,In Progress,,0
LS17_0460,17th Lok Sabha (2019-2024),Lok Sabha,17,Akhilesh Yadav-Ex,National / Multi-State,Azamgarh,Azamgarh,Community Development,MPLADS Constituency Works Allocation for Azamgarh (Akhilesh Yadav-Ex),2019-06-01,,4.69,4.25,7.0,7.0,2.87,In Progress,,0
LS17_0461,17th Lok Sabha (2019-2024),Lok Sabha,17,Kamlesh Paswan,National / Multi-State,Bansgaon(Sc),Bansgaon(Sc),Community Development,MPLADS Constituency Works Allocation for Bansgaon(Sc) (Kamlesh Paswan),2019-06-01,,9.25,7.72,17.0,9.5,2.1,In Progress,,0
LS17_0462,17th Lok Sabha (2019-2024),Lok Sabha,17,Bhola Singh,National / Multi-State,Bulandshahr(Sc),Bulandshahr(Sc),Community Development,MPLADS Constituency Works Allocation for Bulandshahr(Sc) (Bhola Singh),2019-06-01,2024-05-31,10.33,10.52,17.0,9.5,0.02,Completed,,0
LS17_0463,17th Lok Sabha (2019-2024),Lok Sabha,17,Seyed Tufail Hasan,National / Multi-State,Moradabad,Moradabad,Community Development,MPLADS Constituency Works Allocation for Moradabad (Seyed Tufail Hasan),2019-06-01,,11.48,10.52,17.0,12.0,1.66,In Progress,,0
LS17_0464,17th Lok Sabha (2019-2024),Lok Sabha,17,Niranjan Jyoti,National / Multi-State,Fatehpur,Fatehpur,Community Development,MPLADS Constituency Works Allocation for Fatehpur (Niranjan Jyoti),2019-06-01,,9.69,8.22,17.0,9.5,1.68,In Progress,,0
LS17_0465,17th Lok Sabha (2019-2024),Lok Sabha,17,Upendra Singh Rawat,National / Multi-State,Barabanki(Sc),Barabanki(Sc),Community Development,MPLADS Constituency Works Allocation for Barabanki(Sc) (Upendra Singh Rawat),2019-06-01,,14.54,12.73,19.5,12.0,2.56,In Progress,,0
LS17_0466,17th Lok Sabha (2019-2024),Lok Sabha,17,Anurag Sharma,National / Multi-State,Jhansi,Jhansi,Community Development,MPLADS Constituency Works Allocation for Jhansi (Anurag Sharma),2019-06-01,,9.91,8.35,17.0,7.0,2.27,In Progress,,0
LS17_0467,17th Lok Sabha (2019-2024),Lok Sabha,17,Rita Bahuguna Joshi,National / Multi-State,Allahabad,Allahabad,Community Development,MPLADS Constituency Works Allocation for Allahabad (Rita Bahuguna Joshi),2019-06-01,,10.37,8.61,17.0,9.5,2.88,In Progress,,0
LS17_0468,17th Lok Sabha (2019-2024),Lok Sabha,17,Bhanu Pratap Singh Verma,National / Multi-State,Jalaun(Sc),Jalaun(Sc),Community Development,MPLADS Constituency Works Allocation for Jalaun(Sc) (Bhanu Pratap Singh Verma),2019-06-01,,14.9,13.97,24.5,14.5,1.29,In Progress,,0
LS17_0469,17th Lok Sabha (2019-2024),Lok Sabha,17,Rajnath Singh,National / Multi-State,Lucknow,Lucknow,Community Development,MPLADS Constituency Works Allocation for Lucknow (Rajnath Singh),2019-06-01,,12.45,10.84,17.0,12.0,2.43,In Progress,,0
LS17_0470,17th Lok Sabha (2019-2024),Lok Sabha,17,Ashok Kumar Rawat,National / Multi-State,Misrikh(Sc),Misrikh(Sc),Community Development,MPLADS Constituency Works Allocation for Misrikh(Sc) (Ashok Kumar Rawat),2019-06-01,,8.93,7.69,17.0,9.5,2.03,In Progress,,0
LS17_0471,17th Lok Sabha (2019-2024),Lok Sabha,17,Maneka Sanjay Gandhi,National / Multi-State,Sultanpur,Sultanpur,Community Development,MPLADS Constituency Works Allocation for Sultanpur (Maneka Sanjay Gandhi),2019-06-01,,11.0,8.38,17.0,9.5,2.64,In Progress,,0
LS17_0472,17th Lok Sabha (2019-2024),Lok Sabha,17,Sanjeev Kumar Balyan,National / Multi-State,Muzaffarnagar,Muzaffarnagar,Community Development,MPLADS Constituency Works Allocation for Muzaffarnagar (Sanjeev Kumar Balyan),2019-06-01,,12.62,10.43,17.0,12.0,2.26,In Progress,,0
LS17_0473,17th Lok Sabha (2019-2024),Lok Sabha,17,Vinod Kumar Sonkar,National / Multi-State,Kaushambi(Sc),Kaushambi(Sc),Community Development,MPLADS Constituency Works Allocation for Kaushambi(Sc) (Vinod Kumar Sonkar),2019-06-01,,11.84,10.65,17.0,12.0,1.46,In Progress,,0
LS17_0474,17th Lok Sabha (2019-2024),Lok Sabha,17,Pankaj Chowdhary,National / Multi-State,Maharajganj,Maharajganj,Community Development,MPLADS Constituency Works Allocation for Maharajganj (Pankaj Chowdhary),2019-06-01,,9.43,9.2,17.0,9.5,0.4,In Progress,,0
LS17_0475,17th Lok Sabha (2019-2024),Lok Sabha,17,Rekha Arun Verma,National / Multi-State,Dhaurahra,Dhaurahra,Community Development,MPLADS Constituency Works Allocation for Dhaurahra (Rekha Arun Verma),2019-06-01,,12.24,12.11,17.0,12.0,0.5,In Progress,,0
LS17_0476,17th Lok Sabha (2019-2024),Lok Sabha,17,Sangam Lal Gupta,National / Multi-State,Pratapgarh,Pratapgarh,Community Development,MPLADS Constituency Works Allocation for Pratapgarh (Sangam Lal Gupta),2019-06-01,,10.47,8.62,17.0,9.5,2.25,In Progress,,0
LS17_0477,17th Lok Sabha (2019-2024),Lok Sabha,17,Afzal Ansari,National / Multi-State,Ghazipur,Ghazipur,Community Development,MPLADS Constituency Works Allocation for Ghazipur (Afzal Ansari),2019-06-01,,9.84,8.59,17.0,9.5,2.21,In Progress,,0
LS17_0478,17th Lok Sabha (2019-2024),Lok Sabha,17,Hema Malini,National / Multi-State,Mathura,Mathura,Community Development,MPLADS Constituency Works Allocation for Mathura (Hema Malini),2019-06-01,,18.18,10.39,17.0,7.0,-1.86,In Progress,,0
LS17_0479,17th Lok Sabha (2019-2024),Lok Sabha,17,Subrata Pathak,National / Multi-State,Kannauj,Kannauj,Community Development,MPLADS Constituency Works Allocation for Kannauj (Subrata Pathak),2019-06-01,,10.82,9.48,17.0,9.5,1.96,In Progress,,0
LS17_0480,17th Lok Sabha (2019-2024),Lok Sabha,17,Vijay Kumar Dubey,National / Multi-State,Kushi Nagar,Kushi Nagar,Community Development,MPLADS Constituency Works Allocation for Kushi Nagar (Vijay Kumar Dubey),2019-06-01,,11.76,10.97,17.0,12.0,1.37,In Progress,,0
LS17_0481,17th Lok Sabha (2019-2024),Lok Sabha,17,Devendra Alias Bhole Singh,National / Multi-State,Akbarpur,Akbarpur,Community Development,MPLADS Constituency Works Allocation for Akbarpur (Devendra Alias Bhole Singh),2019-06-01,,9.68,8.13,17.0,9.5,1.96,In Progress,,0
LS17_0482,17th Lok Sabha (2019-2024),Lok Sabha,17,Ram Shiromani,National / Multi-State,Shrawasti,Shrawasti,Community Development,MPLADS Constituency Works Allocation for Shrawasti (Ram Shiromani),2019-06-01,,5.45,4.53,17.0,5.0,1.59,In Progress,,0
LS17_0483,17th Lok Sabha (2019-2024),Lok Sabha,17,R.K. Singh Patel,National / Multi-State,Banda,Banda,Community Development,MPLADS Constituency Works Allocation for Banda (R.K. Singh Patel),2019-06-01,,9.88,9.4,17.0,9.5,0.83,In Progress,,0
LS17_0484,17th Lok Sabha (2019-2024),Lok Sabha,17,Ravindra Kushawaha,National / Multi-State,Salempur,Salempur,Community Development,MPLADS Constituency Works Allocation for Salempur (Ravindra Kushawaha),2019-06-01,,8.12,6.83,17.0,7.0,1.63,In Progress,,0
LS17_0485,17th Lok Sabha (2019-2024),Lok Sabha,17,Shyam Yadav Singh,National / Multi-State,Jaunpur,Jaunpur,Community Development,MPLADS Constituency Works Allocation for Jaunpur (Shyam Yadav Singh),2019-06-01,,7.97,5.74,17.0,7.0,2.56,In Progress,,0
LS17_0486,17th Lok Sabha (2019-2024),Lok Sabha,17,General Dr.Vijay Kumar Singh Retd.,National / Multi-State,Ghaziabad,Ghaziabad,Community Development,MPLADS Constituency Works Allocation for Ghaziabad (General Dr.Vijay Kumar Singh Retd.),2019-06-01,,11.34,7.47,17.0,9.5,3.82,In Progress,,0
LS17_0487,17th Lok Sabha (2019-2024),Lok Sabha,17,Brijbhushan Sharan Singh,National / Multi-State,Kaiserganj,Kaiserganj,Community Development,MPLADS Constituency Works Allocation for Kaiserganj (Brijbhushan Sharan Singh),2019-06-01,2024-05-31,12.07,12.31,19.5,12.0,0.35,Completed,,0
LS17_0488,17th Lok Sabha (2019-2024),Lok Sabha,17,Ghanshyam Singh Lodhi,National / Multi-State,Rampur,Rampur,Community Development,MPLADS Constituency Works Allocation for Rampur (Ghanshyam Singh Lodhi),2019-06-01,,9.84,8.18,14.5,9.5,1.95,In Progress,,0
LS17_0489,17th Lok Sabha (2019-2024),Lok Sabha,17,Ramapati Ram Tripathi,National / Multi-State,Deoria,Deoria,Community Development,MPLADS Constituency Works Allocation for Deoria (Ramapati Ram Tripathi),2019-06-01,,9.17,9.07,17.0,9.5,0.72,In Progress,,0
LS17_0490,17th Lok Sabha (2019-2024),Lok Sabha,17,Malook Nagar,National / Multi-State,Bijnor,Bijnor,Community Development,MPLADS Constituency Works Allocation for Bijnor (Malook Nagar),2019-06-01,,6.55,4.76,17.0,7.0,2.88,In Progress,,0
LS17_0491,17th Lok Sabha (2019-2024),Lok Sabha,17,Praveen Kumar Nishad,National / Multi-State,Sant Kabir Nagar,Sant Kabir Nagar,Community Development,MPLADS Constituency Works Allocation for Sant Kabir Nagar (Praveen Kumar Nishad),2019-06-01,,7.38,5.98,17.0,7.0,2.5,In Progress,,0
LS17_0492,17th Lok Sabha (2019-2024),Lok Sabha,17,Ajay (Teni) Misra,National / Multi-State,Kheri,Kheri,Community Development,MPLADS Constituency Works Allocation for Kheri (Ajay (Teni) Misra),2019-06-01,2024-05-31,12.07,12.19,17.0,12.0,0.14,Completed,,0
LS17_0493,17th Lok Sabha (2019-2024),Lok Sabha,17,Atul Kumar Singh,National / Multi-State,Ghosi,Ghosi,Community Development,MPLADS Constituency Works Allocation for Ghosi (Atul Kumar Singh),2019-06-01,,6.52,6.08,17.0,7.0,1.33,In Progress,,0
LS17_0494,17th Lok Sabha (2019-2024),Lok Sabha,17,Mukesh Rajput,National / Multi-State,Farrukhabad,Farrukhabad,Community Development,MPLADS Constituency Works Allocation for Farrukhabad (Mukesh Rajput),2019-06-01,,11.06,10.67,17.0,9.5,0.64,In Progress,,0
LS17_0495,17th Lok Sabha (2019-2024),Lok Sabha,17,Kaushal Kishore,National / Multi-State,Mohanlalganj(Sc),Mohanlalganj(Sc),Community Development,MPLADS Constituency Works Allocation for Mohanlalganj(Sc) (Kaushal Kishore),2019-06-01,,12.71,10.97,17.0,12.0,1.93,In Progress,,0
LS17_0496,17th Lok Sabha (2019-2024),Lok Sabha,17,Mahendra Nath Pandey,National / Multi-State,Chandauli,Chandauli,Community Development,MPLADS Constituency Works Allocation for Chandauli (Mahendra Nath Pandey),2019-06-01,2024-05-31,8.8,8.8,17.0,9.5,0.89,Completed,,0
LS17_0497,17th Lok Sabha (2019-2024),Lok Sabha,17,Lallu Singh,National / Multi-State,Faizabad,Faizabad,Community Development,MPLADS Constituency Works Allocation for Faizabad (Lallu Singh),2019-06-01,2024-05-31,10.03,10.17,17.0,9.5,0.23,Completed,,0
LS17_0498,17th Lok Sabha (2019-2024),Lok Sabha,17,Ritesh Pandey,National / Multi-State,Ambedkar Nagar,Ambedkar Nagar,Community Development,MPLADS Constituency Works Allocation for Ambedkar Nagar (Ritesh Pandey),2019-06-01,,9.46,7.26,17.0,9.5,2.43,In Progress,,0
LS17_0499,17th Lok Sabha (2019-2024),Lok Sabha,17,Sangeeta Azad,National / Multi-State,Lalganj (Sc),Lalganj (Sc),Community Development,MPLADS Constituency Works Allocation for Lalganj (Sc) (Sangeeta Azad),2019-06-01,,11.77,11.01,17.0,12.0,1.19,In Progress,,0
LS17_0500,17th Lok Sabha (2019-2024),Lok Sabha,17,Swami Sachchidanandhari Sakshi Ji Maharaj,National / Multi-State,Unnao,Unnao,Community Development,MPLADS Constituency Works Allocation for Unnao (Swami Sachchidanandhari Sakshi Ji Maharaj),2019-06-01,,14.77,12.58,24.5,14.5,2.54,In Progress,,0
LS17_0501,17th Lok Sabha (2019-2024),Lok Sabha,17,Ramesh Chand Bind,National / Multi-State,Bhadohi,Bhadohi,Community Development,MPLADS Constituency Works Allocation for Bhadohi (Ramesh Chand Bind),2019-06-01,,9.57,9.23,17.0,9.5,1.39,In Progress,,0
LS17_0502,17th Lok Sabha (2019-2024),Lok Sabha,17,Ravindra Shyamnarayan Alias Ravi Kishan Shukla,National / Multi-State,Gorakhpur,Gorakhpur,Community Development,MPLADS Constituency Works Allocation for Gorakhpur (Ravindra Shyamnarayan Alias Ravi Kishan Shukla),2019-06-01,,9.54,7.21,17.0,9.5,2.53,In Progress,,0
LS17_0503,17th Lok Sabha (2019-2024),Lok Sabha,17,Pradeep Kumar Chaudhary,National / Multi-State,Kairana,Kairana,Community Development,MPLADS Constituency Works Allocation for Kairana (Pradeep Kumar Chaudhary),2019-06-01,,10.4,9.98,17.0,9.5,0.62,In Progress,,0
LS17_0504,17th Lok Sabha (2019-2024),Lok Sabha,17,Dr. Ram Shankar Katheria,National / Multi-State,Etawah(Sc),Etawah(Sc),Community Development,MPLADS Constituency Works Allocation for Etawah(Sc) (Dr. Ram Shankar Katheria),2019-06-01,,8.64,7.91,17.0,9.5,1.77,In Progress,,0
LS17_0505,17th Lok Sabha (2019-2024),Lok Sabha,17,Pushpendra Singh Chandel,National / Multi-State,Hamirpur,Hamirpur,Community Development,MPLADS Constituency Works Allocation for Hamirpur (Pushpendra Singh Chandel),2019-06-01,,15.09,14.2,24.5,14.5,0.95,In Progress,,0
LS17_0506,17th Lok Sabha (2019-2024),Lok Sabha,17,Jagdambika Pal,National / Multi-State,Domariyaganj,Domariyaganj,Community Development,MPLADS Constituency Works Allocation for Domariyaganj (Jagdambika Pal),2019-06-01,,6.51,5.48,17.0,7.0,1.99,In Progress,,0
LS17_0507,17th Lok Sabha (2019-2024),Lok Sabha,17,Kirti Vardhan Singh,National / Multi-State,Gonda,Gonda,Community Development,MPLADS Constituency Works Allocation for Gonda (Kirti Vardhan Singh),2019-06-01,2024-05-31,12.82,12.88,22.0,12.0,0.89,Completed,,0
LS17_0508,17th Lok Sabha (2019-2024),Lok Sabha,17,Akshaibar Lal,National / Multi-State,Bahraich(Sc),Bahraich(Sc),Community Development,MPLADS Constituency Works Allocation for Bahraich(Sc) (Akshaibar Lal),2019-06-01,,19.62,17.18,29.5,19.5,2.9,In Progress,,0
LS17_0509,17th Lok Sabha (2019-2024),Lok Sabha,17,Arun Kumar Sagar,National / Multi-State,Shahjahanpur(Sc),Shahjahanpur(Sc),Community Development,MPLADS Constituency Works Allocation for Shahjahanpur(Sc) (Arun Kumar Sagar),2019-06-01,2024-05-31,9.99,9.99,17.0,9.5,0.0,Completed,,0
LS17_0510,17th Lok Sabha (2019-2024),Lok Sabha,17,Tirath Singh Rawat,National / Multi-State,Garhwal,Garhwal,Community Development,MPLADS Constituency Works Allocation for Garhwal (Tirath Singh Rawat),2019-06-01,,6.27,4.37,17.0,7.0,2.89,In Progress,,0
LS17_0511,17th Lok Sabha (2019-2024),Lok Sabha,17,Ramesh Pokhriyal Nishank,National / Multi-State,Hardwar,Hardwar,Community Development,MPLADS Constituency Works Allocation for Hardwar (Ramesh Pokhriyal Nishank),2019-06-01,,7.38,5.25,17.0,7.0,1.96,In Progress,,0
LS17_0512,17th Lok Sabha (2019-2024),Lok Sabha,17,Ajay Tamta,National / Multi-State,Almora(Sc),Almora(Sc),Community Development,MPLADS Constituency Works Allocation for Almora(Sc) (Ajay Tamta),2019-06-01,,9.39,7.85,17.0,9.5,1.74,In Progress,,0
LS17_0513,17th Lok Sabha (2019-2024),Lok Sabha,17,Mala Rajya Laxmi Shah,National / Multi-State,Tehri Garhwal,Tehri Garhwal,Community Development,MPLADS Constituency Works Allocation for Tehri Garhwal (Mala Rajya Laxmi Shah),2019-06-01,,9.99,9.36,17.0,9.5,1.43,In Progress,,0
LS17_0514,17th Lok Sabha (2019-2024),Lok Sabha,17,Ajay Bhatt,National / Multi-State,Nainital Udham Singh Nag.,Nainital Udham Singh Nag.,Community Development,MPLADS Constituency Works Allocation for Nainital Udham Singh Nag. (Ajay Bhatt),2019-06-01,2024-05-31,7.0,7.05,17.0,7.0,0.02,Completed,,0
LS17_0515,17th Lok Sabha (2019-2024),Lok Sabha,17,S.S. Ahluwalia,National / Multi-State,Bardhaman-Durgapur,Bardhaman-Durgapur,Community Development,MPLADS Constituency Works Allocation for Bardhaman-Durgapur (S.S. Ahluwalia),2019-06-01,,2.55,0.06,17.0,2.5,2.74,In Progress,,0
LS17_0516,17th Lok Sabha (2019-2024),Lok Sabha,17,Sisir Kumar Adhikari,National / Multi-State,Kanthi,Kanthi,Community Development,MPLADS Constituency Works Allocation for Kanthi (Sisir Kumar Adhikari),2019-06-01,,7.38,6.93,17.0,7.0,0.97,In Progress,,0
LS17_0517,17th Lok Sabha (2019-2024),Lok Sabha,17,Sunil Kumar Mondal,National / Multi-State,Bardhaman Purba(Sc),Bardhaman Purba(Sc),Community Development,MPLADS Constituency Works Allocation for Bardhaman Purba(Sc) (Sunil Kumar Mondal),2019-06-01,,7.3,4.95,17.0,7.0,2.28,In Progress,,0
LS17_0518,17th Lok Sabha (2019-2024),Lok Sabha,17,Babul Supriyo-Ex,National / Multi-State,Asansol,Asansol,Community Development,MPLADS Constituency Works Allocation for Asansol (Babul Supriyo-Ex),2019-06-01,,1.78,0.49,17.0,5.0,4.55,In Progress,,0
LS17_0519,17th Lok Sabha (2019-2024),Lok Sabha,17,Pratima Mondal,National / Multi-State,Joynagar(Sc),Joynagar(Sc),Community Development,MPLADS Constituency Works Allocation for Joynagar(Sc) (Pratima Mondal),2019-06-01,,13.31,9.11,17.0,9.5,1.52,In Progress,,0
LS17_0520,17th Lok Sabha (2019-2024),Lok Sabha,17,Shatrughan Sinha,National / Multi-State,Asansol,Asansol,Community Development,MPLADS Constituency Works Allocation for Asansol (Shatrughan Sinha),2019-06-01,,4.72,3.38,10.0,2.5,2.22,In Progress,,0
LS17_0521,17th Lok Sabha (2019-2024),Lok Sabha,17,Choudhury Mohan Jatua,National / Multi-State,Mathurapur(Sc),Mathurapur(Sc),Community Development,MPLADS Constituency Works Allocation for Mathurapur(Sc) (Choudhury Mohan Jatua),2019-06-01,,11.67,8.75,17.0,9.5,1.27,In Progress,,0
LS17_0522,17th Lok Sabha (2019-2024),Lok Sabha,17,(Smt.) Kakoli Ghosh Dastidar,National / Multi-State,Barasat,Barasat,Community Development,MPLADS Constituency Works Allocation for Barasat ((Smt.) Kakoli Ghosh Dastidar),2019-06-01,,9.47,5.54,17.0,9.5,4.13,In Progress,,0
LS17_0523,17th Lok Sabha (2019-2024),Lok Sabha,17,Sajda Ahmed,National / Multi-State,Uluberia,Uluberia,Community Development,MPLADS Constituency Works Allocation for Uluberia (Sajda Ahmed),2019-06-01,,9.93,9.59,17.0,9.5,0.44,In Progress,,0
LS17_0524,17th Lok Sabha (2019-2024),Lok Sabha,17,Sudip Bandyopadhyay,National / Multi-State,Kolkata Uttar,Kolkata Uttar,Community Development,MPLADS Constituency Works Allocation for Kolkata Uttar (Sudip Bandyopadhyay),2019-06-01,,10.43,4.44,17.0,7.0,2.8,In Progress,,0
LS17_0525,17th Lok Sabha (2019-2024),Lok Sabha,17,Arjun Singh,National / Multi-State,Barrackpur,Barrackpur,Community Development,MPLADS Constituency Works Allocation for Barrackpur (Arjun Singh),2019-06-01,,8.37,4.47,17.0,7.0,2.92,In Progress,,0
LS17_0526,17th Lok Sabha (2019-2024),Lok Sabha,17,Kunar Hembram,National / Multi-State,Jhargram(St),Jhargram(St),Community Development,MPLADS Constituency Works Allocation for Jhargram(St) (Kunar Hembram),2019-06-01,2024-05-31,13.64,13.81,17.0,9.5,0.63,Completed,,0
LS17_0527,17th Lok Sabha (2019-2024),Lok Sabha,17,John Barla,National / Multi-State,Alipurduars(St),Alipurduars(St),Community Development,MPLADS Constituency Works Allocation for Alipurduars(St) (John Barla),2019-06-01,,6.48,5.68,17.0,7.0,1.5,In Progress,,0
LS17_0528,17th Lok Sabha (2019-2024),Lok Sabha,17,Khalilur Rahaman,National / Multi-State,Jangipur,Jangipur,Community Development,MPLADS Constituency Works Allocation for Jangipur (Khalilur Rahaman),2019-06-01,,7.1,5.54,27.0,7.0,1.66,In Progress,,0
LS17_0529,17th Lok Sabha (2019-2024),Lok Sabha,17,Kalyan Banerjee,National / Multi-State,Sreerampur,Sreerampur,Community Development,MPLADS Constituency Works Allocation for Sreerampur (Kalyan Banerjee),2019-06-01,,10.25,7.48,17.0,9.5,2.98,In Progress,,0
LS17_0530,17th Lok Sabha (2019-2024),Lok Sabha,17,Debasree Chaudhuri,National / Multi-State,Raiganj,Raiganj,Community Development,MPLADS Constituency Works Allocation for Raiganj (Debasree Chaudhuri),2019-06-01,2024-05-31,11.99,12.2,17.0,12.0,0.08,Completed,,0
LS17_0531,17th Lok Sabha (2019-2024),Lok Sabha,17,Mahua Moitra,National / Multi-State,Krishnanagar,Krishnanagar,Community Development,MPLADS Constituency Works Allocation for Krishnanagar (Mahua Moitra),2019-06-01,,12.53,10.39,17.0,12.0,1.76,In Progress,,0
LS17_0532,17th Lok Sabha (2019-2024),Lok Sabha,17,Jayanta Kumar Roy,National / Multi-State,Jalpaiguri(Sc),Jalpaiguri(Sc),Community Development,MPLADS Constituency Works Allocation for Jalpaiguri(Sc) (Jayanta Kumar Roy),2019-06-01,,4.03,2.24,17.0,5.0,2.79,In Progress,,0
LS17_0533,17th Lok Sabha (2019-2024),Lok Sabha,17,Abhishek Banerjee,National / Multi-State,Diamond Harbour,Diamond Harbour,Community Development,MPLADS Constituency Works Allocation for Diamond Harbour (Abhishek Banerjee),2019-06-01,,15.73,9.47,17.0,9.5,1.19,In Progress,,0
LS17_0534,17th Lok Sabha (2019-2024),Lok Sabha,17,Saumitra Khan,National / Multi-State,Bishnupur(Sc),Bishnupur(Sc),Community Development,MPLADS Constituency Works Allocation for Bishnupur(Sc) (Saumitra Khan),2019-06-01,,6.95,6.39,17.0,7.0,0.83,In Progress,,0
LS17_0535,17th Lok Sabha (2019-2024),Lok Sabha,17,Sukanta Majumdar,National / Multi-State,Balurghat,Balurghat,Community Development,MPLADS Constituency Works Allocation for Balurghat (Sukanta Majumdar),2019-06-01,,8.7,7.23,17.0,9.5,2.64,In Progress,,0
LS17_0536,17th Lok Sabha (2019-2024),Lok Sabha,17,Mala Roy,National / Multi-State,Kolkata Dakshin,Kolkata Dakshin,Community Development,MPLADS Constituency Works Allocation for Kolkata Dakshin (Mala Roy),2019-06-01,,9.79,6.87,17.0,9.5,2.83,In Progress,,0
LS17_0537,17th Lok Sabha (2019-2024),Lok Sabha,17,Mimi Chakraborty,National / Multi-State,Jadavpur,Jadavpur,Community Development,MPLADS Constituency Works Allocation for Jadavpur (Mimi Chakraborty),2019-06-01,,12.89,9.45,17.0,9.5,0.68,In Progress,,0
LS17_0538,17th Lok Sabha (2019-2024),Lok Sabha,17,Raju Bista,National / Multi-State,Darjeeling,Darjeeling,Community Development,MPLADS Constituency Works Allocation for Darjeeling (Raju Bista),2019-06-01,,6.83,6.4,17.0,7.0,0.89,In Progress,,0
LS17_0539,17th Lok Sabha (2019-2024),Lok Sabha,17,Asit Kumar Mal,National / Multi-State,Bolpur(Sc),Bolpur(Sc),Community Development,MPLADS Constituency Works Allocation for Bolpur(Sc) (Asit Kumar Mal),2019-06-01,,11.74,11.56,17.0,9.5,1.05,In Progress,,0
LS17_0540,17th Lok Sabha (2019-2024),Lok Sabha,17,Adhir Ranjan Chowdhury,National / Multi-State,Baharampur,Baharampur,Community Development,MPLADS Constituency Works Allocation for Baharampur (Adhir Ranjan Chowdhury),2019-06-01,,7.02,4.81,29.5,7.0,2.98,In Progress,,0
LS17_0541,17th Lok Sabha (2019-2024),Lok Sabha,17,Jyotirmay Singh Mahato,National / Multi-State,Purulia,Purulia,Community Development,MPLADS Constituency Works Allocation for Purulia (Jyotirmay Singh Mahato),2019-06-01,,5.17,2.34,17.0,5.0,2.98,In Progress,,0
LS17_0542,17th Lok Sabha (2019-2024),Lok Sabha,17,Dilip Ghosh,National / Multi-State,Medinipur,Medinipur,Community Development,MPLADS Constituency Works Allocation for Medinipur (Dilip Ghosh),2019-06-01,,7.34,6.76,17.0,7.0,0.74,In Progress,,0
LS17_0543,17th Lok Sabha (2019-2024),Lok Sabha,17,Prasun Banerjee,National / Multi-State,Howrah,Howrah,Community Development,MPLADS Constituency Works Allocation for Howrah (Prasun Banerjee),2019-06-01,,7.71,6.99,17.0,7.0,0.87,In Progress,,0
LS17_0544,17th Lok Sabha (2019-2024),Lok Sabha,17,Dibyendu Adhikari,National / Multi-State,Tamluk,Tamluk,Community Development,MPLADS Constituency Works Allocation for Tamluk (Dibyendu Adhikari),2019-06-01,,7.02,6.21,17.0,7.0,1.34,In Progress,,0
LS17_0545,17th Lok Sabha (2019-2024),Lok Sabha,17,Deepak (Dev) Adhikari,National / Multi-State,Ghatal,Ghatal,Community Development,MPLADS Constituency Works Allocation for Ghatal (Deepak (Dev) Adhikari),2019-06-01,,7.42,6.36,17.0,7.0,0.83,In Progress,,0
LS17_0546,17th Lok Sabha (2019-2024),Lok Sabha,17,Nusrat Jahan Ruhi,National / Multi-State,Basirhat,Basirhat,Community Development,MPLADS Constituency Works Allocation for Basirhat (Nusrat Jahan Ruhi),2019-06-01,,8.85,7.66,17.0,9.5,2.16,In Progress,,0
LS17_0547,17th Lok Sabha (2019-2024),Lok Sabha,17,Jagannath Sarkar,National / Multi-State,Ranaghat(Sc),Ranaghat(Sc),Community Development,MPLADS Constituency Works Allocation for Ranaghat(Sc) (Jagannath Sarkar),2019-06-01,,9.1,6.76,17.0,9.5,2.97,In Progress,,0
LS17_0548,17th Lok Sabha (2019-2024),Lok Sabha,17,Nisith Pramanik,National / Multi-State,Coochbehar(Sc),Coochbehar(Sc),Community Development,MPLADS Constituency Works Allocation for Coochbehar(Sc) (Nisith Pramanik),2019-06-01,,9.29,7.51,17.0,9.5,2.69,In Progress,,0
LS17_0549,17th Lok Sabha (2019-2024),Lok Sabha,17,Abu Taher Khan,National / Multi-State,Murshidabad,Murshidabad,Community Development,MPLADS Constituency Works Allocation for Murshidabad (Abu Taher Khan),2019-06-01,,6.24,4.28,29.5,7.0,2.91,In Progress,,0
LS17_0550,17th Lok Sabha (2019-2024),Lok Sabha,17,Khagen Murmu,National / Multi-State,Maldaha Uttar,Maldaha Uttar,Community Development,MPLADS Constituency Works Allocation for Maldaha Uttar (Khagen Murmu),2019-06-01,,6.74,4.76,17.0,7.0,2.52,In Progress,,0
LS17_0551,17th Lok Sabha (2019-2024),Lok Sabha,17,Aparupa Poddar,National / Multi-State,Arambag(Sc),Arambag(Sc),Community Development,MPLADS Constituency Works Allocation for Arambag(Sc) (Aparupa Poddar),2019-06-01,,9.93,7.16,17.0,9.5,3.0,In Progress,,0
LS17_0552,17th Lok Sabha (2019-2024),Lok Sabha,17,Subhas Sarkar,National / Multi-State,Bankura,Bankura,Community Development,MPLADS Constituency Works Allocation for Bankura (Subhas Sarkar),2019-06-01,,5.08,2.86,17.0,5.0,2.42,In Progress,,0
LS17_0553,17th Lok Sabha (2019-2024),Lok Sabha,17,Abu Hasem Khan Choudhury,National / Multi-State,Maldaha Dakshin,Maldaha Dakshin,Community Development,MPLADS Constituency Works Allocation for Maldaha Dakshin (Abu Hasem Khan Choudhury),2019-06-01,,8.75,7.17,24.5,9.5,2.74,In Progress,,0
LS17_0554,17th Lok Sabha (2019-2024),Lok Sabha,17,Shantanu Thakur,National / Multi-State,Bangaon(Sc),Bangaon(Sc),Community Development,MPLADS Constituency Works Allocation for Bangaon(Sc) (Shantanu Thakur),2019-06-01,,7.03,4.73,17.0,7.0,2.94,In Progress,,0
LS17_0555,17th Lok Sabha (2019-2024),Lok Sabha,17,Saugata Roy,National / Multi-State,Dum Dum,Dum Dum,Community Development,MPLADS Constituency Works Allocation for Dum Dum (Saugata Roy),2019-06-01,,9.1,7.28,17.0,9.5,2.42,In Progress,,0
LS17_0556,17th Lok Sabha (2019-2024),Lok Sabha,17,Locket Chatterjee,National / Multi-State,Hooghly,Hooghly,Community Development,MPLADS Constituency Works Allocation for Hooghly (Locket Chatterjee),2019-06-01,,7.61,4.92,17.0,7.0,2.94,In Progress,,0
LS17_0557,17th Lok Sabha (2019-2024),Lok Sabha,17,Satabdi Roy (Banerjee),National / Multi-State,Birbhum,Birbhum,Community Development,MPLADS Constituency Works Allocation for Birbhum (Satabdi Roy (Banerjee)),2019-06-01,,9.28,8.88,17.0,9.5,0.84,In Progress,,0
LS16_0001,16th Lok Sabha (2014-2019),Lok Sabha,16,Shri Bishnu Pada Ray,A & N Islands,Andamans,Andaman & Nicobar Islands,Infrastructure & Public Amenities,"MPLADS Works Allocation for Andaman & Nicobar Islands, Andamans (Shri Bishnu Pada Ray)",2019-01-29,,23.78,22.5,25.0,25.0,2.5,In Progress,,0
LS16_0002,16th Lok Sabha (2014-2019),Lok Sabha,16,Dr. Vara Prasadarao Velagapalli,Andhra Pradesh,Nellore,Tirupati(Sc),Infrastructure & Public Amenities,"MPLADS Works Allocation for Tirupati(Sc), Nellore (Dr. Vara Prasadarao Velagapalli)",2018-09-17,,22.2,16.22,22.5,22.5,6.28,In Progress,,0
LS16_0003,16th Lok Sabha (2014-2019),Lok Sabha,16,Dr. Ravindra Babu Pandula,Andhra Pradesh,East Godavari,Amalapuram(Sc),Infrastructure & Public Amenities,"MPLADS Works Allocation for Amalapuram(Sc), East Godavari (Dr. Ravindra Babu Pandula)",2019-09-26,,24.19,19.2,25.0,22.5,3.3,In Progress,"Audit Certificate Pending, Eligible MPR not Received, Utilisation Certificate Pending.",1
LS16_0004,16th Lok Sabha (2014-2019),Lok Sabha,16,Dr. Hari Babu Kambhampati,Andhra Pradesh,Visakhapatnam,Visakhapatnam,Infrastructure & Public Amenities,"MPLADS Works Allocation for Visakhapatnam, Visakhapatnam (Dr. Hari Babu Kambhampati)",2014-06-01,,24.9,22.67,25.0,25.0,2.33,In Progress,,0
LS16_0005,16th Lok Sabha (2014-2019),Lok Sabha,16,Dr. Naramalli Sivaprasad,Andhra Pradesh,Chittoor,Chittoor,Infrastructure & Public Amenities,"MPLADS Works Allocation for Chittoor, Chittoor (Dr. Naramalli Sivaprasad)",2014-06-01,,24.66,21.13,25.0,25.0,3.87,In Progress,,0
LS16_0006,16th Lok Sabha (2014-2019),Lok Sabha,16,Shri Ashok Gajapati Raju Pusapati-Ex,Andhra Pradesh,Vizianagaram,Vizianagaram,Infrastructure & Public Amenities,"MPLADS Works Allocation for Vizianagaram, Vizianagaram (Shri Ashok Gajapati Raju Pusapati-Ex)",2014-06-01,,23.87,22.66,25.0,25.0,2.34,In Progress,,0
LS16_0007,16th Lok Sabha (2014-2019),Lok Sabha,16,Shri Gokaraju Ganga Raju,Andhra Pradesh,West Godavari,Narasapuram,Infrastructure & Public Amenities,"MPLADS Works Allocation for Narasapuram, West Godavari (Shri Gokaraju Ganga Raju)",2014-06-01,,22.46,12.92,25.0,17.5,4.58,In Progress,"Audit Certificate Pending, Eligible MPR not Received, Utilisation Certificate Pending.",1
LS16_0008,16th Lok Sabha (2014-2019),Lok Sabha,16,Shri J.C. Divakar Reddy,Andhra Pradesh,Anantapur,Anantapur,Infrastructure & Public Amenities,"MPLADS Works Allocation for Anantapur, Anantapur (Shri J.C. Divakar Reddy)",2022-05-13,,24.82,13.11,25.0,17.5,4.39,In Progress,"Audit Certificate Pending, Eligible MPR not Received, Utilisation Certificate Pending.",1
LS16_0009,16th Lok Sabha (2014-2019),Lok Sabha,16,Shri Jayadev Galla,Andhra Pradesh,Guntur,Guntur,Infrastructure & Public Amenities,"MPLADS Works Allocation for Guntur, Guntur (Shri Jayadev Galla)",2014-06-01,,22.99,16.67,25.0,17.5,0.83,In Progress,"Audit Certificate Pending, Eligible MPR not Received, Utilisation Certificate Pending.",1
LS16_0010,16th Lok Sabha (2014-2019),Lok Sabha,16,Shri Narasimham Thota,Andhra Pradesh,East Godavari,Kakinada,Infrastructure & Public Amenities,"MPLADS Works Allocation for Kakinada, East Godavari (Shri Narasimham Thota)",2014-06-01,,25.41,16.37,25.0,20.0,3.63,In Progress,"Eligible MPR not Received, Provisional Utilisation Certificate Pending.",1
LS16_0011,16th Lok Sabha (2014-2019),Lok Sabha,16,Shri Kristappa Nimmala,Andhra Pradesh,Anantapur,Hindupur,Infrastructure & Public Amenities,"MPLADS Works Allocation for Hindupur, Anantapur (Shri Kristappa Nimmala)",2019-08-21,,24.75,17.87,25.0,25.0,7.13,In Progress,,0
LS16_0012,16th Lok Sabha (2014-2019),Lok Sabha,16,Shri Murali Mohan Maganti,Andhra Pradesh,East Godavari,Rajahmundry,Infrastructure & Public Amenities,"MPLADS Works Allocation for Rajahmundry, East Godavari (Shri Murali Mohan Maganti)",2014-06-01,,22.13,14.46,25.0,22.5,8.04,In Progress,"Audit Certificate Pending, Eligible MPR not Received, Utilisation Certificate Pending.",1
LS16_0013,16th Lok Sabha (2014-2019),Lok Sabha,16,Shri Konakalla Narayana Rao,Andhra Pradesh,Krishna,Machilipatnam,Infrastructure & Public Amenities,"MPLADS Works Allocation for Machilipatnam, Krishna (Shri Konakalla Narayana Rao)",2022-06-30,,22.89,15.2,25.0,20.0,4.8,In Progress,,0
LS16_0014,16th Lok Sabha (2014-2019),Lok Sabha,16,Shri Kinjarapu Ram Mohan Naidu,Andhra Pradesh,Srikakulam,Srikakulam,Infrastructure & Public Amenities,"MPLADS Works Allocation for Srikakulam, Srikakulam (Shri Kinjarapu Ram Mohan Naidu)",2019-05-30,,25.18,20.38,25.0,22.5,2.12,In Progress,"Audit Certificate Pending, Eligible MPR not Received, Utilisation Certificate Pending.",1
LS16_0015,16th Lok Sabha (2014-2019),Lok Sabha,16,Shri Maganti Venkateswara Rao Magantti,Andhra Pradesh,West Godavari,Eluru,Infrastructure & Public Amenities,"MPLADS Works Allocation for Eluru, West Godavari (Shri Maganti Venkateswara Rao Magantti)",2014-06-01,,21.57,14.93,27.5,17.5,2.57,In Progress,"Eligible MPR not Received, Provisional Utilisation Certificate Pending.",1
LS16_0016,16th Lok Sabha (2014-2019),Lok Sabha,16,Shri Mekapati Rajamohan Reddy,Andhra Pradesh,Nellore,Nellore(Sc),Infrastructure & Public Amenities,"MPLADS Works Allocation for Nellore(Sc), Nellore (Shri Mekapati Rajamohan Reddy)",2018-10-24,,22.58,16.25,20.0,20.0,3.75,In Progress,,0
LS16_0017,16th Lok Sabha (2014-2019),Lok Sabha,16,Shri Midhun Reddy,Andhra Pradesh,Chittoor,Rajampet,Infrastructure & Public Amenities,"MPLADS Works Allocation for Rajampet, Chittoor (Shri Midhun Reddy)",2014-06-01,,23.8,20.64,22.5,22.5,1.86,In Progress,,0
LS16_0018,16th Lok Sabha (2014-2019),Lok Sabha,16,Shri Muthamsetti Srinivasa Rao (Avnthi),Andhra Pradesh,Visakhapatnam,Anakapalle,Infrastructure & Public Amenities,"MPLADS Works Allocation for Anakapalle, Visakhapatnam (Shri Muthamsetti Srinivasa Rao (Avnthi))",2014-06-01,2019-05-31,25.46,22.49,25.0,22.5,0.01,Completed,"Audit Certificate Pending, Eligible MPR not Received, Utilisation Certificate Pending.",1
LS16_0019,16th Lok Sabha (2014-2019),Lok Sabha,16,Shri Rayapati Sambasiva Rao,Andhra Pradesh,Guntur,Narasaraopet,Infrastructure & Public Amenities,"MPLADS Works Allocation for Narasaraopet, Guntur (Shri Rayapati Sambasiva Rao)",2020-03-17,,23.57,21.05,25.0,22.5,1.45,In Progress,"Audit Certificate Pending, Eligible MPR not Received, Utilisation Certificate Pending.",1
LS16_0020,16th Lok Sabha (2014-2019),Lok Sabha,16,Shri Srinivas Kesineni,Andhra Pradesh,Krishna,Vijayawada,Infrastructure & Public Amenities,"MPLADS Works Allocation for Vijayawada, Krishna (Shri Srinivas Kesineni)",2022-06-13,,23.98,17.98,25.0,22.5,4.52,In Progress,"Audit Certificate Pending, Eligible MPR not Received, Utilisation Certificate Pending.",1
LS16_0021,16th Lok Sabha (2014-2019),Lok Sabha,16,Shri S.P.Y. Reddy,Andhra Pradesh,Kurnool,Nandyal,Infrastructure & Public Amenities,"MPLADS Works Allocation for Nandyal, Kurnool (Shri S.P.Y. Reddy)",2019-08-21,,24.15,13.66,25.0,15.0,1.34,In Progress,"Eligible MPR not Received, Provisional Utilisation Certificate Pending.",1
LS16_0022,16th Lok Sabha (2014-2019),Lok Sabha,16,Shri Y. S. Avinash Reddy,Andhra Pradesh,Cuddapah,Kadapa,Infrastructure & Public Amenities,"MPLADS Works Allocation for Kadapa, Cuddapah (Shri Y. S. Avinash Reddy)",2019-07-17,,21.9,18.7,20.0,20.0,1.3,In Progress,,0
LS16_0023,16th Lok Sabha (2014-2019),Lok Sabha,16,Shri Yerram Venkata Subbareddy,Andhra Pradesh,Prakasam,Ongole,Infrastructure & Public Amenities,"MPLADS Works Allocation for Ongole, Prakasam (Shri Yerram Venkata Subbareddy)",2014-06-01,,18.93,13.79,20.0,17.5,3.71,In Progress,"Audit Certificate Pending, Eligible MPR not Received, Utilisation Certificate Pending.",1
LS16_0024,16th Lok Sabha (2014-2019),Lok Sabha,16,Smt. Geetha Kothapalli,Andhra Pradesh,Visakhapatnam,Araku(St),Infrastructure & Public Amenities,"MPLADS Works Allocation for Araku(St), Visakhapatnam (Smt. Geetha Kothapalli)",2014-06-01,,23.58,22.69,25.0,25.0,2.31,In Progress,,0
LS16_0025,16th Lok Sabha (2014-2019),Lok Sabha,16,Shri Sriram Malyadri,Andhra Pradesh,Prakasam,Bapatla,Infrastructure & Public Amenities,"MPLADS Works Allocation for Bapatla, Prakasam (Shri Sriram Malyadri)",2014-06-01,,25.69,20.56,25.0,22.5,1.94,In Progress,"Audit Certificate Pending, Eligible MPR not Received, Utilisation Certificate Pending.",1
LS16_0026,16th Lok Sabha (2014-2019),Lok Sabha,16,Smt. Renuka Butta,Andhra Pradesh,Kurnool,Kurnool,Infrastructure & Public Amenities,"MPLADS Works Allocation for Kurnool, Kurnool (Smt. Renuka Butta)",2014-06-01,,24.87,21.73,25.0,22.5,0.77,In Progress,"Audit Certificate Pending, Eligible MPR not Received, Utilisation Certificate Pending.",1
LS16_0027,16th Lok Sabha (2014-2019),Lok Sabha,16,Shri Kiren Rijiju,Arunachal Pradesh,West Siang,Arunachal West,Infrastructure & Public Amenities,"MPLADS Works Allocation for Arunachal West, West Siang (Shri Kiren Rijiju)",2014-06-01,,21.56,21.56,25.0,25.0,3.44,In Progress,,0
LS16_0028,16th Lok Sabha (2014-2019),Lok Sabha,16,Shri Ninong Ering,Arunachal Pradesh,Lohit,Arunachal East,Infrastructure & Public Amenities,"MPLADS Works Allocation for Arunachal East, Lohit (Shri Ninong Ering)",2018-11-27,,22.2,22.2,25.0,25.0,2.8,In Progress,,0
LS16_0029,16th Lok Sabha (2014-2019),Lok Sabha,16,Km. Sushmita Dev,Assam,Cachar,Silchar,Infrastructure & Public Amenities,"MPLADS Works Allocation for Silchar, Cachar (Km. Sushmita Dev)",2022-02-15,,24.86,22.15,25.0,25.0,2.85,In Progress,,0
LS16_0030,16th Lok Sabha (2014-2019),Lok Sabha,16,Maulana Badruddin Ajmal,Assam,Dhubri,Dhubri,Infrastructure & Public Amenities,"MPLADS Works Allocation for Dhubri, Dhubri (Maulana Badruddin Ajmal)",2022-02-15,,24.44,22.43,25.0,25.0,2.57,In Progress,,0
LS16_0031,16th Lok Sabha (2014-2019),Lok Sabha,16,Shri Biren Singh Engti,Assam,Karbi Anglong,Autonomous District(St),Infrastructure & Public Amenities,"MPLADS Works Allocation for Autonomous District(St), Karbi Anglong (Shri Biren Singh Engti)",2018-09-26,,14.91,13.96,15.0,15.0,1.04,In Progress,,0
LS16_0032,16th Lok Sabha (2014-2019),Lok Sabha,16,Shri Gaurav Gogoi,Assam,Nowgong,Kaliabor,Infrastructure & Public Amenities,"MPLADS Works Allocation for Kaliabor, Nowgong (Shri Gaurav Gogoi)",2019-05-31,,19.86,18.63,27.5,20.0,1.37,In Progress,,0
LS16_0033,16th Lok Sabha (2014-2019),Lok Sabha,16,Shri Kamakhya Prasad Tasa,Assam,Jorhat,Jorhat,Infrastructure & Public Amenities,"MPLADS Works Allocation for Jorhat, Jorhat (Shri Kamakhya Prasad Tasa)",2018-11-28,,14.54,12.39,25.0,17.5,5.11,In Progress,"Audit Certificate Pending, Eligible MPR not Received, Provisional Utilisation Certificate Pending.",1
LS16_0034,16th Lok Sabha (2014-2019),Lok Sabha,16,Shri Rajen Gohain,Assam,Nowgong,Nowgong,Infrastructure & Public Amenities,"MPLADS Works Allocation for Nowgong, Nowgong (Shri Rajen Gohain)",2019-01-25,,24.84,24.08,25.0,25.0,0.92,In Progress,,0
LS16_0035,16th Lok Sabha (2014-2019),Lok Sabha,16,Shri Pradan Baruah,Assam,Dhemaji,Lakhimpur,Infrastructure & Public Amenities,"MPLADS Works Allocation for Lakhimpur, Dhemaji (Shri Pradan Baruah)",2014-06-01,,14.3,14.3,17.5,17.5,3.2,In Progress,,0
LS16_0036,16th Lok Sabha (2014-2019),Lok Sabha,16,Shri Ramen Deka,Assam,Darrang,Mangaldoi,Infrastructure & Public Amenities,"MPLADS Works Allocation for Mangaldoi, Darrang (Shri Ramen Deka)",2022-02-24,,23.68,20.7,25.0,25.0,4.3,In Progress,"Bank Statement Awaited, Eligible MPR not Received, Provisional Utilisation Certificate Pending.",1
LS16_0037,16th Lok Sabha (2014-2019),Lok Sabha,16,Shri Rameswar Teli,Assam,Dibrugarh,Dibrugarh,Infrastructure & Public Amenities,"MPLADS Works Allocation for Dibrugarh, Dibrugarh (Shri Rameswar Teli)",2019-10-29,,17.26,15.48,25.0,20.0,4.52,In Progress,"Eligible MPR not Received, Provisional Utilisation Certificate Pending.",1
LS16_0038,16th Lok Sabha (2014-2019),Lok Sabha,16,Shri Ram Prasad Sarmah,Assam,Sonitpur,Tezpur,Infrastructure & Public Amenities,"MPLADS Works Allocation for Tezpur, Sonitpur (Shri Ram Prasad Sarmah)",2019-10-29,,22.89,18.87,25.0,22.5,3.63,In Progress,"Audit Certificate Pending, Eligible MPR not Received, Utilisation Certificate Pending.",1
LS16_0039,16th Lok Sabha (2014-2019),Lok Sabha,16,Shri Naba Kumar Sarania Ex,Assam,Nalbari,Kokrajhar (St),Infrastructure & Public Amenities,"MPLADS Works Allocation for Kokrajhar (St), Nalbari (Shri Naba Kumar Sarania Ex)",2014-06-01,,21.8,21.8,25.0,25.0,3.2,In Progress,,0
LS16_0040,16th Lok Sabha (2014-2019),Lok Sabha,16,Shri Radheshyam Biswas,Assam,Karim Ganj,Karimganj (Sc),Infrastructure & Public Amenities,"MPLADS Works Allocation for Karimganj (Sc), Karim Ganj (Shri Radheshyam Biswas)",2022-02-15,,24.39,22.46,25.0,25.0,2.54,In Progress,,0
LS16_0041,16th Lok Sabha (2014-2019),Lok Sabha,16,Shri Sarbananda Sonowal,Assam,Lakhimpur,Lakhimpur,Infrastructure & Public Amenities,"MPLADS Works Allocation for Lakhimpur, Lakhimpur (Shri Sarbananda Sonowal)",2016-02-22,,7.44,7.23,7.5,7.5,0.27,In Progress,,0
LS16_0042,16th Lok Sabha (2014-2019),Lok Sabha,16,Shri Sirajuddin Ajmal,Assam,Barpeta,Barpeta,Infrastructure & Public Amenities,"MPLADS Works Allocation for Barpeta, Barpeta (Shri Sirajuddin Ajmal)",2018-11-28,,25.7,24.91,25.0,25.0,0.09,In Progress,,0
LS16_0043,16th Lok Sabha (2014-2019),Lok Sabha,16,Smt. Bijoya Chakravarty,Assam,Kamrup Metropolitan,Guwahati,Infrastructure & Public Amenities,"MPLADS Works Allocation for Guwahati, Kamrup Metropolitan (Smt. Bijoya Chakravarty)",2014-06-01,,22.07,20.97,25.0,25.0,4.03,In Progress,,0
LS16_0044,16th Lok Sabha (2014-2019),Lok Sabha,16,Mehboob Ali Kaiser,Bihar,Khagaria,Khagaria,Infrastructure & Public Amenities,"MPLADS Works Allocation for Khagaria, Khagaria (Mehboob Ali Kaiser)",2014-06-01,,24.99,22.36,25.0,25.0,2.64,In Progress,,0
LS16_0045,16th Lok Sabha (2014-2019),Lok Sabha,16,Shri Ajay Nishad,Bihar,Muzaffarpur,Muzaffarpur,Infrastructure & Public Amenities,"MPLADS Works Allocation for Muzaffarpur, Muzaffarpur (Shri Ajay Nishad)",2019-07-17,,25.0,22.15,25.0,25.0,2.85,In Progress,,0
LS16_0046,16th Lok Sabha (2014-2019),Lok Sabha,16,Dr. Arun Kumar,Bihar,Jehanabad,Jahanabad,Infrastructure & Public Amenities,"MPLADS Works Allocation for Jahanabad, Jehanabad (Dr. Arun Kumar)",2014-06-01,,24.38,22.37,25.0,22.5,0.13,In Progress,"Audit Certificate Pending, Utilisation Certificate Pending.",1
LS16_0047,16th Lok Sabha (2014-2019),Lok Sabha,16,Dr. Sanjay Jaiswal,Bihar,Bettiah (W.Champaran),Paschim Champaran,Infrastructure & Public Amenities,"MPLADS Works Allocation for Paschim Champaran, Bettiah (W.Champaran) (Dr. Sanjay Jaiswal)",2022-06-30,,24.51,22.23,25.0,25.0,2.77,In Progress,,0
LS16_0048,16th Lok Sabha (2014-2019),Lok Sabha,16,Dr. Bhola Singh,Bihar,Begusarai,Begusarai,Infrastructure & Public Amenities,"MPLADS Works Allocation for Begusarai, Begusarai (Dr. Bhola Singh)",2019-01-29,,25.33,23.92,25.0,25.0,1.08,In Progress,,0
LS16_0049,16th Lok Sabha (2014-2019),Lok Sabha,16,Shri Ashwini Kumar Choubey,Bihar,Buxar,Buxar,Infrastructure & Public Amenities,"MPLADS Works Allocation for Buxar, Buxar (Shri Ashwini Kumar Choubey)",2019-06-20,,24.85,23.58,25.0,25.0,1.42,In Progress,,0
LS16_0050,16th Lok Sabha (2014-2019),Lok Sabha,16,Shri Asrarul Haque Mohammad,Bihar,Kishanganj,Kishanganj,Infrastructure & Public Amenities,"MPLADS Works Allocation for Kishanganj, Kishanganj (Shri Asrarul Haque Mohammad)",2019-06-28,,24.41,22.31,25.0,22.5,0.19,In Progress,"Audit Certificate Pending, Utilisation Certificate Pending.",1
LS16_0051,16th Lok Sabha (2014-2019),Lok Sabha,16,Shri Birendra Kumar Choudhary,Bihar,Madhubani,Jhanjharpur,Infrastructure & Public Amenities,"MPLADS Works Allocation for Jhanjharpur, Madhubani (Shri Birendra Kumar Choudhary)",2014-06-01,,25.34,24.52,25.0,25.0,0.48,In Progress,,0
LS16_0052,16th Lok Sabha (2014-2019),Lok Sabha,16,Shri Chhedi Paswan,Bihar,Kaimur (Bhabua),Sasaram(Sc),Infrastructure & Public Amenities,"MPLADS Works Allocation for Sasaram(Sc), Kaimur (Bhabua) (Shri Chhedi Paswan)",2018-10-30,,25.58,23.41,25.0,25.0,1.59,In Progress,,0
LS16_0053,16th Lok Sabha (2014-2019),Lok Sabha,16,Shri Giriraj Singh,Bihar,Nawada,Nawada,Infrastructure & Public Amenities,"MPLADS Works Allocation for Nawada, Nawada (Shri Giriraj Singh)",2014-06-01,,25.7,22.28,25.0,25.0,2.72,In Progress,,0
LS16_0054,16th Lok Sabha (2014-2019),Lok Sabha,16,Shri Janak Ram,Bihar,Gopalganj,Gopalganj (Sc),Infrastructure & Public Amenities,"MPLADS Works Allocation for Gopalganj (Sc), Gopalganj (Shri Janak Ram)",2014-06-01,,24.29,23.46,25.0,25.0,1.54,In Progress,,0
LS16_0055,16th Lok Sabha (2014-2019),Lok Sabha,16,Shri Chirag Paswan,Bihar,Jamui,Jamui(Sc),Infrastructure & Public Amenities,"MPLADS Works Allocation for Jamui(Sc), Jamui (Shri Chirag Paswan)",2022-05-27,,24.85,19.99,25.0,22.5,2.51,In Progress,,0
LS16_0056,16th Lok Sabha (2014-2019),Lok Sabha,16,Shri Kaushalendra Kumar,Bihar,Bihar Sharif/Nalanda,Nalanda,Infrastructure & Public Amenities,"MPLADS Works Allocation for Nalanda, Bihar Sharif/Nalanda (Shri Kaushalendra Kumar)",2014-06-01,,24.79,24.47,25.0,25.0,0.53,In Progress,,0
LS16_0057,16th Lok Sabha (2014-2019),Lok Sabha,16,Shri Hari Manjhi,Bihar,Gaya,Gaya (Sc),Infrastructure & Public Amenities,"MPLADS Works Allocation for Gaya (Sc), Gaya (Shri Hari Manjhi)",2022-05-30,,24.94,22.47,25.0,25.0,2.53,In Progress,,0
LS16_0058,16th Lok Sabha (2014-2019),Lok Sabha,16,Shri Hukmdev Narayan Yadav,Bihar,Madhubani,Madhubani,Infrastructure & Public Amenities,"MPLADS Works Allocation for Madhubani, Madhubani (Shri Hukmdev Narayan Yadav)",2018-12-13,,25.26,24.76,25.0,25.0,0.24,In Progress,,0
LS16_0059,16th Lok Sabha (2014-2019),Lok Sabha,16,Shri Janardan Singh Sigriwal,Bihar,Saran,Maharajganj,Infrastructure & Public Amenities,"MPLADS Works Allocation for Maharajganj, Saran (Shri Janardan Singh Sigriwal)",2019-06-19,2019-05-31,36.77,30.72,32.5,30.0,-0.72,Completed,"Audit Certificate Pending, Utilisation Certificate Pending.",1
LS16_0060,16th Lok Sabha (2014-2019),Lok Sabha,16,Shri Kirti (Jha) Azad,Bihar,Darbanga,Darbhanga,Infrastructure & Public Amenities,"MPLADS Works Allocation for Darbhanga, Darbanga (Shri Kirti (Jha) Azad)",2021-03-31,,25.72,22.81,25.0,25.0,2.19,In Progress,,0
LS16_0061,16th Lok Sabha (2014-2019),Lok Sabha,16,Shri Jay Prakash Narayan Yadav,Bihar,Banka,Banka,Infrastructure & Public Amenities,"MPLADS Works Allocation for Banka, Banka (Shri Jay Prakash Narayan Yadav)",2019-06-26,,24.95,24.16,25.0,25.0,0.84,In Progress,,0
LS16_0062,16th Lok Sabha (2014-2019),Lok Sabha,16,Shri Nityanand Rai,Bihar,Samastipur,Ujjarpur,Infrastructure & Public Amenities,"MPLADS Works Allocation for Ujjarpur, Samastipur (Shri Nityanand Rai)",2022-06-27,,25.22,22.49,25.0,25.0,2.51,In Progress,,0
LS16_0063,16th Lok Sabha (2014-2019),Lok Sabha,16,Shri Rama Kishore Singh,Bihar,Muzaffarpur,Vaishali,Infrastructure & Public Amenities,"MPLADS Works Allocation for Vaishali, Muzaffarpur (Shri Rama Kishore Singh)",2019-06-13,,24.99,22.48,25.0,25.0,2.52,In Progress,,0
LS16_0064,16th Lok Sabha (2014-2019),Lok Sabha,16,Shri Om Prakash Yadav,Bihar,Siwan,Siwan,Infrastructure & Public Amenities,"MPLADS Works Allocation for Siwan, Siwan (Shri Om Prakash Yadav)",2019-09-13,,25.11,20.81,25.0,25.0,4.19,In Progress,,0
LS16_0065,16th Lok Sabha (2014-2019),Lok Sabha,16,Shri Rajiv Pratap Rudy,Bihar,Saran,Saran,Infrastructure & Public Amenities,"MPLADS Works Allocation for Saran, Saran (Shri Rajiv Pratap Rudy)",2019-08-21,2019-05-31,30.9,14.99,32.5,15.0,0.01,Completed,"Eligible MPR not Received, Utilisation Certificate Pending.",1
LS16_0066,16th Lok Sabha (2014-2019),Lok Sabha,16,Shri Raj Kumar Singh,Bihar,Bhojpur(Arrah),Arrah,Infrastructure & Public Amenities,"MPLADS Works Allocation for Arrah, Bhojpur(Arrah) (Shri Raj Kumar Singh)",2022-06-27,,23.73,19.5,25.0,22.5,3.0,In Progress,,0
LS16_0067,16th Lok Sabha (2014-2019),Lok Sabha,16,Shri Radha Mohan Singh,Bihar,Mothihari (E.Champaran),Purvi Champaran,Infrastructure & Public Amenities,"MPLADS Works Allocation for Purvi Champaran, Mothihari (E.Champaran) (Shri Radha Mohan Singh)",2019-08-30,,25.0,17.5,25.0,22.5,5.0,In Progress,"Audit Certificate Pending, Utilisation Certificate Pending.",1
LS16_0068,16th Lok Sabha (2014-2019),Lok Sabha,16,Shri Rajesh Ranjan (Pappu Yadav),Bihar,Madhepura,Madhepura,Infrastructure & Public Amenities,"MPLADS Works Allocation for Madhepura, Madhepura (Shri Rajesh Ranjan (Pappu Yadav))",2014-06-01,,25.25,23.47,25.0,25.0,1.53,In Progress,,0
LS16_0069,16th Lok Sabha (2014-2019),Lok Sabha,16,Shri Ram Kumar Sharma Kushwaha,Bihar,Sitamarhi,Sitamarhi,Infrastructure & Public Amenities,"MPLADS Works Allocation for Sitamarhi, Sitamarhi (Shri Ram Kumar Sharma Kushwaha)",2022-05-27,,24.14,14.95,25.0,17.5,2.55,In Progress,,0
LS16_0070,16th Lok Sabha (2014-2019),Lok Sabha,16,Shri Ramchandra Paswan,Bihar,Samastipur,Samastipur(Sc),Infrastructure & Public Amenities,"MPLADS Works Allocation for Samastipur(Sc), Samastipur (Shri Ramchandra Paswan)",2018-12-21,,24.77,23.69,25.0,25.0,1.31,In Progress,,0
LS16_0071,16th Lok Sabha (2014-2019),Lok Sabha,16,Shri Ram Vilas Paswan,Bihar,Vaishali,Hajipur(Sc),Infrastructure & Public Amenities,"MPLADS Works Allocation for Hajipur(Sc), Vaishali (Shri Ram Vilas Paswan)",2018-12-17,,24.42,23.67,25.0,25.0,1.33,In Progress,,0
LS16_0072,16th Lok Sabha (2014-2019),Lok Sabha,16,Shri Sarfaraz Alam,Bihar,Araria,Araria,Infrastructure & Public Amenities,"MPLADS Works Allocation for Araria, Araria (Shri Sarfaraz Alam)",2019-08-30,,5.0,4.86,5.0,5.0,0.14,In Progress,,0
LS16_0073,16th Lok Sabha (2014-2019),Lok Sabha,16,Shri Shailesh (Bulo Mandal) Kumar,Bihar,Bhagalpur,Bhagalpur,Infrastructure & Public Amenities,"MPLADS Works Allocation for Bhagalpur, Bhagalpur (Shri Shailesh (Bulo Mandal) Kumar)",2020-03-30,,24.95,23.75,25.0,25.0,1.25,In Progress,,0
LS16_0074,16th Lok Sabha (2014-2019),Lok Sabha,16,Shri Ram Kripal Yadav,Bihar,Patna,Pataliputra,Infrastructure & Public Amenities,"MPLADS Works Allocation for Pataliputra, Patna (Shri Ram Kripal Yadav)",2022-08-17,,28.52,20.78,25.0,22.5,1.72,In Progress,"Audit Certificate Pending, Utilisation Certificate Pending.",1
LS16_0075,16th Lok Sabha (2014-2019),Lok Sabha,16,Shri Tariq Anwar,Bihar,Katihar,Katihar,Infrastructure & Public Amenities,"MPLADS Works Allocation for Katihar, Katihar (Shri Tariq Anwar)",2022-05-27,,24.33,22.49,25.0,25.0,2.51,In Progress,,0
LS16_0076,16th Lok Sabha (2014-2019),Lok Sabha,16,Shri Santosh Kumar,Bihar,Purnea,Purnea,Infrastructure & Public Amenities,"MPLADS Works Allocation for Purnea, Purnea (Shri Santosh Kumar)",2022-03-21,,22.64,22.31,25.0,25.0,2.69,In Progress,,0
LS16_0077,16th Lok Sabha (2014-2019),Lok Sabha,16,Shri Satish Chandra Dubey,Bihar,Bettiah (W.Champaran),Valmiki Nagar,Infrastructure & Public Amenities,"MPLADS Works Allocation for Valmiki Nagar, Bettiah (W.Champaran) (Shri Satish Chandra Dubey)",2022-08-17,,25.35,22.4,25.0,22.5,0.1,In Progress,"Audit Certificate Pending, Utilisation Certificate Pending.",1
LS16_0078,16th Lok Sabha (2014-2019),Lok Sabha,16,Shri Sushil Kumar Singh,Bihar,Aurangabad,Aurangabad,Infrastructure & Public Amenities,"MPLADS Works Allocation for Aurangabad, Aurangabad (Shri Sushil Kumar Singh)",2014-06-01,,22.91,21.6,25.0,22.5,0.9,In Progress,"Audit Certificate Pending, Utilisation Certificate Pending.",1
LS16_0079,16th Lok Sabha (2014-2019),Lok Sabha,16,Shri Upendra Kushwaha,Bihar,Rohtas,Karakat,Infrastructure & Public Amenities,"MPLADS Works Allocation for Karakat, Rohtas (Shri Upendra Kushwaha)",2014-06-01,,24.53,22.35,25.0,22.5,0.15,In Progress,"Audit Certificate Pending, Utilisation Certificate Pending.",1
LS16_0080,16th Lok Sabha (2014-2019),Lok Sabha,16,Shri Shatrughan Prasad Sinha,Bihar,Patna,Patna Sahib,Infrastructure & Public Amenities,"MPLADS Works Allocation for Patna Sahib, Patna (Shri Shatrughan Prasad Sinha)",2021-03-30,,25.26,23.48,25.0,25.0,1.52,In Progress,,0
LS16_0081,16th Lok Sabha (2014-2019),Lok Sabha,16,Shri Tasleem Taslimuddin,Bihar,Araria,Araria,Infrastructure & Public Amenities,"MPLADS Works Allocation for Araria, Araria (Shri Tasleem Taslimuddin)",2021-03-30,,12.86,11.98,17.5,17.5,5.52,In Progress,,0
LS16_0082,16th Lok Sabha (2014-2019),Lok Sabha,16,Smt. Rama Devi,Bihar,Mothihari (E.Champaran),Sheohar,Infrastructure & Public Amenities,"MPLADS Works Allocation for Sheohar, Mothihari (E.Champaran) (Smt. Rama Devi)",2014-06-01,,25.49,24.79,25.0,25.0,0.21,In Progress,,0
LS16_0083,16th Lok Sabha (2014-2019),Lok Sabha,16,Smt. Veena Devi,Bihar,Patna,Munger,Infrastructure & Public Amenities,"MPLADS Works Allocation for Munger, Patna (Smt. Veena Devi)",2020-03-23,,24.46,21.98,25.0,25.0,3.02,In Progress,,0
LS16_0084,16th Lok Sabha (2014-2019),Lok Sabha,16,Smt. Ranjeet Ranjan,Bihar,Supaul,Supaul,Infrastructure & Public Amenities,"MPLADS Works Allocation for Supaul, Supaul (Smt. Ranjeet Ranjan)",2019-06-18,,22.94,22.49,25.0,25.0,2.51,In Progress,,0
LS16_0085,16th Lok Sabha (2014-2019),Lok Sabha,16,Smt. Kirron Kher,Chandigarh,Chandigarh,Chandigarh,Infrastructure & Public Amenities,"MPLADS Works Allocation for Chandigarh, Chandigarh (Smt. Kirron Kher)",2019-06-13,,30.19,22.45,25.0,25.0,2.55,In Progress,,0
LS16_0086,16th Lok Sabha (2014-2019),Lok Sabha,16,Dr. Banshilal Mahto,Chhattisgarh,Korba,Korba,Infrastructure & Public Amenities,"MPLADS Works Allocation for Korba, Korba (Dr. Banshilal Mahto)",2019-01-25,,25.26,24.74,25.0,25.0,0.26,In Progress,,0
LS16_0087,16th Lok Sabha (2014-2019),Lok Sabha,16,Shri Abhishek Singh,Chhattisgarh,Rajnandgaon,Rajnandgaon,Infrastructure & Public Amenities,"MPLADS Works Allocation for Rajnandgaon, Rajnandgaon (Shri Abhishek Singh)",2019-01-25,,24.66,24.66,25.0,25.0,0.34,In Progress,,0
LS16_0088,16th Lok Sabha (2014-2019),Lok Sabha,16,Shri Chandu Lal Sahu,Chhattisgarh,Mahasamund,Mahasamund,Infrastructure & Public Amenities,"MPLADS Works Allocation for Mahasamund, Mahasamund (Shri Chandu Lal Sahu)",2014-06-01,,24.17,23.06,25.0,25.0,1.94,In Progress,,0
LS16_0089,16th Lok Sabha (2014-2019),Lok Sabha,16,Shri Dinesh Kashyap,Chhattisgarh,Bastar,Bastar(St),Infrastructure & Public Amenities,"MPLADS Works Allocation for Bastar(St), Bastar (Shri Dinesh Kashyap)",2019-05-31,,24.27,23.42,25.0,25.0,1.58,In Progress,,0
LS16_0090,16th Lok Sabha (2014-2019),Lok Sabha,16,Shri Kamalbhan Singh Marabi,Chhattisgarh,Surguja,Sarguja(St),Infrastructure & Public Amenities,"MPLADS Works Allocation for Sarguja(St), Surguja (Shri Kamalbhan Singh Marabi)",2020-03-19,,24.3,21.8,25.0,25.0,3.2,In Progress,,0
LS16_0091,16th Lok Sabha (2014-2019),Lok Sabha,16,Shri Lakhan Lal Sahu,Chhattisgarh,Bilaspur,Bilaspur,Infrastructure & Public Amenities,"MPLADS Works Allocation for Bilaspur, Bilaspur (Shri Lakhan Lal Sahu)",2019-01-25,,23.16,20.46,25.0,25.0,4.54,In Progress,,0
LS16_0092,16th Lok Sabha (2014-2019),Lok Sabha,16,Shri Vikram Usendi,Chhattisgarh,Uttar Bastar Kanker,Kanker(St),Infrastructure & Public Amenities,"MPLADS Works Allocation for Kanker(St), Uttar Bastar Kanker (Shri Vikram Usendi)",2014-06-01,,21.31,21.72,25.0,22.5,0.78,In Progress,,0
LS16_0093,16th Lok Sabha (2014-2019),Lok Sabha,16,Smt. Kamla Devi Patle,Chhattisgarh,Janjgir-Champa,Janjgir Champa(Sc),Infrastructure & Public Amenities,"MPLADS Works Allocation for Janjgir Champa(Sc), Janjgir-Champa (Smt. Kamla Devi Patle)",2019-01-25,,24.6,24.34,25.0,25.0,0.66,In Progress,,0
LS16_0094,16th Lok Sabha (2014-2019),Lok Sabha,16,Shri Ramesh Bais,Chhattisgarh,Raipur,Raipur,Infrastructure & Public Amenities,"MPLADS Works Allocation for Raipur, Raipur (Shri Ramesh Bais)",2019-01-25,,25.88,17.84,25.0,25.0,7.16,In Progress,,0
LS16_0095,16th Lok Sabha (2014-2019),Lok Sabha,16,Shri Tamradhwaj Sahu,Chhattisgarh,Durg,Durg,Infrastructure & Public Amenities,"MPLADS Works Allocation for Durg, Durg (Shri Tamradhwaj Sahu)",2018-09-17,,25.0,24.88,25.0,25.0,0.12,In Progress,,0
LS16_0096,16th Lok Sabha (2014-2019),Lok Sabha,16,Shri Vishnu Deo Sai,Chhattisgarh,Raigarh,Raigarh(St),Infrastructure & Public Amenities,"MPLADS Works Allocation for Raigarh(St), Raigarh (Shri Vishnu Deo Sai)",2014-06-01,,24.09,24.09,25.0,25.0,0.91,In Progress,,0
LS16_0097,16th Lok Sabha (2014-2019),Lok Sabha,16,Shri Natubhai Gomanbhai Patel,D & N Haveli,Dadra And Nagar Haveli,Dadra & Nagar Haveli (St),Infrastructure & Public Amenities,"MPLADS Works Allocation for Dadra & Nagar Haveli (St), Dadra And Nagar Haveli (Shri Natubhai Gomanbhai Patel)",2021-03-30,,24.75,22.58,25.0,25.0,2.42,In Progress,,0
LS16_0098,16th Lok Sabha (2014-2019),Lok Sabha,16,Shri Lalubhai Babubhai Patel,Daman & Diu,Daman,Daman & Diu,Infrastructure & Public Amenities,"MPLADS Works Allocation for Daman & Diu, Daman (Shri Lalubhai Babubhai Patel)",2019-06-19,,24.08,17.76,25.0,22.5,4.74,In Progress,"Audit Certificate Pending, Eligible MPR not Received, Utilisation Certificate Pending.",1
LS16_0099,16th Lok Sabha (2014-2019),Lok Sabha,16,Dr. Harsh Vardhan,Delhi,Commissioner North Delhi Municipal Corporation,Chandini Chowk,Infrastructure & Public Amenities,"MPLADS Works Allocation for Chandini Chowk, Commissioner North Delhi Municipal Corporation (Dr. Harsh Vardhan)",2022-03-28,,24.74,23.9,25.0,25.0,1.1,In Progress,,0
LS16_0100,16th Lok Sabha (2014-2019),Lok Sabha,16,Dr. Udit Raj,Delhi,Commissioner North Delhi Municipal Corporation,North West Delhi(Sc),Infrastructure & Public Amenities,"MPLADS Works Allocation for North West Delhi(Sc), Commissioner North Delhi Municipal Corporation (Dr. Udit Raj)",2022-05-27,,37.4,34.35,37.5,37.5,3.15,In Progress,,0
LS16_0101,16th Lok Sabha (2014-2019),Lok Sabha,16,Shri Maheish Girri,Delhi,Commissioner East Delhi Municipal Corporation,East Delhi,Infrastructure & Public Amenities,"MPLADS Works Allocation for East Delhi, Commissioner East Delhi Municipal Corporation (Shri Maheish Girri)",2019-12-31,,25.15,20.47,25.0,22.5,2.03,In Progress,"Audit Certificate Pending, Eligible MPR not Received, Utilisation Certificate Pending.",1
LS16_0102,16th Lok Sabha (2014-2019),Lok Sabha,16,Shri Manoj Kumar Tiwari,Delhi,Commissioner East Delhi Municipal Corporation,North East Delhi,Infrastructure & Public Amenities,"MPLADS Works Allocation for North East Delhi, Commissioner East Delhi Municipal Corporation (Shri Manoj Kumar Tiwari)",2019-12-31,,25.86,22.46,25.0,22.5,0.04,In Progress,"Audit Certificate Pending, Eligible MPR not Received.",1
LS16_0103,16th Lok Sabha (2014-2019),Lok Sabha,16,Shri Parvesh Sahib Singh,Delhi,Commissioner South Delhi Municipal Corporation,West Delhi,Infrastructure & Public Amenities,"MPLADS Works Allocation for West Delhi, Commissioner South Delhi Municipal Corporation (Shri Parvesh Sahib Singh)",2022-05-31,,25.01,22.5,25.0,25.0,2.5,In Progress,,0
LS16_0104,16th Lok Sabha (2014-2019),Lok Sabha,16,Shri Ramesh Bidhuri,Delhi,Commissioner South Delhi Municipal Corporation,South Delhi,Infrastructure & Public Amenities,"MPLADS Works Allocation for South Delhi, Commissioner South Delhi Municipal Corporation (Shri Ramesh Bidhuri)",2014-06-01,,24.8,20.7,25.0,22.5,1.8,In Progress,,0
LS16_0105,16th Lok Sabha (2014-2019),Lok Sabha,16,Smt. Meenakashi Lekhi,Delhi,Commissioner South Delhi Municipal Corporation,New Delhi,Infrastructure & Public Amenities,"MPLADS Works Allocation for New Delhi, Commissioner South Delhi Municipal Corporation (Smt. Meenakashi Lekhi)",2014-06-01,,21.71,19.03,25.0,22.5,3.47,In Progress,"Audit Certificate Pending, Utilisation Certificate Pending.",1
LS16_0106,16th Lok Sabha (2014-2019),Lok Sabha,16,Shri Advocate Narendra Keshav Sawaikar,Goa,South Goa,South Goa,Infrastructure & Public Amenities,"MPLADS Works Allocation for South Goa, South Goa (Shri Advocate Narendra Keshav Sawaikar)",2014-06-01,2019-05-31,26.55,20.0,27.5,20.0,0.0,Completed,Incorrect Audit Certificate.,1
LS16_0107,16th Lok Sabha (2014-2019),Lok Sabha,16,Shri Shripad Yesso Naik,Goa,North Goa,North Goa,Infrastructure & Public Amenities,"MPLADS Works Allocation for North Goa, North Goa (Shri Shripad Yesso Naik)",2022-06-30,,23.77,20.14,25.0,25.0,4.86,In Progress,,0
LS16_0108,16th Lok Sabha (2014-2019),Lok Sabha,16,Dr. Bharati Dhirubhai Shiyal,Gujarat,Bhavnagar,Bhavnagar,Infrastructure & Public Amenities,"MPLADS Works Allocation for Bhavnagar, Bhavnagar (Dr. Bharati Dhirubhai Shiyal)",2014-06-01,,24.33,22.33,25.0,25.0,2.67,In Progress,,0
LS16_0109,16th Lok Sabha (2014-2019),Lok Sabha,16,Dr. K. C. Patel,Gujarat,Valsad,Valsad(St),Infrastructure & Public Amenities,"MPLADS Works Allocation for Valsad(St), Valsad (Dr. K. C. Patel)",2014-06-01,,24.55,24.52,25.0,25.0,0.48,In Progress,,0
LS16_0110,16th Lok Sabha (2014-2019),Lok Sabha,16,Dr. Kirit Premjibhai Solanki,Gujarat,Ahmedabad,Ahmedabad West(Sc),Infrastructure & Public Amenities,"MPLADS Works Allocation for Ahmedabad West(Sc), Ahmedabad (Dr. Kirit Premjibhai Solanki)",2014-06-01,,24.53,22.48,25.0,25.0,2.52,In Progress,,0
LS16_0111,16th Lok Sabha (2014-2019),Lok Sabha,16,Shri Haribhai Parthibhai Chaudhary,Gujarat,Banaskantha,Banaskantha,Infrastructure & Public Amenities,"MPLADS Works Allocation for Banaskantha, Banaskantha (Shri Haribhai Parthibhai Chaudhary)",2014-06-01,,24.11,22.12,25.0,22.5,0.38,In Progress,,0
LS16_0112,16th Lok Sabha (2014-2019),Lok Sabha,16,Shri Chandrakant Raghunath Patil,Gujarat,Navsari,Navsari,Infrastructure & Public Amenities,"MPLADS Works Allocation for Navsari, Navsari (Shri Chandrakant Raghunath Patil)",2020-03-30,,20.7,19.95,25.0,25.0,5.05,In Progress,,0
LS16_0113,16th Lok Sabha (2014-2019),Lok Sabha,16,Shri Jasvantsinh Sumanbhai Bhabhor,Gujarat,Dahod,Dahod(St),Infrastructure & Public Amenities,"MPLADS Works Allocation for Dahod(St), Dahod (Shri Jasvantsinh Sumanbhai Bhabhor)",2018-12-27,,25.12,24.52,25.0,25.0,0.48,In Progress,,0
LS16_0114,16th Lok Sabha (2014-2019),Lok Sabha,16,Shri Dilip Patel,Gujarat,Anand,Anand,Infrastructure & Public Amenities,"MPLADS Works Allocation for Anand, Anand (Shri Dilip Patel)",2014-06-01,,24.93,23.59,25.0,25.0,1.41,In Progress,,0
LS16_0115,16th Lok Sabha (2014-2019),Lok Sabha,16,Shri Devusinh Jesingbhai Chauhan,Gujarat,Kheda,Kheda,Infrastructure & Public Amenities,"MPLADS Works Allocation for Kheda, Kheda (Shri Devusinh Jesingbhai Chauhan)",2019-01-25,,24.49,23.72,25.0,25.0,1.28,In Progress,,0
LS16_0116,16th Lok Sabha (2014-2019),Lok Sabha,16,Shri Devajibhai Govindbhai Fatepara,Gujarat,Surendranagar,Surendranagar,Infrastructure & Public Amenities,"MPLADS Works Allocation for Surendranagar, Surendranagar (Shri Devajibhai Govindbhai Fatepara)",2018-10-30,,24.64,24.34,25.0,25.0,0.66,In Progress,,0
LS16_0117,16th Lok Sabha (2014-2019),Lok Sabha,16,Shri Dipsinh Shankarsinh Rathod,Gujarat,Sabarkantha,Sabarkantha,Infrastructure & Public Amenities,"MPLADS Works Allocation for Sabarkantha, Sabarkantha (Shri Dipsinh Shankarsinh Rathod)",2019-08-21,,25.18,24.91,25.0,25.0,0.09,In Progress,,0
LS16_0118,16th Lok Sabha (2014-2019),Lok Sabha,16,Shri Lal Krishna Advani,Gujarat,Gandhinagar,Gandhinagar,Infrastructure & Public Amenities,"MPLADS Works Allocation for Gandhinagar, Gandhinagar (Shri Lal Krishna Advani)",2014-06-01,,21.88,19.35,25.0,22.5,3.15,In Progress,,0
LS16_0119,16th Lok Sabha (2014-2019),Lok Sabha,16,Shri Mansukhbhai Dhanjibhai Vasava,Gujarat,Bharuch,Bharuch,Infrastructure & Public Amenities,"MPLADS Works Allocation for Bharuch, Bharuch (Shri Mansukhbhai Dhanjibhai Vasava)",2019-05-30,,25.12,23.68,25.0,25.0,1.32,In Progress,,0
LS16_0120,16th Lok Sabha (2014-2019),Lok Sabha,16,Shri Mohanbhai Kalyanjibhai Kundariya,Gujarat,Rajkot,Rajkot,Infrastructure & Public Amenities,"MPLADS Works Allocation for Rajkot, Rajkot (Shri Mohanbhai Kalyanjibhai Kundariya)",2020-03-30,,24.1,20.15,25.0,25.0,4.85,In Progress,,0
LS16_0121,16th Lok Sabha (2014-2019),Lok Sabha,16,Shri Liladharbhai Khodaji Vaghela,Gujarat,Patan,Patan,Infrastructure & Public Amenities,"MPLADS Works Allocation for Patan, Patan (Shri Liladharbhai Khodaji Vaghela)",2014-06-01,,24.54,22.43,25.0,22.5,0.07,In Progress,,0
LS16_0122,16th Lok Sabha (2014-2019),Lok Sabha,16,Shri Naranbhai Kachhadiya,Gujarat,Amreli,Amreli,Infrastructure & Public Amenities,"MPLADS Works Allocation for Amreli, Amreli (Shri Naranbhai Kachhadiya)",2018-12-17,,24.3,23.92,25.0,25.0,1.08,In Progress,,0
LS16_0123,16th Lok Sabha (2014-2019),Lok Sabha,16,Shri Parbhubhai Nagarbhai Vasava,Gujarat,Surat,Bardoli(St),Infrastructure & Public Amenities,"MPLADS Works Allocation for Bardoli(St), Surat (Shri Parbhubhai Nagarbhai Vasava)",2014-06-01,,25.11,23.84,25.0,25.0,1.16,In Progress,,0
LS16_0124,16th Lok Sabha (2014-2019),Lok Sabha,16,Shri Paresh Rawal,Gujarat,Ahmedabad,Ahmedabad East,Infrastructure & Public Amenities,"MPLADS Works Allocation for Ahmedabad East, Ahmedabad (Shri Paresh Rawal)",2014-06-01,,25.93,22.46,25.0,25.0,2.54,In Progress,,0
LS16_0125,16th Lok Sabha (2014-2019),Lok Sabha,16,Shri Ramsinh Patalyabhai Rathwa,Gujarat,Chhota Udaipur,Chhota Udaipur(St),Infrastructure & Public Amenities,"MPLADS Works Allocation for Chhota Udaipur(St), Chhota Udaipur (Shri Ramsinh Patalyabhai Rathwa)",2014-06-01,,24.5,22.15,25.0,25.0,2.85,In Progress,,0
LS16_0126,16th Lok Sabha (2014-2019),Lok Sabha,16,Shri Prabhatsinh Pratapsinh Chauhan,Gujarat,Panchmahals,Panchmahal,Infrastructure & Public Amenities,"MPLADS Works Allocation for Panchmahal, Panchmahals (Shri Prabhatsinh Pratapsinh Chauhan)",2019-07-16,,24.59,23.92,25.0,25.0,1.08,In Progress,,0
LS16_0127,16th Lok Sabha (2014-2019),Lok Sabha,16,Shri Rajeshbhai Naranbhai Chudasama,Gujarat,Junagadh,Junagadh,Infrastructure & Public Amenities,"MPLADS Works Allocation for Junagadh, Junagadh (Shri Rajeshbhai Naranbhai Chudasama)",2014-06-01,,24.03,23.45,25.0,25.0,1.55,In Progress,,0
LS16_0128,16th Lok Sabha (2014-2019),Lok Sabha,16,Smt Ranjanben Bhatt,Gujarat,Vadodara,Vadodara,Infrastructure & Public Amenities,"MPLADS Works Allocation for Vadodara, Vadodara (Smt Ranjanben Bhatt)",2019-07-31,,23.19,21.49,25.0,25.0,3.51,In Progress,,0
LS16_0129,16th Lok Sabha (2014-2019),Lok Sabha,16,Smt. Poonamben Hematbhai Maadam,Gujarat,Jamnagar,Jamnagar,Infrastructure & Public Amenities,"MPLADS Works Allocation for Jamnagar, Jamnagar (Smt. Poonamben Hematbhai Maadam)",2022-03-23,,24.81,22.65,25.0,25.0,2.35,In Progress,,0
LS16_0130,16th Lok Sabha (2014-2019),Lok Sabha,16,Shri Vitthalbhai Hansrajbhai Radadiyahai,Gujarat,Rajkot,Porbandar,Infrastructure & Public Amenities,"MPLADS Works Allocation for Porbandar, Rajkot (Shri Vitthalbhai Hansrajbhai Radadiyahai)",2019-12-20,,23.52,21.65,25.0,25.0,3.35,In Progress,,0
LS16_0131,16th Lok Sabha (2014-2019),Lok Sabha,16,Smt. Darshana Vikram Jardosh,Gujarat,Surat,Surat,Infrastructure & Public Amenities,"MPLADS Works Allocation for Surat, Surat (Smt. Darshana Vikram Jardosh)",2019-09-19,,25.21,24.92,25.0,25.0,0.08,In Progress,,0
LS16_0132,16th Lok Sabha (2014-2019),Lok Sabha,16,Smt. Jayshreeben Patel,Gujarat,Mahesana,Mahesana,Infrastructure & Public Amenities,"MPLADS Works Allocation for Mahesana, Mahesana (Smt. Jayshreeben Patel)",2022-03-24,,24.85,23.36,25.0,25.0,1.64,In Progress,,0
LS16_0133,16th Lok Sabha (2014-2019),Lok Sabha,16,Shri Ashwini Kumar,Haryana,Karnal,Karnal,Infrastructure & Public Amenities,"MPLADS Works Allocation for Karnal, Karnal (Shri Ashwini Kumar)",2014-06-01,,19.26,19.26,25.0,20.0,0.74,In Progress,,0
LS16_0134,16th Lok Sabha (2014-2019),Lok Sabha,16,Rao Inderjit Singh,Haryana,Rewari,Gurgaon,Infrastructure & Public Amenities,"MPLADS Works Allocation for Gurgaon, Rewari (Rao Inderjit Singh)",2019-01-29,,24.42,23.18,25.0,25.0,1.82,In Progress,,0
LS16_0135,16th Lok Sabha (2014-2019),Lok Sabha,16,Shri Charanjeet Singh Rori,Haryana,Sirsa,Sirsa(Sc),Infrastructure & Public Amenities,"MPLADS Works Allocation for Sirsa(Sc), Sirsa (Shri Charanjeet Singh Rori)",2014-06-01,,25.59,24.12,25.0,25.0,0.88,In Progress,,0
LS16_0136,16th Lok Sabha (2014-2019),Lok Sabha,16,Shri Dharambir Bhaleram,Haryana,Mahendragarh,Bhiwani Mahendragarh,Infrastructure & Public Amenities,"MPLADS Works Allocation for Bhiwani Mahendragarh, Mahendragarh (Shri Dharambir Bhaleram)",2018-08-17,,24.84,24.84,25.0,25.0,0.16,In Progress,,0
LS16_0137,16th Lok Sabha (2014-2019),Lok Sabha,16,Shri Deepender Singh Hooda,Haryana,Rohtak,Rohtak,Infrastructure & Public Amenities,"MPLADS Works Allocation for Rohtak, Rohtak (Shri Deepender Singh Hooda)",2019-10-17,,25.24,24.14,25.0,25.0,0.86,In Progress,,0
LS16_0138,16th Lok Sabha (2014-2019),Lok Sabha,16,Shri Dushyant Chautala,Haryana,Hissar,Hisar,Infrastructure & Public Amenities,"MPLADS Works Allocation for Hisar, Hissar (Shri Dushyant Chautala)",2019-12-31,,23.96,20.57,25.0,25.0,4.43,In Progress,,0
LS16_0139,16th Lok Sabha (2014-2019),Lok Sabha,16,Shri Krishan Pal,Haryana,Faridabad,Faridabad,Infrastructure & Public Amenities,"MPLADS Works Allocation for Faridabad, Faridabad (Shri Krishan Pal)",2019-05-30,,24.45,21.07,25.0,25.0,3.93,In Progress,,0
LS16_0140,16th Lok Sabha (2014-2019),Lok Sabha,16,Shri Rattan Lal Kataria,Haryana,Ambala,Ambala (Sc),Infrastructure & Public Amenities,"MPLADS Works Allocation for Ambala (Sc), Ambala (Shri Rattan Lal Kataria)",2020-02-14,,22.72,21.31,25.0,25.0,3.69,In Progress,,0
LS16_0141,16th Lok Sabha (2014-2019),Lok Sabha,16,Shri Raj Kumar Saini,Haryana,Kurukshetra,Kurukshetra,Infrastructure & Public Amenities,"MPLADS Works Allocation for Kurukshetra, Kurukshetra (Shri Raj Kumar Saini)",2020-02-27,,24.52,24.32,25.0,25.0,0.68,In Progress,,0
LS16_0142,16th Lok Sabha (2014-2019),Lok Sabha,16,Shri Ramesh Chander Kaushik,Haryana,Sonepat,Sonepat,Infrastructure & Public Amenities,"MPLADS Works Allocation for Sonepat, Sonepat (Shri Ramesh Chander Kaushik)",2014-06-01,,24.59,24.59,25.0,25.0,0.41,In Progress,,0
LS16_0143,16th Lok Sabha (2014-2019),Lok Sabha,16,Shri Anurag Singh Thakur,Himachal Pradesh,Hamirpur,Hamirpur,Infrastructure & Public Amenities,"MPLADS Works Allocation for Hamirpur, Hamirpur (Shri Anurag Singh Thakur)",2019-01-29,,21.51,20.04,25.0,25.0,4.96,In Progress,,0
LS16_0144,16th Lok Sabha (2014-2019),Lok Sabha,16,Shri Ram Swaroop Sharma,Himachal Pradesh,Mandi,Mandi,Infrastructure & Public Amenities,"MPLADS Works Allocation for Mandi, Mandi (Shri Ram Swaroop Sharma)",2018-12-17,,24.43,24.43,25.0,25.0,0.57,In Progress,,0
LS16_0145,16th Lok Sabha (2014-2019),Lok Sabha,16,Shri Shanta Kumar,Himachal Pradesh,Kangra,Kangra,Infrastructure & Public Amenities,"MPLADS Works Allocation for Kangra, Kangra (Shri Shanta Kumar)",2014-06-01,,22.5,20.0,25.0,25.0,5.0,In Progress,,0
LS16_0146,16th Lok Sabha (2014-2019),Lok Sabha,16,Shri Virender Kashyap,Himachal Pradesh,Solan,Shimla (Sc),Infrastructure & Public Amenities,"MPLADS Works Allocation for Shimla (Sc), Solan (Shri Virender Kashyap)",2018-12-24,,22.19,20.02,25.0,25.0,4.98,In Progress,,0
LS16_0147,16th Lok Sabha (2014-2019),Lok Sabha,16,Dr. Jitendra Singh,Jammu & Kashmir,Kathua,Udhampur,Infrastructure & Public Amenities,"MPLADS Works Allocation for Udhampur, Kathua (Dr. Jitendra Singh)",2022-03-21,,24.82,20.64,25.0,25.0,4.36,In Progress,,0
LS16_0148,16th Lok Sabha (2014-2019),Lok Sabha,16,Dr Farooq Abdullah,Jammu & Kashmir,Srinagar,Srinagar,Infrastructure & Public Amenities,"MPLADS Works Allocation for Srinagar, Srinagar (Dr Farooq Abdullah)",2014-06-01,2019-05-31,8.62,7.5,12.5,7.5,0.0,Completed,"Audit Certificate Pending, Eligible MPR not Received, Utilisation Certificate Pending.",1
LS16_0149,16th Lok Sabha (2014-2019),Lok Sabha,16,Shri Jugal Kishore Sharma,Jammu & Kashmir,Jammu,Jammu,Infrastructure & Public Amenities,"MPLADS Works Allocation for Jammu, Jammu (Shri Jugal Kishore Sharma)",2014-06-01,,24.57,20.16,25.0,25.0,4.84,In Progress,,0
LS16_0150,16th Lok Sabha (2014-2019),Lok Sabha,16,Shri Muzaffar Hussain Baig,Jammu & Kashmir,Baramullah,Baramullah,Infrastructure & Public Amenities,"MPLADS Works Allocation for Baramullah, Baramullah (Shri Muzaffar Hussain Baig)",2020-03-23,,25.09,20.44,25.0,22.5,2.06,In Progress,"Audit Certificate Pending, Eligible MPR not Received, Utilisation Certificate Pending.",1
LS16_0151,16th Lok Sabha (2014-2019),Lok Sabha,16,Shri Thupstan Chhewang,Jammu & Kashmir,Leh,Ladakh,Infrastructure & Public Amenities,"MPLADS Works Allocation for Ladakh, Leh (Shri Thupstan Chhewang)",2019-12-18,,21.2,19.83,25.0,22.5,2.67,In Progress,"Audit Certificate Pending, Eligible MPR not Received, Utilisation Certificate Pending.",1
LS16_0152,16th Lok Sabha (2014-2019),Lok Sabha,16,Smt. Mehbooba Mufti,Jammu & Kashmir,Anantnag,Anantnag,Infrastructure & Public Amenities,"MPLADS Works Allocation for Anantnag, Anantnag (Smt. Mehbooba Mufti)",2016-11-21,,9.24,8.16,12.5,10.0,1.84,In Progress,,0
LS16_0153,16th Lok Sabha (2014-2019),Lok Sabha,16,Shri Tariq Hameed Karra,Jammu & Kashmir,Srinagar,Srinagar,Infrastructure & Public Amenities,"MPLADS Works Allocation for Srinagar, Srinagar (Shri Tariq Hameed Karra)",2014-06-01,,10.39,9.08,12.5,12.5,3.42,In Progress,"Audit Certificate Pending, Eligible MPR not Received, Utilisation Certificate Pending.",1
LS16_0154,16th Lok Sabha (2014-2019),Lok Sabha,16,Dr. Ravindra Kumar Ray,Jharkhand,Giridih,Kodarma,Infrastructure & Public Amenities,"MPLADS Works Allocation for Kodarma, Giridih (Dr. Ravindra Kumar Ray)",2014-06-01,2019-05-31,24.95,22.5,25.0,22.5,0.0,Completed,,0
LS16_0155,16th Lok Sabha (2014-2019),Lok Sabha,16,Shri Bidyut Baran Mahato,Jharkhand,East Singhbum,Jamshedpur,Infrastructure & Public Amenities,"MPLADS Works Allocation for Jamshedpur, East Singhbum (Shri Bidyut Baran Mahato)",2020-02-14,,19.9,17.22,25.0,20.0,2.78,In Progress,"Audit Certificate Pending, Eligible MPR not Received, Utilisation Certificate Pending.",1
LS16_0156,16th Lok Sabha (2014-2019),Lok Sabha,16,Shri Kariya Munda,Jharkhand,Khunti,Khunti(St),Infrastructure & Public Amenities,"MPLADS Works Allocation for Khunti(St), Khunti (Shri Kariya Munda)",2014-06-01,,19.49,19.53,25.0,20.0,0.47,In Progress,,0
LS16_0157,16th Lok Sabha (2014-2019),Lok Sabha,16,Shri Jayant Sinha,Jharkhand,Hazaribagh,Hazaribagh,Infrastructure & Public Amenities,"MPLADS Works Allocation for Hazaribagh, Hazaribagh (Shri Jayant Sinha)",2014-06-01,,21.6,19.97,25.0,22.5,2.53,In Progress,,0
LS16_0158,16th Lok Sabha (2014-2019),Lok Sabha,16,Shri Nishikant Dubey,Jharkhand,Godda,Godda,Infrastructure & Public Amenities,"MPLADS Works Allocation for Godda, Godda (Shri Nishikant Dubey)",2018-04-19,,4.34,4.11,25.0,7.5,3.39,In Progress,,0
LS16_0159,16th Lok Sabha (2014-2019),Lok Sabha,16,Shri Laxman Giluwa,Jharkhand,Chaibas (W.Singhbhum),Singhbhum(St),Infrastructure & Public Amenities,"MPLADS Works Allocation for Singhbhum(St), Chaibas (W.Singhbhum) (Shri Laxman Giluwa)",2014-06-01,,32.33,29.61,32.5,30.0,0.39,In Progress,,0
LS16_0160,16th Lok Sabha (2014-2019),Lok Sabha,16,Shri Pashupati Nath Singh,Jharkhand,Dhanbad,Dhanbad,Infrastructure & Public Amenities,"MPLADS Works Allocation for Dhanbad, Dhanbad (Shri Pashupati Nath Singh)",2014-06-01,,22.35,20.05,25.0,25.0,4.95,In Progress,,0
LS16_0161,16th Lok Sabha (2014-2019),Lok Sabha,16,Shri Ravindra Kumar Pandey,Jharkhand,Bokaro,Giridih,Infrastructure & Public Amenities,"MPLADS Works Allocation for Giridih, Bokaro (Shri Ravindra Kumar Pandey)",2018-12-19,,19.88,17.89,25.0,22.5,4.61,In Progress,,0
LS16_0162,16th Lok Sabha (2014-2019),Lok Sabha,16,Shri Sunil Kumar Singh,Jharkhand,Chatra,Chatra,Infrastructure & Public Amenities,"MPLADS Works Allocation for Chatra, Chatra (Shri Sunil Kumar Singh)",2019-09-13,,22.93,22.36,25.0,22.5,0.14,In Progress,Eligible MPR not Received.,1
LS16_0163,16th Lok Sabha (2014-2019),Lok Sabha,16,Shri Shibu Soren,Jharkhand,Dumka,Dumka(St),Infrastructure & Public Amenities,"MPLADS Works Allocation for Dumka(St), Dumka (Shri Shibu Soren)",2019-08-21,,18.43,17.32,25.0,20.0,2.68,In Progress,,0
LS16_0164,16th Lok Sabha (2014-2019),Lok Sabha,16,Shri Ram Tahal Choudhary,Jharkhand,Ranchi,Ranchi,Infrastructure & Public Amenities,"MPLADS Works Allocation for Ranchi, Ranchi (Shri Ram Tahal Choudhary)",2014-06-01,,14.8,15.02,25.0,17.5,2.48,In Progress,,0
LS16_0165,16th Lok Sabha (2014-2019),Lok Sabha,16,Shri Vishnu Dayal Ram,Jharkhand,Palamau,Palamu(Sc),Infrastructure & Public Amenities,"MPLADS Works Allocation for Palamu(Sc), Palamau (Shri Vishnu Dayal Ram)",2014-06-01,2019-05-31,24.97,25.0,25.0,25.0,0.0,Completed,,0
LS16_0166,16th Lok Sabha (2014-2019),Lok Sabha,16,Shri Sudarshan Bhagat,Jharkhand,Ranchi,Lohardaga(St),Infrastructure & Public Amenities,"MPLADS Works Allocation for Lohardaga(St), Ranchi (Shri Sudarshan Bhagat)",2014-06-01,,21.9,22.24,25.0,22.5,0.26,In Progress,Eligible MPR not Received.,1
LS16_0167,16th Lok Sabha (2014-2019),Lok Sabha,16,Shri Vijay Kumar Hansdak,Jharkhand,Sahebganj,Rajmahal(St),Infrastructure & Public Amenities,"MPLADS Works Allocation for Rajmahal(St), Sahebganj (Shri Vijay Kumar Hansdak)",2019-09-17,,17.54,17.54,25.0,20.0,2.46,In Progress,Incorrect MPR.,1
LS16_0168,16th Lok Sabha (2014-2019),Lok Sabha,16,Dr. M. Veerappa Moily,Karnataka,Chikballapur,Chikballapur,Infrastructure & Public Amenities,"MPLADS Works Allocation for Chikballapur, Chikballapur (Dr. M. Veerappa Moily)",2014-06-01,,20.15,17.04,25.0,17.5,0.46,In Progress,"Audit Certificate Pending, Eligible MPR not Received, Utilisation Certificate Pending.",1
LS16_0169,16th Lok Sabha (2014-2019),Lok Sabha,16,Km. Shobha Karandlaje,Karnataka,Udupi,Udupi Chikmagalur,Infrastructure & Public Amenities,"MPLADS Works Allocation for Udupi Chikmagalur, Udupi (Km. Shobha Karandlaje)",2020-01-21,,22.94,21.65,25.0,22.5,0.85,In Progress,"Audit Certificate Pending, Eligible MPR not Received, Utilisation Certificate Pending.",1
LS16_0170,16th Lok Sabha (2014-2019),Lok Sabha,16,Shri B.V. Nayak,Karnataka,Raichur,Raichur(St),Infrastructure & Public Amenities,"MPLADS Works Allocation for Raichur(St), Raichur (Shri B.V. Nayak)",2020-01-21,,24.71,21.96,25.0,22.5,0.54,In Progress,"Audit Certificate Pending, Eligible MPR not Received, Utilisation Certificate Pending.",1
LS16_0171,16th Lok Sabha (2014-2019),Lok Sabha,16,Shri B. S. Yeddyurappa,Karnataka,Shivamogga,Shimoga,Infrastructure & Public Amenities,"MPLADS Works Allocation for Shimoga, Shivamogga (Shri B. S. Yeddyurappa)",2019-01-25,,19.72,17.51,20.0,20.0,2.49,In Progress,,0
LS16_0172,16th Lok Sabha (2014-2019),Lok Sabha,16,Shri B. Sreeramulu,Karnataka,Ballari,Bellary(St),Infrastructure & Public Amenities,"MPLADS Works Allocation for Bellary(St), Ballari (Shri B. Sreeramulu)",2014-06-01,,19.77,19.23,20.0,20.0,0.77,In Progress,,0
LS16_0173,16th Lok Sabha (2014-2019),Lok Sabha,16,Shri B.N. Chandrappa,Karnataka,Chitradurga,Chitradurga(Sc),Infrastructure & Public Amenities,"MPLADS Works Allocation for Chitradurga(Sc), Chitradurga (Shri B.N. Chandrappa)",2020-01-21,,22.04,19.71,25.0,22.5,2.79,In Progress,"Audit Certificate Pending, Eligible MPR not Received, Utilisation Certificate Pending.",1
LS16_0174,16th Lok Sabha (2014-2019),Lok Sabha,16,Shri Ananth Ananth Kumar,Karnataka,Bengaluru Urban,Bangalore South,Infrastructure & Public Amenities,"MPLADS Works Allocation for Bangalore South, Bengaluru Urban (Shri Ananth Ananth Kumar)",2014-06-01,,11.97,7.37,25.0,12.5,5.13,In Progress,"Audit Certificate Pending, Eligible MPR not Received, Utilisation Certificate Pending.",1
LS16_0175,16th Lok Sabha (2014-2019),Lok Sabha,16,Shri Anant Kumar Dattatreya Hegde,Karnataka,Uttar Kannad,Uttara Kannada,Infrastructure & Public Amenities,"MPLADS Works Allocation for Uttara Kannada, Uttar Kannad (Shri Anant Kumar Dattatreya Hegde)",2022-06-24,,24.83,20.37,25.0,25.0,4.63,In Progress,,0
LS16_0176,16th Lok Sabha (2014-2019),Lok Sabha,16,Shri C.S. Puttaraju,Karnataka,Mandya,Mandya,Infrastructure & Public Amenities,"MPLADS Works Allocation for Mandya, Mandya (Shri C.S. Puttaraju)",2014-06-01,,14.47,13.52,20.0,15.0,1.48,In Progress,"Eligible MPR not Received, Provisional Utilisation Certificate Pending.",1
LS16_0177,16th Lok Sabha (2014-2019),Lok Sabha,16,Shri B.Y. Raghavendra,Karnataka,Shivamogga,Shimoga,Infrastructure & Public Amenities,"MPLADS Works Allocation for Shimoga, Shivamogga (Shri B.Y. Raghavendra)",2014-06-01,,2.42,1.46,2.5,2.5,1.04,In Progress,,0
LS16_0178,16th Lok Sabha (2014-2019),Lok Sabha,16,Shri Bhagwanth Khuba,Karnataka,Bidar,Bidar,Infrastructure & Public Amenities,"MPLADS Works Allocation for Bidar, Bidar (Shri Bhagwanth Khuba)",2022-03-28,,25.02,22.27,25.0,25.0,2.73,In Progress,,0
LS16_0179,16th Lok Sabha (2014-2019),Lok Sabha,16,Shri Doddaalahalli Kempegowda Suresh,Karnataka,Ramanagara,Bangalore Rural,Infrastructure & Public Amenities,"MPLADS Works Allocation for Bangalore Rural, Ramanagara (Shri Doddaalahalli Kempegowda Suresh)",2014-06-01,,24.87,24.16,25.0,25.0,0.84,In Progress,,0
LS16_0180,16th Lok Sabha (2014-2019),Lok Sabha,16,Shri D.V. Sadananda Gowda,Karnataka,Bengaluru Urban,Bangalore North,Infrastructure & Public Amenities,"MPLADS Works Allocation for Bangalore North, Bengaluru Urban (Shri D.V. Sadananda Gowda)",2022-06-17,,24.57,22.46,25.0,25.0,2.54,In Progress,,0
LS16_0181,16th Lok Sabha (2014-2019),Lok Sabha,16,Shri Gowdar Mallikarjunappa Siddeshwara,Karnataka,Davangere,Davanagere,Infrastructure & Public Amenities,"MPLADS Works Allocation for Davanagere, Davangere (Shri Gowdar Mallikarjunappa Siddeshwara)",2018-12-27,,24.62,24.61,25.0,25.0,0.39,In Progress,,0
LS16_0182,16th Lok Sabha (2014-2019),Lok Sabha,16,Shri K.H. Muniyappa,Karnataka,Kolar,Kolar(Sc),Infrastructure & Public Amenities,"MPLADS Works Allocation for Kolar(Sc), Kolar (Shri K.H. Muniyappa)",2014-06-01,,17.41,17.37,25.0,17.5,0.13,In Progress,"Audit Certificate Pending, Eligible MPR not Received, Utilisation Certificate Pending.",1
LS16_0183,16th Lok Sabha (2014-2019),Lok Sabha,16,Shri H.D. Devegowda,Karnataka,Hassan,Hassan,Infrastructure & Public Amenities,"MPLADS Works Allocation for Hassan, Hassan (Shri H.D. Devegowda)",2019-07-31,,17.27,16.9,25.0,17.5,0.6,In Progress,,0
LS16_0184,16th Lok Sabha (2014-2019),Lok Sabha,16,Shri Prakash Babanna Hukkeri,Karnataka,Belagavi,Chikkodi,Infrastructure & Public Amenities,"MPLADS Works Allocation for Chikkodi, Belagavi (Shri Prakash Babanna Hukkeri)",2020-02-27,,24.92,23.86,25.0,25.0,1.14,In Progress,,0
LS16_0185,16th Lok Sabha (2014-2019),Lok Sabha,16,Shri Mallikarjun Kharge,Karnataka,Gulbarga,Gulbarga(Sc),Infrastructure & Public Amenities,"MPLADS Works Allocation for Gulbarga(Sc), Gulbarga (Shri Mallikarjun Kharge)",2014-06-01,,24.73,20.13,25.0,25.0,4.87,In Progress,,0
LS16_0186,16th Lok Sabha (2014-2019),Lok Sabha,16,Shri Parvatagouda Chandanagouda Gaddigoudar,Karnataka,Bagalkot,Bagalkot,Infrastructure & Public Amenities,"MPLADS Works Allocation for Bagalkot, Bagalkot (Shri Parvatagouda Chandanagouda Gaddigoudar)",2014-06-01,,22.5,22.47,25.0,22.5,0.03,In Progress,"Audit Certificate Pending, Eligible MPR not Received, Utilisation Certificate Pending.",1
LS16_0187,16th Lok Sabha (2014-2019),Lok Sabha,16,Shri Pralhad Venkatesh Joshi,Karnataka,Dharwar,Dharwad,Infrastructure & Public Amenities,"MPLADS Works Allocation for Dharwad, Dharwar (Shri Pralhad Venkatesh Joshi)",2014-06-01,,24.68,23.42,27.5,27.5,4.08,In Progress,,0
LS16_0188,16th Lok Sabha (2014-2019),Lok Sabha,16,Shri P. C. Mohan,Karnataka,Bengaluru Urban,Bangalore Central,Infrastructure & Public Amenities,"MPLADS Works Allocation for Bangalore Central, Bengaluru Urban (Shri P. C. Mohan)",2014-06-01,,24.66,22.49,25.0,25.0,2.51,In Progress,,0
LS16_0189,16th Lok Sabha (2014-2019),Lok Sabha,16,Shri Prathap Simha,Karnataka,Mysore,Mysore,Infrastructure & Public Amenities,"MPLADS Works Allocation for Mysore, Mysore (Shri Prathap Simha)",2014-06-01,,22.36,22.45,25.0,25.0,2.55,In Progress,,0
LS16_0190,16th Lok Sabha (2014-2019),Lok Sabha,16,Shri Ramesh Chandappa Jigajinagi,Karnataka,Bijapur,Bijapur(Sc),Infrastructure & Public Amenities,"MPLADS Works Allocation for Bijapur(Sc), Bijapur (Shri Ramesh Chandappa Jigajinagi)",2014-06-01,,12.24,12.57,27.5,15.0,2.43,In Progress,"Audit Certificate Pending, Eligible MPR not Received, Utilisation Certificate Pending.",1
LS16_0191,16th Lok Sabha (2014-2019),Lok Sabha,16,Shri Nalin Kumar Kateel,Karnataka,Dakshin Kannad,Dakshina Kannada,Infrastructure & Public Amenities,"MPLADS Works Allocation for Dakshina Kannada, Dakshin Kannad (Shri Nalin Kumar Kateel)",2019-10-17,,24.94,24.94,25.0,25.0,0.06,In Progress,,0
LS16_0192,16th Lok Sabha (2014-2019),Lok Sabha,16,Shri Rangaswamy Dhruvanarayana,Karnataka,Chamarajnagar,Chamarajanagar(Sc),Infrastructure & Public Amenities,"MPLADS Works Allocation for Chamarajanagar(Sc), Chamarajnagar (Shri Rangaswamy Dhruvanarayana)",2014-06-01,,24.87,24.1,25.0,25.0,0.9,In Progress,,0
LS16_0193,16th Lok Sabha (2014-2019),Lok Sabha,16,Shri Sanganna Amarappa Karadi,Karnataka,Koppal,Koppal,Infrastructure & Public Amenities,"MPLADS Works Allocation for Koppal, Koppal (Shri Sanganna Amarappa Karadi)",2020-03-17,,24.62,23.63,25.0,25.0,1.37,In Progress,,0
LS16_0194,16th Lok Sabha (2014-2019),Lok Sabha,16,Shri S.P. Muddahanumegowda,Karnataka,Tumakuru,Tumkur,Infrastructure & Public Amenities,"MPLADS Works Allocation for Tumkur, Tumakuru (Shri S.P. Muddahanumegowda)",2019-01-29,,24.98,21.89,25.0,22.5,0.61,In Progress,"Audit Certificate Pending, Eligible MPR not Received, Utilisation Certificate Pending.",1
LS16_0195,16th Lok Sabha (2014-2019),Lok Sabha,16,Shri Shivkumar Chanabasappa Udasi,Karnataka,Haveri,Haveri,Infrastructure & Public Amenities,"MPLADS Works Allocation for Haveri, Haveri (Shri Shivkumar Chanabasappa Udasi)",2014-06-01,,24.54,22.48,25.0,22.5,0.02,In Progress,"Audit Certificate Pending, Eligible MPR not Received, Utilisation Certificate Pending.",1
LS16_0196,16th Lok Sabha (2014-2019),Lok Sabha,16,Shri Venkatapura Subbaiah Ugrappa,Karnataka,Ballari,Bellary(St),Infrastructure & Public Amenities,"MPLADS Works Allocation for Bellary(St), Ballari (Shri Venkatapura Subbaiah Ugrappa)",2019-01-29,,2.16,1.35,2.5,2.5,1.15,In Progress,,0
LS16_0197,16th Lok Sabha (2014-2019),Lok Sabha,16,Shri Suresh Chanabasappa Angadi,Karnataka,Belagavi,Belgaum,Infrastructure & Public Amenities,"MPLADS Works Allocation for Belgaum, Belagavi (Shri Suresh Chanabasappa Angadi)",2022-07-26,,23.4,21.26,25.0,25.0,3.74,In Progress,,0
LS16_0198,16th Lok Sabha (2014-2019),Lok Sabha,16,P.K .Kunhalikutty,Kerala,Malappuram,Malappuram,Infrastructure & Public Amenities,"MPLADS Works Allocation for Malappuram, Malappuram (P.K .Kunhalikutty)",2019-07-16,,9.6,9.32,10.0,10.0,0.68,In Progress,,0
LS16_0199,16th Lok Sabha (2014-2019),Lok Sabha,16,Dr. Anirudhan Sampath,Kerala,Thiruvananthapuram,Attingal,Infrastructure & Public Amenities,"MPLADS Works Allocation for Attingal, Thiruvananthapuram (Dr. Anirudhan Sampath)",2014-06-01,,25.81,24.51,25.0,25.0,0.49,In Progress,,0
LS16_0200,16th Lok Sabha (2014-2019),Lok Sabha,16,Prof. Kuruppassery Varkey Thomas,Kerala,Ernakulam,Ernakulam,Infrastructure & Public Amenities,"MPLADS Works Allocation for Ernakulam, Ernakulam (Prof. Kuruppassery Varkey Thomas)",2022-06-30,,26.76,20.26,25.0,25.0,4.74,In Progress,,0
LS16_0201,16th Lok Sabha (2014-2019),Lok Sabha,16,Shri (Adv.) Joice George,Kerala,Idukki,Idukki,Infrastructure & Public Amenities,"MPLADS Works Allocation for Idukki, Idukki (Shri (Adv.) Joice George)",2022-03-21,,25.55,22.48,25.0,25.0,2.52,In Progress,,0
LS16_0202,16th Lok Sabha (2014-2019),Lok Sabha,16,Dr. Shashi Tharoor,Kerala,Thiruvananthapuram,Thiruvananthapuram,Infrastructure & Public Amenities,"MPLADS Works Allocation for Thiruvananthapuram, Thiruvananthapuram (Dr. Shashi Tharoor)",2019-12-20,,24.67,23.5,25.0,25.0,1.5,In Progress,,0
LS16_0203,16th Lok Sabha (2014-2019),Lok Sabha,16,Shri E. Ahamed,Kerala,Malappuram,Malappuram,Infrastructure & Public Amenities,"MPLADS Works Allocation for Malappuram, Malappuram (Shri E. Ahamed)",2017-01-31,2019-05-31,14.54,15.0,15.0,15.0,0.0,Completed,,0
LS16_0204,16th Lok Sabha (2014-2019),Lok Sabha,16,Shri E. T. Mohammed Basheer,Kerala,Malappuram,Ponnani,Infrastructure & Public Amenities,"MPLADS Works Allocation for Ponnani, Malappuram (Shri E. T. Mohammed Basheer)",2014-06-01,,24.82,21.91,25.0,25.0,3.09,In Progress,,0
LS16_0205,16th Lok Sabha (2014-2019),Lok Sabha,16,Shri Anto Antony,Kerala,Pathanamthitta,Pathanamthitta,Infrastructure & Public Amenities,"MPLADS Works Allocation for Pathanamthitta, Pathanamthitta (Shri Anto Antony)",2020-03-30,,25.74,23.1,25.0,25.0,1.9,In Progress,,0
LS16_0206,16th Lok Sabha (2014-2019),Lok Sabha,16,Shri Jose K. Mani,Kerala,Kottayam,Kottayam,Infrastructure & Public Amenities,"MPLADS Works Allocation for Kottayam, Kottayam (Shri Jose K. Mani)",2014-06-01,,20.98,17.42,25.0,20.0,2.58,In Progress,,0
LS16_0207,16th Lok Sabha (2014-2019),Lok Sabha,16,Shri K. C. Venugopal,Kerala,Alappuzha,Alappuzha,Infrastructure & Public Amenities,"MPLADS Works Allocation for Alappuzha, Alappuzha (Shri K. C. Venugopal)",2014-06-01,,26.14,22.32,25.0,25.0,2.68,In Progress,,0
LS16_0208,16th Lok Sabha (2014-2019),Lok Sabha,16,Shri C. N. Jayadevan,Kerala,Thrissoor,Thrissur,Infrastructure & Public Amenities,"MPLADS Works Allocation for Thrissur, Thrissoor (Shri C. N. Jayadevan)",2020-03-13,,26.05,22.75,25.0,25.0,2.25,In Progress,,0
LS16_0209,16th Lok Sabha (2014-2019),Lok Sabha,16,Shri Innocent,Kerala,Ernakulam,Chalakudy,Infrastructure & Public Amenities,"MPLADS Works Allocation for Chalakudy, Ernakulam (Shri Innocent)",2022-02-25,,25.59,22.27,25.0,25.0,2.73,In Progress,,0
LS16_0210,16th Lok Sabha (2014-2019),Lok Sabha,16,Shri M. I. Shanavas,Kerala,Wayanad,Wayanad,Infrastructure & Public Amenities,"MPLADS Works Allocation for Wayanad, Wayanad (Shri M. I. Shanavas)",2020-02-27,,21.83,21.26,25.0,22.5,1.24,In Progress,,0
LS16_0211,16th Lok Sabha (2014-2019),Lok Sabha,16,Shri M. B. Rajesh,Kerala,Palakkad,Palakkad,Infrastructure & Public Amenities,"MPLADS Works Allocation for Palakkad, Palakkad (Shri M. B. Rajesh)",2022-03-29,,23.93,22.46,25.0,25.0,2.54,In Progress,,0
LS16_0212,16th Lok Sabha (2014-2019),Lok Sabha,16,Shri P. Karunakaran,Kerala,Kasaragod,Kasaragod,Infrastructure & Public Amenities,"MPLADS Works Allocation for Kasaragod, Kasaragod (Shri P. Karunakaran)",2019-06-13,,25.18,21.81,25.0,22.5,0.69,In Progress,"Audit Certificate Pending, Eligible MPR not Received, Utilisation Certificate Pending.",1
LS16_0213,16th Lok Sabha (2014-2019),Lok Sabha,16,Shri Parayamparanbil Kuttappan Biju,Kerala,Palakkad,Alathur(Sc),Infrastructure & Public Amenities,"MPLADS Works Allocation for Alathur(Sc), Palakkad (Shri Parayamparanbil Kuttappan Biju)",2022-03-29,,24.94,20.0,25.0,22.5,2.5,In Progress,"Audit Certificate Pending, Eligible MPR not Received, Utilisation Certificate Pending.",1
LS16_0214,16th Lok Sabha (2014-2019),Lok Sabha,16,Shri M. K. Raghavan,Kerala,Kozhikode,Kozhikode,Infrastructure & Public Amenities,"MPLADS Works Allocation for Kozhikode, Kozhikode (Shri M. K. Raghavan)",2014-06-01,,25.13,22.5,25.0,25.0,2.5,In Progress,,0
LS16_0215,16th Lok Sabha (2014-2019),Lok Sabha,16,Shri N.K. Premachandran,Kerala,Kollam,Kollam,Infrastructure & Public Amenities,"MPLADS Works Allocation for Kollam, Kollam (Shri N.K. Premachandran)",2022-02-22,,24.83,22.52,25.0,25.0,2.48,In Progress,,0
LS16_0216,16th Lok Sabha (2014-2019),Lok Sabha,16,Shri Ramachandran Mullappally,Kerala,Kozhikode,Vadakara,Infrastructure & Public Amenities,"MPLADS Works Allocation for Vadakara, Kozhikode (Shri Ramachandran Mullappally)",2014-06-01,,25.36,19.68,25.0,22.5,2.82,In Progress,"Audit Certificate Pending, Eligible MPR not Received, Utilisation Certificate Pending.",1
LS16_0217,16th Lok Sabha (2014-2019),Lok Sabha,16,Shri Suresh Kodikunnil,Kerala,Kollam,Mavelikkara(Sc),Infrastructure & Public Amenities,"MPLADS Works Allocation for Mavelikkara(Sc), Kollam (Shri Suresh Kodikunnil)",2022-06-30,,24.37,20.31,25.0,25.0,4.69,In Progress,,0
LS16_0218,16th Lok Sabha (2014-2019),Lok Sabha,16,Smt. P.K.Sreemathi Teacher,Kerala,Kannur,Kannur,Infrastructure & Public Amenities,"MPLADS Works Allocation for Kannur, Kannur (Smt. P.K.Sreemathi Teacher)",2020-03-19,,25.33,23.41,25.0,25.0,1.59,In Progress,,0
LS16_0219,16th Lok Sabha (2014-2019),Lok Sabha,16,Shri Faizal P.P. Mohammed,Lakshadweep,Lakshadweep,Lakshadweep(St),Infrastructure & Public Amenities,"MPLADS Works Allocation for Lakshadweep(St), Lakshadweep (Shri Faizal P.P. Mohammed)",2014-06-01,,19.54,15.4,25.0,20.0,4.6,In Progress,"Eligible MPR not Received, Provisional Utilisation Certificate Pending.",1
LS16_0220,16th Lok Sabha (2014-2019),Lok Sabha,16,Prof. Chintamani Malviya,Madhya Pradesh,Ujjain,Ujjain(Sc),Infrastructure & Public Amenities,"MPLADS Works Allocation for Ujjain(Sc), Ujjain (Prof. Chintamani Malviya)",2014-06-01,,23.84,23.62,25.0,25.0,1.38,In Progress,,0
LS16_0221,16th Lok Sabha (2014-2019),Lok Sabha,16,Shri Alok Sanjar,Madhya Pradesh,Bhopal,Bhopal,Infrastructure & Public Amenities,"MPLADS Works Allocation for Bhopal, Bhopal (Shri Alok Sanjar)",2020-02-25,,24.7,20.33,25.0,25.0,4.67,In Progress,,0
LS16_0222,16th Lok Sabha (2014-2019),Lok Sabha,16,Dr. Bhagirath Prasad,Madhya Pradesh,Bhind,Bhind(Sc),Infrastructure & Public Amenities,"MPLADS Works Allocation for Bhind(Sc), Bhind (Dr. Bhagirath Prasad)",2019-01-25,,24.44,21.79,25.0,25.0,3.21,In Progress,,0
LS16_0223,16th Lok Sabha (2014-2019),Lok Sabha,16,Sumitra Mahajan (Tai),Madhya Pradesh,Indore,Indore,Infrastructure & Public Amenities,"MPLADS Works Allocation for Indore, Indore (Sumitra Mahajan (Tai))",2018-09-17,,24.67,24.01,25.0,25.0,0.99,In Progress,,0
LS16_0224,16th Lok Sabha (2014-2019),Lok Sabha,16,Dr. Virendra Kumar,Madhya Pradesh,Tikamgarh,Tikamgarh(Sc),Infrastructure & Public Amenities,"MPLADS Works Allocation for Tikamgarh(Sc), Tikamgarh (Dr. Virendra Kumar)",2019-05-31,,25.9,22.86,25.0,25.0,2.14,In Progress,,0
LS16_0225,16th Lok Sabha (2014-2019),Lok Sabha,16,Shri Anoop Mishra,Madhya Pradesh,Morena,Morena,Infrastructure & Public Amenities,"MPLADS Works Allocation for Morena, Morena (Shri Anoop Mishra)",2019-08-21,,24.22,22.43,25.0,25.0,2.57,In Progress,,0
LS16_0226,16th Lok Sabha (2014-2019),Lok Sabha,16,Shri Bodh Singh Bhagat,Madhya Pradesh,Balaghat,Balaghat,Infrastructure & Public Amenities,"MPLADS Works Allocation for Balaghat, Balaghat (Shri Bodh Singh Bhagat)",2014-06-01,,24.95,24.67,25.0,25.0,0.33,In Progress,,0
LS16_0227,16th Lok Sabha (2014-2019),Lok Sabha,16,Shri Dileep Singh Bhuria,Madhya Pradesh,Jhabua,Ratlam(St),Infrastructure & Public Amenities,"MPLADS Works Allocation for Ratlam(St), Jhabua (Shri Dileep Singh Bhuria)",2015-11-27,,4.19,4.19,5.0,5.0,0.81,In Progress,Eligible MPR not Received.,1
LS16_0228,16th Lok Sabha (2014-2019),Lok Sabha,16,Shri Jyotiraditya Madhavrao Scindia,Madhya Pradesh,Guna,Guna,Infrastructure & Public Amenities,"MPLADS Works Allocation for Guna, Guna (Shri Jyotiraditya Madhavrao Scindia)",2014-06-01,,21.55,20.03,25.0,25.0,4.97,In Progress,,0
LS16_0229,16th Lok Sabha (2014-2019),Lok Sabha,16,Shri Faggan Singh Kulaste,Madhya Pradesh,Mandla,Mandla(St),Infrastructure & Public Amenities,"MPLADS Works Allocation for Mandla(St), Mandla (Shri Faggan Singh Kulaste)",2020-03-23,,22.46,21.17,25.0,25.0,3.83,In Progress,,0
LS16_0230,16th Lok Sabha (2014-2019),Lok Sabha,16,Shri Gyan Singh,Madhya Pradesh,Shahdol,Shahdol (St),Infrastructure & Public Amenities,"MPLADS Works Allocation for Shahdol (St), Shahdol (Shri Gyan Singh)",2019-01-25,,10.38,8.7,12.5,12.5,3.8,In Progress,,0
LS16_0231,16th Lok Sabha (2014-2019),Lok Sabha,16,Shri Dalpat Singh Paraste,Madhya Pradesh,Shahdol,Shahdol (St),Infrastructure & Public Amenities,"MPLADS Works Allocation for Shahdol (St), Shahdol (Shri Dalpat Singh Paraste)",2016-12-16,,9.88,9.77,12.5,12.5,2.73,In Progress,,0
LS16_0232,16th Lok Sabha (2014-2019),Lok Sabha,16,Shri Ganesh Singh,Madhya Pradesh,Satna,Satna,Infrastructure & Public Amenities,"MPLADS Works Allocation for Satna, Satna (Shri Ganesh Singh)",2018-12-27,,25.18,24.59,25.0,25.0,0.41,In Progress,,0
LS16_0233,16th Lok Sabha (2014-2019),Lok Sabha,16,Shri Laxmi Narayan Yadav,Madhya Pradesh,Sagar,Sagar,Infrastructure & Public Amenities,"MPLADS Works Allocation for Sagar, Sagar (Shri Laxmi Narayan Yadav)",2018-08-16,,24.84,24.42,25.0,25.0,0.58,In Progress,,0
LS16_0234,16th Lok Sabha (2014-2019),Lok Sabha,16,Shri Kantilal Bhuria,Madhya Pradesh,Jhabua,Ratlam(St),Infrastructure & Public Amenities,"MPLADS Works Allocation for Ratlam(St), Jhabua (Shri Kantilal Bhuria)",2019-11-19,,19.35,16.91,20.0,17.5,0.59,In Progress,Eligible MPR not Received.,1
LS16_0235,16th Lok Sabha (2014-2019),Lok Sabha,16,Shri Janardan Mishra,Madhya Pradesh,Rewa,Rewa,Infrastructure & Public Amenities,"MPLADS Works Allocation for Rewa, Rewa (Shri Janardan Mishra)",2019-01-15,,20.78,19.07,25.0,25.0,5.93,In Progress,,0
LS16_0236,16th Lok Sabha (2014-2019),Lok Sabha,16,Shri Kamal Kamal Nath,Madhya Pradesh,Chhindwara,Chhindwara,Infrastructure & Public Amenities,"MPLADS Works Allocation for Chhindwara, Chhindwara (Shri Kamal Kamal Nath)",2014-06-01,,24.8,24.39,25.0,25.0,0.61,In Progress,,0
LS16_0237,16th Lok Sabha (2014-2019),Lok Sabha,16,Shri Nand Kumar Singh Chauhan,Madhya Pradesh,Khandwa,Khandwa,Infrastructure & Public Amenities,"MPLADS Works Allocation for Khandwa, Khandwa (Shri Nand Kumar Singh Chauhan)",2019-10-29,,22.86,20.95,25.0,25.0,4.05,In Progress,,0
LS16_0238,16th Lok Sabha (2014-2019),Lok Sabha,16,Shri Prahlad Singh Patel,Madhya Pradesh,Damoh,Damoh,Infrastructure & Public Amenities,"MPLADS Works Allocation for Damoh, Damoh (Shri Prahlad Singh Patel)",2014-06-01,,25.13,23.12,25.0,25.0,1.88,In Progress,,0
LS16_0239,16th Lok Sabha (2014-2019),Lok Sabha,16,Shri Nagendra Singh,Madhya Pradesh,Panna,Khajuraho,Infrastructure & Public Amenities,"MPLADS Works Allocation for Khajuraho, Panna (Shri Nagendra Singh)",2014-06-01,,24.69,21.12,25.0,25.0,3.88,In Progress,,0
LS16_0240,16th Lok Sabha (2014-2019),Lok Sabha,16,Shri Manhor Untwal,Madhya Pradesh,Dewas,Dewas(Sc),Infrastructure & Public Amenities,"MPLADS Works Allocation for Dewas(Sc), Dewas (Shri Manhor Untwal)",2014-06-01,,24.55,24.53,25.0,25.0,0.47,In Progress,,0
LS16_0241,16th Lok Sabha (2014-2019),Lok Sabha,16,Shri Rodmal Nagar,Madhya Pradesh,Rajgarh,Rajgarh,Infrastructure & Public Amenities,"MPLADS Works Allocation for Rajgarh, Rajgarh (Shri Rodmal Nagar)",2018-12-17,,24.85,24.85,25.0,25.0,0.15,In Progress,,0
LS16_0242,16th Lok Sabha (2014-2019),Lok Sabha,16,Shri Narendra Singh Tomar,Madhya Pradesh,Gwalior,Gwalior,Infrastructure & Public Amenities,"MPLADS Works Allocation for Gwalior, Gwalior (Shri Narendra Singh Tomar)",2019-07-31,,23.19,20.81,25.0,22.5,1.69,In Progress,,0
LS16_0243,16th Lok Sabha (2014-2019),Lok Sabha,16,Shri Sudheer Gupta,Madhya Pradesh,Mandsaur,Mandsour,Infrastructure & Public Amenities,"MPLADS Works Allocation for Mandsour, Mandsaur (Shri Sudheer Gupta)",2019-09-17,,24.77,24.23,25.0,25.0,0.77,In Progress,,0
LS16_0244,16th Lok Sabha (2014-2019),Lok Sabha,16,Shri Rakesh Singh,Madhya Pradesh,Jabalpur,Jabalpur,Infrastructure & Public Amenities,"MPLADS Works Allocation for Jabalpur, Jabalpur (Shri Rakesh Singh)",2014-06-01,,24.69,24.21,25.0,25.0,0.79,In Progress,,0
LS16_0245,16th Lok Sabha (2014-2019),Lok Sabha,16,Shri Uday Pratap Singh,Madhya Pradesh,Hoshangabad,Hoshangabad,Infrastructure & Public Amenities,"MPLADS Works Allocation for Hoshangabad, Hoshangabad (Shri Uday Pratap Singh)",2019-08-21,,24.07,23.4,25.0,25.0,1.6,In Progress,,0
LS16_0246,16th Lok Sabha (2014-2019),Lok Sabha,16,Smt. Jyoti Dhurve,Madhya Pradesh,Betul,Betul(St),Infrastructure & Public Amenities,"MPLADS Works Allocation for Betul(St), Betul (Smt. Jyoti Dhurve)",2019-11-15,,21.62,21.04,25.0,22.5,1.46,In Progress,,0
LS16_0247,16th Lok Sabha (2014-2019),Lok Sabha,16,Shri Subhash Patel,Madhya Pradesh,Khargaon,Khargone(St),Infrastructure & Public Amenities,"MPLADS Works Allocation for Khargone(St), Khargaon (Shri Subhash Patel)",2014-06-01,2019-05-31,25.04,25.0,25.0,25.0,0.0,Completed,,0
LS16_0248,16th Lok Sabha (2014-2019),Lok Sabha,16,Smt. Riti Pathak,Madhya Pradesh,Sidhi,Sidhi,Infrastructure & Public Amenities,"MPLADS Works Allocation for Sidhi, Sidhi (Smt. Riti Pathak)",2014-06-01,,23.95,21.91,25.0,25.0,3.09,In Progress,,0
LS16_0249,16th Lok Sabha (2014-2019),Lok Sabha,16,Smt. Savitri Thakur,Madhya Pradesh,Dhar,Dhar(St),Infrastructure & Public Amenities,"MPLADS Works Allocation for Dhar(St), Dhar (Smt. Savitri Thakur)",2018-12-27,,24.54,24.41,25.0,25.0,0.59,In Progress,,0
LS16_0250,16th Lok Sabha (2014-2019),Lok Sabha,16,Smt. Sushma Swaraj,Madhya Pradesh,Raisen,Vidisha,Infrastructure & Public Amenities,"MPLADS Works Allocation for Vidisha, Raisen (Smt. Sushma Swaraj)",2014-06-01,,22.8,21.56,25.0,25.0,3.44,In Progress,,0
LS16_0251,16th Lok Sabha (2014-2019),Lok Sabha,16,Dr. Subhash Ramrao Bhamre,Maharashtra,Dhule,Dhule,Infrastructure & Public Amenities,"MPLADS Works Allocation for Dhule, Dhule (Dr. Subhash Ramrao Bhamre)",2022-03-14,,23.47,19.69,25.0,22.5,2.81,In Progress,,0
LS16_0252,16th Lok Sabha (2014-2019),Lok Sabha,16,Dr. Kirit Somaiya,Maharashtra,Mumbai Suburban,Mumbai North East,Infrastructure & Public Amenities,"MPLADS Works Allocation for Mumbai North East, Mumbai Suburban (Dr. Kirit Somaiya)",2014-06-01,,28.35,24.5,25.0,25.0,0.5,In Progress,,0
LS16_0253,16th Lok Sabha (2014-2019),Lok Sabha,16,Prof. Ravindra Vishwanath Gaikwad,Maharashtra,Osmanabad,Osmanabad,Infrastructure & Public Amenities,"MPLADS Works Allocation for Osmanabad, Osmanabad (Prof. Ravindra Vishwanath Gaikwad)",2022-06-17,,23.69,22.43,25.0,25.0,2.57,In Progress,,0
LS16_0254,16th Lok Sabha (2014-2019),Lok Sabha,16,Dr. Heena Vijaykumar Gavit,Maharashtra,Nandurbar,Nandurbar(St),Infrastructure & Public Amenities,"MPLADS Works Allocation for Nandurbar(St), Nandurbar (Dr. Heena Vijaykumar Gavit)",2014-06-01,,24.45,22.48,25.0,22.5,0.02,In Progress,,0
LS16_0255,16th Lok Sabha (2014-2019),Lok Sabha,16,Dr. Shrikant Eknath Shinde,Maharashtra,Thane,Kalyan,Infrastructure & Public Amenities,"MPLADS Works Allocation for Kalyan, Thane (Dr. Shrikant Eknath Shinde)",2019-07-17,2019-05-31,25.03,22.5,25.0,22.5,0.0,Completed,,0
LS16_0256,16th Lok Sabha (2014-2019),Lok Sabha,16,Ms. Bhavana Gawali (Patil),Maharashtra,Wasim,Yavatmal-Washim,Infrastructure & Public Amenities,"MPLADS Works Allocation for Yavatmal-Washim, Wasim (Ms. Bhavana Gawali (Patil))",2019-12-20,,25.0,17.12,25.0,22.5,5.38,In Progress,,0
LS16_0257,16th Lok Sabha (2014-2019),Lok Sabha,16,Shri A.T. (Nana) Patil,Maharashtra,Jalgaon,Jalgaon,Infrastructure & Public Amenities,"MPLADS Works Allocation for Jalgaon, Jalgaon (Shri A.T. (Nana) Patil)",2022-06-29,,24.18,21.47,25.0,25.0,3.53,In Progress,,0
LS16_0258,16th Lok Sabha (2014-2019),Lok Sabha,16,Shri Anant Gangaram Geete,Maharashtra,Raigad,Raigad,Infrastructure & Public Amenities,"MPLADS Works Allocation for Raigad, Raigad (Shri Anant Gangaram Geete)",2019-09-17,,23.86,23.16,25.0,25.0,1.84,In Progress,,0
LS16_0259,16th Lok Sabha (2014-2019),Lok Sabha,16,Shri Anandrao Adsul,Maharashtra,Amravati,Amravati(Sc),Infrastructure & Public Amenities,"MPLADS Works Allocation for Amravati(Sc), Amravati (Shri Anandrao Adsul)",2014-06-01,,24.86,20.38,25.0,22.5,2.12,In Progress,,0
LS16_0260,16th Lok Sabha (2014-2019),Lok Sabha,16,Dr Pritam Gopinath Munde,Maharashtra,Beed,Beed,Infrastructure & Public Amenities,"MPLADS Works Allocation for Beed, Beed (Dr Pritam Gopinath Munde)",2014-06-01,,24.24,17.31,25.0,17.5,0.19,In Progress,,0
LS16_0261,16th Lok Sabha (2014-2019),Lok Sabha,16,Dr. Sunil Baliram Gaikwad,Maharashtra,Latur,Latur(Sc),Infrastructure & Public Amenities,"MPLADS Works Allocation for Latur(Sc), Latur (Dr. Sunil Baliram Gaikwad)",2019-07-15,,24.05,19.96,25.0,22.5,2.54,In Progress,,0
LS16_0262,16th Lok Sabha (2014-2019),Lok Sabha,16,Shri Ashok Mahadeorao Nete,Maharashtra,Garchiroli,Gadchiroli-Chimur(St),Infrastructure & Public Amenities,"MPLADS Works Allocation for Gadchiroli-Chimur(St), Garchiroli (Shri Ashok Mahadeorao Nete)",2014-06-01,,24.7,22.39,25.0,22.5,0.11,In Progress,,0
LS16_0263,16th Lok Sabha (2014-2019),Lok Sabha,16,Shri Arvind Ganpat Sawant,Maharashtra,Mumbai City,Mumbai South,Infrastructure & Public Amenities,"MPLADS Works Allocation for Mumbai South, Mumbai City (Shri Arvind Ganpat Sawant)",2022-03-25,,25.18,22.44,25.0,25.0,2.56,In Progress,,0
LS16_0264,16th Lok Sabha (2014-2019),Lok Sabha,16,Shri Ashok Shankarrao Chavan,Maharashtra,Nanded,Nanded,Infrastructure & Public Amenities,"MPLADS Works Allocation for Nanded, Nanded (Shri Ashok Shankarrao Chavan)",2022-05-30,,24.15,19.84,25.0,22.5,2.66,In Progress,,0
LS16_0265,16th Lok Sabha (2014-2019),Lok Sabha,16,Shri Chandrakant Bhaurao Khaire,Maharashtra,Aurangabad,Aurangabad,Infrastructure & Public Amenities,"MPLADS Works Allocation for Aurangabad, Aurangabad (Shri Chandrakant Bhaurao Khaire)",2014-06-01,,24.14,20.71,25.0,25.0,4.29,In Progress,,0
LS16_0266,16th Lok Sabha (2014-2019),Lok Sabha,16,Shri Gajanan Chandrakant Kirtikar,Maharashtra,Mumbai Suburban,Mumbai North West,Infrastructure & Public Amenities,"MPLADS Works Allocation for Mumbai North West, Mumbai Suburban (Shri Gajanan Chandrakant Kirtikar)",2021-03-31,,26.58,19.14,25.0,22.5,3.36,In Progress,,0
LS16_0267,16th Lok Sabha (2014-2019),Lok Sabha,16,Shri Chandu Barne Shrirang,Maharashtra,Pune,Maval,Infrastructure & Public Amenities,"MPLADS Works Allocation for Maval, Pune (Shri Chandu Barne Shrirang)",2022-05-30,,25.11,22.08,25.0,25.0,2.92,In Progress,,0
LS16_0268,16th Lok Sabha (2014-2019),Lok Sabha,16,Shri Anil Shirole,Maharashtra,Pune,Pune,Infrastructure & Public Amenities,"MPLADS Works Allocation for Pune, Pune (Shri Anil Shirole)",2019-08-14,,25.39,22.43,25.0,22.5,0.07,In Progress,,0
LS16_0269,16th Lok Sabha (2014-2019),Lok Sabha,16,Shri Chintaman Navsha Wanaga,Maharashtra,Palghar,Palghar(St),Infrastructure & Public Amenities,"MPLADS Works Allocation for Palghar(St), Palghar (Shri Chintaman Navsha Wanaga)",2018-10-30,,15.1,14.9,20.0,17.5,2.6,In Progress,,0
LS16_0270,16th Lok Sabha (2014-2019),Lok Sabha,16,Shri Harishchandra Deoram Chavan,Maharashtra,Nashik,Dindori(St),Infrastructure & Public Amenities,"MPLADS Works Allocation for Dindori(St), Nashik (Shri Harishchandra Deoram Chavan)",2014-06-01,,24.88,22.45,25.0,22.5,0.05,In Progress,,0
LS16_0271,16th Lok Sabha (2014-2019),Lok Sabha,16,Shri Dhananjay Bhimrao Mahadik,Maharashtra,Kolhapur,Kolhapur,Infrastructure & Public Amenities,"MPLADS Works Allocation for Kolhapur, Kolhapur (Shri Dhananjay Bhimrao Mahadik)",2022-06-17,,24.49,20.02,25.0,22.5,2.48,In Progress,,0
LS16_0272,16th Lok Sabha (2014-2019),Lok Sabha,16,Shri Hansraj Gangaram Ahir,Maharashtra,Chandrapur,Chandrapur,Infrastructure & Public Amenities,"MPLADS Works Allocation for Chandrapur, Chandrapur (Shri Hansraj Gangaram Ahir)",2019-06-27,,25.0,21.66,25.0,25.0,3.34,In Progress,,0
LS16_0273,16th Lok Sabha (2014-2019),Lok Sabha,16,Shri Hemant Tukaram Godse,Maharashtra,Nashik,Nashik,Infrastructure & Public Amenities,"MPLADS Works Allocation for Nashik, Nashik (Shri Hemant Tukaram Godse)",2019-10-29,,24.26,22.02,25.0,22.5,0.48,In Progress,,0
LS16_0274,16th Lok Sabha (2014-2019),Lok Sabha,16,Shri Gopal Chinayya Shetty,Maharashtra,Mumbai Suburban,Mumbai North,Infrastructure & Public Amenities,"MPLADS Works Allocation for Mumbai North, Mumbai Suburban (Shri Gopal Chinayya Shetty)",2022-06-24,,24.95,22.01,25.0,22.5,0.49,In Progress,,0
LS16_0275,16th Lok Sabha (2014-2019),Lok Sabha,16,Shri Dilip Kumar Mansukhlal Gandhi,Maharashtra,Ahmadnagar,Ahmednagar,Infrastructure & Public Amenities,"MPLADS Works Allocation for Ahmednagar, Ahmadnagar (Shri Dilip Kumar Mansukhlal Gandhi)",2014-06-01,,24.77,22.05,25.0,22.5,0.45,In Progress,,0
LS16_0276,16th Lok Sabha (2014-2019),Lok Sabha,16,Shri Kapil Moreshwar Patil,Maharashtra,Thane,Bhiwandi,Infrastructure & Public Amenities,"MPLADS Works Allocation for Bhiwandi, Thane (Shri Kapil Moreshwar Patil)",2014-06-01,2019-05-31,24.8,22.5,25.0,22.5,0.0,Completed,,0
LS16_0277,16th Lok Sabha (2014-2019),Lok Sabha,16,Shri Krupal Balaji Tumane,Maharashtra,Nagpur,Ramtek(Sc),Infrastructure & Public Amenities,"MPLADS Works Allocation for Ramtek(Sc), Nagpur (Shri Krupal Balaji Tumane)",2019-08-14,,24.5,19.27,25.0,22.5,3.23,In Progress,,0
LS16_0278,16th Lok Sabha (2014-2019),Lok Sabha,16,Shri Rajendra Dhedya Gavit,Maharashtra,Palghar,Palghar(St),Infrastructure & Public Amenities,"MPLADS Works Allocation for Palghar(St), Palghar (Shri Rajendra Dhedya Gavit)",2014-06-01,,4.59,4.36,5.0,5.0,0.64,In Progress,,0
LS16_0279,16th Lok Sabha (2014-2019),Lok Sabha,16,Shri Prataprao Ganpatrao Jadhav,Maharashtra,Buldana,Buldhana,Infrastructure & Public Amenities,"MPLADS Works Allocation for Buldhana, Buldana (Shri Prataprao Ganpatrao Jadhav)",2014-06-01,,23.24,22.49,25.0,25.0,2.51,In Progress,,0
LS16_0280,16th Lok Sabha (2014-2019),Lok Sabha,16,Shri Rajeev Shankarrao Satav,Maharashtra,Hingoli,Hingoli,Infrastructure & Public Amenities,"MPLADS Works Allocation for Hingoli, Hingoli (Shri Rajeev Shankarrao Satav)",2014-06-01,,23.59,21.85,25.0,22.5,0.65,In Progress,,0
LS16_0281,16th Lok Sabha (2014-2019),Lok Sabha,16,Shri Madhukarrao Yashwantrao Kukde,Maharashtra,Bhandara,Bhandara-Gondiya,Infrastructure & Public Amenities,"MPLADS Works Allocation for Bhandara-Gondiya, Bhandara (Shri Madhukarrao Yashwantrao Kukde)",2019-02-13,,2.15,1.47,5.0,5.0,3.53,In Progress,,0
LS16_0282,16th Lok Sabha (2014-2019),Lok Sabha,16,Shri Nanabhau Falgunrao Patole,Maharashtra,Bhandara,Bhandara-Gondiya,Infrastructure & Public Amenities,"MPLADS Works Allocation for Bhandara-Gondiya, Bhandara (Shri Nanabhau Falgunrao Patole)",2018-07-17,,0.0,0.0,17.5,17.5,17.5,Allocated,,0
LS16_0283,16th Lok Sabha (2014-2019),Lok Sabha,16,Shri Nitin Jairam Gadkari,Maharashtra,Nagpur,Nagpur,Infrastructure & Public Amenities,"MPLADS Works Allocation for Nagpur, Nagpur (Shri Nitin Jairam Gadkari)",2014-06-01,,24.47,19.6,25.0,22.5,2.9,In Progress,,0
LS16_0284,16th Lok Sabha (2014-2019),Lok Sabha,16,Shri Rahul Ramesh Shewale,Maharashtra,Mumbai Suburban,Mumbai South Central,Infrastructure & Public Amenities,"MPLADS Works Allocation for Mumbai South Central, Mumbai Suburban (Shri Rahul Ramesh Shewale)",2022-06-22,,25.36,19.95,25.0,22.5,2.55,In Progress,,0
LS16_0285,16th Lok Sabha (2014-2019),Lok Sabha,16,Shri Sanjay(Kaka) Ramchandra Patil,Maharashtra,Sangli,Sangli,Infrastructure & Public Amenities,"MPLADS Works Allocation for Sangli, Sangli (Shri Sanjay(Kaka) Ramchandra Patil)",2019-08-30,,25.11,20.94,25.0,22.5,1.56,In Progress,,0
LS16_0286,16th Lok Sabha (2014-2019),Lok Sabha,16,Shri Ramdas Chandrabhanji Tadas,Maharashtra,Wardha,Wardha,Infrastructure & Public Amenities,"MPLADS Works Allocation for Wardha, Wardha (Shri Ramdas Chandrabhanji Tadas)",2019-01-17,,24.34,20.86,25.0,25.0,4.14,In Progress,,0
LS16_0287,16th Lok Sabha (2014-2019),Lok Sabha,16,Shri Raju Alias Devappa Anna Shetti,Maharashtra,Kolhapur,Hatkanangle,Infrastructure & Public Amenities,"MPLADS Works Allocation for Hatkanangle, Kolhapur (Shri Raju Alias Devappa Anna Shetti)",2022-06-17,,25.16,22.52,25.0,25.0,2.48,In Progress,,0
LS16_0288,16th Lok Sabha (2014-2019),Lok Sabha,16,Shri Raosaheb Patil Danve,Maharashtra,Jalna,Jalna,Infrastructure & Public Amenities,"MPLADS Works Allocation for Jalna, Jalna (Shri Raosaheb Patil Danve)",2014-06-01,,24.07,17.32,25.0,22.5,5.18,In Progress,,0
LS16_0289,16th Lok Sabha (2014-2019),Lok Sabha,16,Shri Sanjay Shamrao Dhotre,Maharashtra,Akola,Akola,Infrastructure & Public Amenities,"MPLADS Works Allocation for Akola, Akola (Shri Sanjay Shamrao Dhotre)",2022-03-25,,24.93,19.99,25.0,22.5,2.51,In Progress,,0
LS16_0290,16th Lok Sabha (2014-2019),Lok Sabha,16,Shri Rajan Baburao Vichare,Maharashtra,Thane,Thane,Infrastructure & Public Amenities,"MPLADS Works Allocation for Thane, Thane (Shri Rajan Baburao Vichare)",2019-07-17,,25.2,22.46,25.0,22.5,0.04,In Progress,,0
LS16_0291,16th Lok Sabha (2014-2019),Lok Sabha,16,Shri Sanjay Haribhau Jadhav,Maharashtra,Parbhani,Parbhani,Infrastructure & Public Amenities,"MPLADS Works Allocation for Parbhani, Parbhani (Shri Sanjay Haribhau Jadhav)",2022-05-30,,24.9,22.63,25.0,25.0,2.37,In Progress,,0
LS16_0292,16th Lok Sabha (2014-2019),Lok Sabha,16,Shri Shivaji Adhalrao Patil,Maharashtra,Pune,Shirur,Infrastructure & Public Amenities,"MPLADS Works Allocation for Shirur, Pune (Shri Shivaji Adhalrao Patil)",2022-03-21,,25.43,19.97,25.0,22.5,2.53,In Progress,,0
LS16_0293,16th Lok Sabha (2014-2019),Lok Sabha,16,Shri Udayanraje Pratapsingh Bhonsle,Maharashtra,Satara,Satara,Infrastructure & Public Amenities,"MPLADS Works Allocation for Satara, Satara (Shri Udayanraje Pratapsingh Bhonsle)",2022-02-14,,24.24,17.49,25.0,22.5,5.01,In Progress,,0
LS16_0294,16th Lok Sabha (2014-2019),Lok Sabha,16,Shri Vijaysinh Mohite Patil,Maharashtra,Solapur,Madha,Infrastructure & Public Amenities,"MPLADS Works Allocation for Madha, Solapur (Shri Vijaysinh Mohite Patil)",2020-02-19,,24.55,17.2,25.0,22.5,5.3,In Progress,,0
LS16_0295,16th Lok Sabha (2014-2019),Lok Sabha,16,Shri Sadashiv Kisan Lokhande,Maharashtra,Ahmadnagar,Shirdi(Sc),Infrastructure & Public Amenities,"MPLADS Works Allocation for Shirdi(Sc), Ahmadnagar (Shri Sadashiv Kisan Lokhande)",2014-06-01,2019-05-31,25.28,22.5,25.0,22.5,0.0,Completed,,0
LS16_0296,16th Lok Sabha (2014-2019),Lok Sabha,16,Shri Sharad Bansode,Maharashtra,Solapur,Solapur(Sc),Infrastructure & Public Amenities,"MPLADS Works Allocation for Solapur(Sc), Solapur (Shri Sharad Bansode)",2014-06-01,,24.41,17.48,25.0,22.5,5.02,In Progress,,0
LS16_0297,16th Lok Sabha (2014-2019),Lok Sabha,16,Smt. Supriya Sadanand Sule,Maharashtra,Pune,Baramati,Infrastructure & Public Amenities,"MPLADS Works Allocation for Baramati, Pune (Smt. Supriya Sadanand Sule)",2022-03-14,,24.88,17.49,25.0,22.5,5.01,In Progress,,0
LS16_0298,16th Lok Sabha (2014-2019),Lok Sabha,16,Smt. Poonam Mahajan,Maharashtra,Mumbai Suburban,Mumbai North-Central,Infrastructure & Public Amenities,"MPLADS Works Allocation for Mumbai North-Central, Mumbai Suburban (Smt. Poonam Mahajan)",2019-07-25,,28.13,24.58,25.0,25.0,0.42,In Progress,,0
LS16_0299,16th Lok Sabha (2014-2019),Lok Sabha,16,Smt. Raksha Nikhil Khadse,Maharashtra,Jalgaon,Raver,Infrastructure & Public Amenities,"MPLADS Works Allocation for Raver, Jalgaon (Smt. Raksha Nikhil Khadse)",2022-06-29,,23.69,22.49,25.0,25.0,2.51,In Progress,,0
LS16_0300,16th Lok Sabha (2014-2019),Lok Sabha,16,Shri Vinayak Bhaurao Raut,Maharashtra,Sindhudurg,Ratnagiri-Sindhudurg,Infrastructure & Public Amenities,"MPLADS Works Allocation for Ratnagiri-Sindhudurg, Sindhudurg (Shri Vinayak Bhaurao Raut)",2022-03-23,,24.78,19.94,25.0,22.5,2.56,In Progress,,0
LS16_0301,16th Lok Sabha (2014-2019),Lok Sabha,16,Dr. Thokchom Meinya,Manipur,Imphal West,Inner Manipur,Infrastructure & Public Amenities,"MPLADS Works Allocation for Inner Manipur, Imphal West (Dr. Thokchom Meinya)",2018-11-27,,25.2,24.73,25.0,25.0,0.27,In Progress,,0
LS16_0302,16th Lok Sabha (2014-2019),Lok Sabha,16,Shri Thangso Baite,Manipur,Churachandpur,Outer Manipur(St),Infrastructure & Public Amenities,"MPLADS Works Allocation for Outer Manipur(St), Churachandpur (Shri Thangso Baite)",2018-12-24,,24.73,24.23,25.0,25.0,0.77,In Progress,,0
LS16_0303,16th Lok Sabha (2014-2019),Lok Sabha,16,Shri Conrad Kongkal Sangma,Meghalaya,West Garo Hills,Tura,Infrastructure & Public Amenities,"MPLADS Works Allocation for Tura, West Garo Hills (Shri Conrad Kongkal Sangma)",2014-06-01,,11.71,11.58,15.0,12.5,0.92,In Progress,,0
LS16_0304,16th Lok Sabha (2014-2019),Lok Sabha,16,Shri Purno Agitok Sangma,Meghalaya,West Garo Hills,Tura,Infrastructure & Public Amenities,"MPLADS Works Allocation for Tura, West Garo Hills (Shri Purno Agitok Sangma)",2016-01-27,,9.87,9.87,10.0,10.0,0.13,In Progress,,0
LS16_0305,16th Lok Sabha (2014-2019),Lok Sabha,16,Shri Vincent H Pala,Meghalaya,East Khasi Hills,Shillong,Infrastructure & Public Amenities,"MPLADS Works Allocation for Shillong, East Khasi Hills (Shri Vincent H Pala)",2014-06-01,,23.12,21.94,25.0,25.0,3.06,In Progress,,0
LS16_0306,16th Lok Sabha (2014-2019),Lok Sabha,16,Shri C. L. Ruala,Mizoram,Aizawl,Mizoram (St),Infrastructure & Public Amenities,"MPLADS Works Allocation for Mizoram (St), Aizawl (Shri C. L. Ruala)",2019-01-29,,24.86,24.82,25.0,25.0,0.18,In Progress,,0
LS16_0307,16th Lok Sabha (2014-2019),Lok Sabha,16,Shri Neiphiu Rio,Nagaland,Dimapur,Nagaland,Infrastructure & Public Amenities,"MPLADS Works Allocation for Nagaland, Dimapur (Shri Neiphiu Rio)",2014-06-01,2019-05-31,19.88,20.0,20.0,20.0,0.0,Completed,,0
LS16_0308,16th Lok Sabha (2014-2019),Lok Sabha,16,Shri Tokheho,Nagaland,Dimapur,Nagaland,Infrastructure & Public Amenities,"MPLADS Works Allocation for Nagaland, Dimapur (Shri Tokheho)",2018-11-27,,4.98,4.98,5.0,5.0,0.02,In Progress,,0
LS16_0309,16th Lok Sabha (2014-2019),Lok Sabha,16,Prof.(Dr.) Richard Hay,Nominated,Thiruvananthapuram,Central1,Infrastructure & Public Amenities,"MPLADS Works Allocation for Central1, Thiruvananthapuram (Prof.(Dr.) Richard Hay)",2022-03-29,,15.91,14.92,17.5,17.5,2.58,In Progress,,0
LS16_0310,16th Lok Sabha (2014-2019),Lok Sabha,16,Shri George Baker,Nominated,South Twenty Four Parganas,Central2,Infrastructure & Public Amenities,"MPLADS Works Allocation for Central2, South Twenty Four Parganas (Shri George Baker)",2022-02-28,,17.34,13.72,17.5,17.5,3.78,In Progress,,0
LS16_0311,16th Lok Sabha (2014-2019),Lok Sabha,16,Dr. Kulamani Samal,Odisha,Jagatsinghpur,Jagatsinghpur(Sc),Infrastructure & Public Amenities,"MPLADS Works Allocation for Jagatsinghpur(Sc), Jagatsinghpur (Dr. Kulamani Samal)",2014-06-01,,24.66,23.86,25.0,25.0,1.14,In Progress,,0
LS16_0312,16th Lok Sabha (2014-2019),Lok Sabha,16,Dr. Prabhas Kumar Singh,Odisha,Baragarh,Bargarh,Infrastructure & Public Amenities,"MPLADS Works Allocation for Bargarh, Baragarh (Dr. Prabhas Kumar Singh)",2014-06-01,,24.93,24.43,25.0,25.0,0.57,In Progress,,0
LS16_0313,16th Lok Sabha (2014-2019),Lok Sabha,16,"Shri Baijayant ""Jay"" Panda",Odisha,Kendrapara,Kendrapara,Infrastructure & Public Amenities,"MPLADS Works Allocation for Kendrapara, Kendrapara (Shri Baijayant ""Jay"" Panda)",2018-03-16,,17.05,15.62,22.5,17.5,1.88,In Progress,,0
LS16_0314,16th Lok Sabha (2014-2019),Lok Sabha,16,Shri Arjun Charan Sethi,Odisha,Bhadrak,Bhadrak(Sc),Infrastructure & Public Amenities,"MPLADS Works Allocation for Bhadrak(Sc), Bhadrak (Shri Arjun Charan Sethi)",2014-06-01,,22.44,22.12,25.0,25.0,2.88,In Progress,,0
LS16_0315,16th Lok Sabha (2014-2019),Lok Sabha,16,Shri Bhartruhari Mahtab,Odisha,Cuttack,Cuttack,Infrastructure & Public Amenities,"MPLADS Works Allocation for Cuttack, Cuttack (Shri Bhartruhari Mahtab)",2014-06-01,,19.99,19.79,25.0,22.5,2.71,In Progress,,0
LS16_0316,16th Lok Sabha (2014-2019),Lok Sabha,16,Shri Arka Keshari Deo,Odisha,Kalahandi,Kalahandi,Infrastructure & Public Amenities,"MPLADS Works Allocation for Kalahandi, Kalahandi (Shri Arka Keshari Deo)",2022-06-29,,24.79,20.83,25.0,25.0,4.17,In Progress,,0
LS16_0317,16th Lok Sabha (2014-2019),Lok Sabha,16,Shri Balabhadra Majhi,Odisha,Nabarangpur,Nabarangpur(St),Infrastructure & Public Amenities,"MPLADS Works Allocation for Nabarangpur(St), Nabarangpur (Shri Balabhadra Majhi)",2020-02-27,,24.5,21.11,25.0,25.0,3.89,In Progress,,0
LS16_0318,16th Lok Sabha (2014-2019),Lok Sabha,16,Shri Jual Oram,Odisha,Sundargarh,Sundargarh (St),Infrastructure & Public Amenities,"MPLADS Works Allocation for Sundargarh (St), Sundargarh (Shri Jual Oram)",2019-07-31,,25.15,20.32,25.0,25.0,4.68,In Progress,,0
LS16_0319,16th Lok Sabha (2014-2019),Lok Sabha,16,Shri Jhina Hikaka,Odisha,Rayagada,Koraput(St),Infrastructure & Public Amenities,"MPLADS Works Allocation for Koraput(St), Rayagada (Shri Jhina Hikaka)",2017-12-15,,7.34,7.01,25.0,12.5,5.49,In Progress,,0
LS16_0320,16th Lok Sabha (2014-2019),Lok Sabha,16,Shri Kalikesh Narayan Singh Deo,Odisha,Bolangir,Bolangir,Infrastructure & Public Amenities,"MPLADS Works Allocation for Bolangir, Bolangir (Shri Kalikesh Narayan Singh Deo)",2014-06-01,,23.38,20.19,25.0,25.0,4.81,In Progress,,0
LS16_0321,16th Lok Sabha (2014-2019),Lok Sabha,16,Shri Hemendra Chandra Singh,Odisha,Kandhamal,Kandhamal,Infrastructure & Public Amenities,"MPLADS Works Allocation for Kandhamal, Kandhamal (Shri Hemendra Chandra Singh)",2014-06-01,,0.0,0.0,0.0,0.0,0.0,Allocated,,0
LS16_0322,16th Lok Sabha (2014-2019),Lok Sabha,16,Shri Nagendra Kumar Pradhan,Odisha,Angul,Sambalpur,Infrastructure & Public Amenities,"MPLADS Works Allocation for Sambalpur, Angul (Shri Nagendra Kumar Pradhan)",2018-09-20,,17.48,17.48,25.0,17.5,0.02,In Progress,,0
LS16_0323,16th Lok Sabha (2014-2019),Lok Sabha,16,Shri Rabindra Kumar Jena,Odisha,Balasore,Balasore,Infrastructure & Public Amenities,"MPLADS Works Allocation for Balasore, Balasore (Shri Rabindra Kumar Jena)",2014-06-01,,22.76,20.7,25.0,25.0,4.3,In Progress,,0
LS16_0324,16th Lok Sabha (2014-2019),Lok Sabha,16,Shri Ladu Kishore Swain,Odisha,Ganjam,Aska,Infrastructure & Public Amenities,"MPLADS Works Allocation for Aska, Ganjam (Shri Ladu Kishore Swain)",2022-06-30,,22.82,19.03,25.0,22.5,3.47,In Progress,,0
LS16_0325,16th Lok Sabha (2014-2019),Lok Sabha,16,Shri Pinaki Misra,Odisha,Puri,Puri,Infrastructure & Public Amenities,"MPLADS Works Allocation for Puri, Puri (Shri Pinaki Misra)",2019-08-21,,24.08,21.73,25.0,25.0,3.27,In Progress,,0
LS16_0326,16th Lok Sabha (2014-2019),Lok Sabha,16,Shri Rama Chandra Hansdah,Odisha,Mayurbhanj,Mayurbhanj (St),Infrastructure & Public Amenities,"MPLADS Works Allocation for Mayurbhanj (St), Mayurbhanj (Shri Rama Chandra Hansdah)",2014-06-01,,25.15,21.16,25.0,25.0,3.84,In Progress,,0
LS16_0327,16th Lok Sabha (2014-2019),Lok Sabha,16,Shri Prasanna Kumar Patasani,Odisha,Khordha,Bhubaneswar,Infrastructure & Public Amenities,"MPLADS Works Allocation for Bhubaneswar, Khordha (Shri Prasanna Kumar Patasani)",2019-01-25,,21.53,20.04,25.0,25.0,4.96,In Progress,,0
LS16_0328,16th Lok Sabha (2014-2019),Lok Sabha,16,Shri Tathagata Satpathy,Odisha,Dhenkanal,Dhenkanal,Infrastructure & Public Amenities,"MPLADS Works Allocation for Dhenkanal, Dhenkanal (Shri Tathagata Satpathy)",2020-02-27,,22.38,20.34,25.0,22.5,2.16,In Progress,,0
LS16_0329,16th Lok Sabha (2014-2019),Lok Sabha,16,Smt Pratyusha Rajeshwari Singh,Odisha,Kandhamal,Kandhamal,Infrastructure & Public Amenities,"MPLADS Works Allocation for Kandhamal, Kandhamal (Smt Pratyusha Rajeshwari Singh)",2014-06-01,,19.99,18.23,25.0,22.5,4.27,In Progress,,0
LS16_0330,16th Lok Sabha (2014-2019),Lok Sabha,16,Shri Sidhant Mohapatra,Odisha,Ganjam,Berhampur,Infrastructure & Public Amenities,"MPLADS Works Allocation for Berhampur, Ganjam (Shri Sidhant Mohapatra)",2022-06-23,,24.41,19.44,25.0,22.5,3.06,In Progress,,0
LS16_0331,16th Lok Sabha (2014-2019),Lok Sabha,16,Smt. Sakuntala Laguri,Odisha,Keonjhar,Keonjhar(St),Infrastructure & Public Amenities,"MPLADS Works Allocation for Keonjhar(St), Keonjhar (Smt. Sakuntala Laguri)",2022-05-31,,24.87,22.12,25.0,25.0,2.88,In Progress,,0
LS16_0332,16th Lok Sabha (2014-2019),Lok Sabha,16,Smt. Rita Tarai,Odisha,Jajpur,Jajpur(Sc),Infrastructure & Public Amenities,"MPLADS Works Allocation for Jajpur(Sc), Jajpur (Smt. Rita Tarai)",2022-03-25,,20.01,18.73,25.0,22.5,3.77,In Progress,,0
LS16_0333,16th Lok Sabha (2014-2019),Lok Sabha,16,Shri R. Radhakrishnan,Puducherry,Pondicherry,Pondicherry,Infrastructure & Public Amenities,"MPLADS Works Allocation for Pondicherry, Pondicherry (Shri R. Radhakrishnan)",2022-05-27,,25.85,21.22,25.0,25.0,3.78,In Progress,,0
LS16_0334,16th Lok Sabha (2014-2019),Lok Sabha,16,Prof. Sadhu Singh,Punjab,Faridkot,Faridkot(Sc),Infrastructure & Public Amenities,"MPLADS Works Allocation for Faridkot(Sc), Faridkot (Prof. Sadhu Singh)",2019-05-27,,21.96,21.91,25.0,25.0,3.09,In Progress,,0
LS16_0335,16th Lok Sabha (2014-2019),Lok Sabha,16,Amarinder Singh,Punjab,Amritsar,Amritsar,Infrastructure & Public Amenities,"MPLADS Works Allocation for Amritsar, Amritsar (Amarinder Singh)",2016-12-22,,13.08,12.58,15.0,15.0,2.42,In Progress,,0
LS16_0336,16th Lok Sabha (2014-2019),Lok Sabha,16,Dr. Dharam Vira Gandhi,Punjab,Patiala,Patiala,Infrastructure & Public Amenities,"MPLADS Works Allocation for Patiala, Patiala (Dr. Dharam Vira Gandhi)",2014-06-01,,24.48,24.23,25.0,25.0,0.77,In Progress,,0
LS16_0337,16th Lok Sabha (2014-2019),Lok Sabha,16,Shri Bhagwant Mann,Punjab,Sangrur,Sangrur,Infrastructure & Public Amenities,"MPLADS Works Allocation for Sangrur, Sangrur (Shri Bhagwant Mann)",2019-01-25,,24.53,23.69,25.0,25.0,1.31,In Progress,,0
LS16_0338,16th Lok Sabha (2014-2019),Lok Sabha,16,Shri Gurjeet Singh Aujla,Punjab,Amritsar,Amritsar,Infrastructure & Public Amenities,"MPLADS Works Allocation for Amritsar, Amritsar (Shri Gurjeet Singh Aujla)",2014-06-01,,7.28,5.66,10.0,10.0,4.34,In Progress,,0
LS16_0339,16th Lok Sabha (2014-2019),Lok Sabha,16,Shri Harinder Singh Khalsa,Punjab,Ludhiana,Fatehgarh Sahib(Sc),Infrastructure & Public Amenities,"MPLADS Works Allocation for Fatehgarh Sahib(Sc), Ludhiana (Shri Harinder Singh Khalsa)",2019-01-29,,24.5,22.1,25.0,25.0,2.9,In Progress,,0
LS16_0340,16th Lok Sabha (2014-2019),Lok Sabha,16,Shri Prem Singh Chandumajra,Punjab,Sahibzada Ajit Singh Nagar,Anandpur Sahib,Infrastructure & Public Amenities,"MPLADS Works Allocation for Anandpur Sahib, Sahibzada Ajit Singh Nagar (Shri Prem Singh Chandumajra)",2019-01-29,,23.87,23.62,25.0,25.0,1.38,In Progress,,0
LS16_0341,16th Lok Sabha (2014-2019),Lok Sabha,16,Shri Santokh Singh Chaudhary,Punjab,Jalandhar,Jalandhar(Sc),Infrastructure & Public Amenities,"MPLADS Works Allocation for Jalandhar(Sc), Jalandhar (Shri Santokh Singh Chaudhary)",2014-06-01,,24.42,23.65,25.0,25.0,1.35,In Progress,,0
LS16_0342,16th Lok Sabha (2014-2019),Lok Sabha,16,Shri Ranjit Singh Brahmpura,Punjab,Tarn Taran,Khadoor Sahib,Infrastructure & Public Amenities,"MPLADS Works Allocation for Khadoor Sahib, Tarn Taran (Shri Ranjit Singh Brahmpura)",2014-06-01,,23.72,23.45,25.0,25.0,1.55,In Progress,,0
LS16_0343,16th Lok Sabha (2014-2019),Lok Sabha,16,Shri Ravneet Singh,Punjab,Ludhiana,Ludhiana,Infrastructure & Public Amenities,"MPLADS Works Allocation for Ludhiana, Ludhiana (Shri Ravneet Singh)",2019-02-13,,24.74,23.0,25.0,25.0,2.0,In Progress,,0
LS16_0344,16th Lok Sabha (2014-2019),Lok Sabha,16,Shri Sher Singh Ghubaya,Punjab,Firozepur,Firozpur,Infrastructure & Public Amenities,"MPLADS Works Allocation for Firozpur, Firozepur (Shri Sher Singh Ghubaya)",2018-09-17,,24.74,24.64,25.0,25.0,0.36,In Progress,,0
LS16_0345,16th Lok Sabha (2014-2019),Lok Sabha,16,Shri Vijay Sampla,Punjab,Hoshiarpur,Hoshiarpur(Sc),Infrastructure & Public Amenities,"MPLADS Works Allocation for Hoshiarpur(Sc), Hoshiarpur (Shri Vijay Sampla)",2019-01-25,,22.36,22.17,25.0,22.5,0.33,In Progress,"Audit Certificate Pending, Bank Statement Awaited, Eligible MPR not Received, Utilisation Certificate Pending.",1
LS16_0346,16th Lok Sabha (2014-2019),Lok Sabha,16,Smt. Harsimrat Kaur Badal,Punjab,Bhatinda,Bhatinda,Infrastructure & Public Amenities,"MPLADS Works Allocation for Bhatinda, Bhatinda (Smt. Harsimrat Kaur Badal)",2014-06-01,,23.45,23.24,25.0,25.0,1.76,In Progress,,0
LS16_0347,16th Lok Sabha (2014-2019),Lok Sabha,16,Shri Sunil Kumar Jakhar,Punjab,Gurdaspur,Gurdaspur,Infrastructure & Public Amenities,"MPLADS Works Allocation for Gurdaspur, Gurdaspur (Shri Sunil Kumar Jakhar)",2022-05-18,,14.67,9.56,15.0,12.5,2.94,In Progress,"Audit Certificate Pending, Eligible MPR not Received, Utilisation Certificate Pending.",1
LS16_0348,16th Lok Sabha (2014-2019),Lok Sabha,16,Shri Vinod Khanna,Punjab,Pathankot,Gurdaspur,Infrastructure & Public Amenities,"MPLADS Works Allocation for Gurdaspur, Pathankot (Shri Vinod Khanna)",2017-06-29,,7.75,6.15,10.0,10.0,3.85,In Progress,"Audit Certificate Pending, Eligible MPR not Received, Utilisation Certificate Pending.",1
LS16_0349,16th Lok Sabha (2014-2019),Lok Sabha,16,Rajyavardhan Singh Rathore,Rajasthan,Jaipur,Jaipur Rural,Infrastructure & Public Amenities,"MPLADS Works Allocation for Jaipur Rural, Jaipur (Rajyavardhan Singh Rathore)",2019-12-31,,24.92,17.47,25.0,22.5,5.03,In Progress,"Audit Certificate Pending, Eligible MPR not Received, Utilisation Certificate Pending.",1
LS16_0350,16th Lok Sabha (2014-2019),Lok Sabha,16,Sona Ram Choudhary,Rajasthan,Barmer,Barmer,Infrastructure & Public Amenities,"MPLADS Works Allocation for Barmer, Barmer (Sona Ram Choudhary)",2014-06-01,,17.22,16.83,25.0,17.5,0.67,In Progress,"Audit Certificate Pending, Eligible MPR not Received, Utilisation Certificate Pending.",1
LS16_0351,16th Lok Sabha (2014-2019),Lok Sabha,16,Dr Karan Singh Yadav,Rajasthan,Alwar,Alwar,Infrastructure & Public Amenities,"MPLADS Works Allocation for Alwar, Alwar (Dr Karan Singh Yadav)",2014-06-01,,0.0,0.0,20.0,17.5,17.64,Allocated,"Audit Certificate Pending, Eligible MPR not Received, Utilisation Certificate Pending.",1
LS16_0352,16th Lok Sabha (2014-2019),Lok Sabha,16,Shri Arjunlal Meena,Rajasthan,Udaipur,Udaipur(St),Infrastructure & Public Amenities,"MPLADS Works Allocation for Udaipur(St), Udaipur (Shri Arjunlal Meena)",2020-02-27,,26.0,22.46,25.0,25.0,2.54,In Progress,,0
LS16_0353,16th Lok Sabha (2014-2019),Lok Sabha,16,Shri Bahadur Singh Koli,Rajasthan,Bharatpur,Bharatpur(Sc),Infrastructure & Public Amenities,"MPLADS Works Allocation for Bharatpur(Sc), Bharatpur (Shri Bahadur Singh Koli)",2014-06-01,,24.43,21.03,25.0,25.0,3.97,In Progress,,0
LS16_0354,16th Lok Sabha (2014-2019),Lok Sabha,16,Dr. Manoj Rajoria,Rajasthan,Karauli,Karauli-Dholpur(Sc),Infrastructure & Public Amenities,"MPLADS Works Allocation for Karauli-Dholpur(Sc), Karauli (Dr. Manoj Rajoria)",2014-06-01,,21.56,21.82,25.0,22.5,0.68,In Progress,"Audit Certificate Pending, Eligible MPR not Received, Utilisation Certificate Pending.",1
LS16_0355,16th Lok Sabha (2014-2019),Lok Sabha,16,Dr.(Shri) Raghu Sharma,Rajasthan,Ajmer,Ajmer,Infrastructure & Public Amenities,"MPLADS Works Allocation for Ajmer, Ajmer (Dr.(Shri) Raghu Sharma)",2019-01-29,,2.77,1.27,5.0,5.0,3.73,In Progress,,0
LS16_0356,16th Lok Sabha (2014-2019),Lok Sabha,16,Shri Chandra Prakash Joshi,Rajasthan,Chittorgarh,Chittorgarh,Infrastructure & Public Amenities,"MPLADS Works Allocation for Chittorgarh, Chittorgarh (Shri Chandra Prakash Joshi)",2014-06-01,,22.99,22.99,25.0,25.0,2.01,In Progress,,0
LS16_0357,16th Lok Sabha (2014-2019),Lok Sabha,16,Shri C.R. Chaudhary,Rajasthan,Nagaur,Nagaur,Infrastructure & Public Amenities,"MPLADS Works Allocation for Nagaur, Nagaur (Shri C.R. Chaudhary)",2014-06-01,,25.69,22.34,25.0,22.5,0.16,In Progress,"Audit Certificate Pending, Eligible MPR not Received, Utilisation Certificate Pending.",1
LS16_0358,16th Lok Sabha (2014-2019),Lok Sabha,16,Shri Dushyant Singh,Rajasthan,Jhalawar,Jhalawar-Baran,Infrastructure & Public Amenities,"MPLADS Works Allocation for Jhalawar-Baran, Jhalawar (Shri Dushyant Singh)",2018-12-21,,23.93,22.21,25.0,22.5,0.29,In Progress,"Audit Certificate Pending, Eligible MPR not Received, Utilisation Certificate Pending.",1
LS16_0359,16th Lok Sabha (2014-2019),Lok Sabha,16,Shri Arjun Ram Meghwal,Rajasthan,Bikaner,Bikaner(Sc),Infrastructure & Public Amenities,"MPLADS Works Allocation for Bikaner(Sc), Bikaner (Shri Arjun Ram Meghwal)",2019-10-31,,25.0,21.69,25.0,25.0,3.31,In Progress,,0
LS16_0360,16th Lok Sabha (2014-2019),Lok Sabha,16,Shri Hariom Singh Rathore,Rajasthan,Rajsamand,Rajsamand,Infrastructure & Public Amenities,"MPLADS Works Allocation for Rajsamand, Rajsamand (Shri Hariom Singh Rathore)",2020-03-30,,21.57,19.92,25.0,22.5,2.58,In Progress,"Audit Certificate Pending, Eligible MPR not Received, Utilisation Certificate Pending.",1
LS16_0361,16th Lok Sabha (2014-2019),Lok Sabha,16,Shri Harish Chandra Meena,Rajasthan,Dausa,Dausa(St),Infrastructure & Public Amenities,"MPLADS Works Allocation for Dausa(St), Dausa (Shri Harish Chandra Meena)",2019-12-20,,22.36,20.54,25.0,22.5,1.96,In Progress,"Audit Certificate Pending, Eligible MPR not Received, Utilisation Certificate Pending.",1
LS16_0362,16th Lok Sabha (2014-2019),Lok Sabha,16,Shri Chand Nath,Rajasthan,Alwar,Alwar,Infrastructure & Public Amenities,"MPLADS Works Allocation for Alwar, Alwar (Shri Chand Nath)",2014-11-20,,0.0,0.0,2.5,2.5,2.63,Allocated,"Audit Certificate Pending, Eligible MPR not Received, Utilisation Certificate Pending.",1
LS16_0363,16th Lok Sabha (2014-2019),Lok Sabha,16,Shri Devji Mansingram Patel,Rajasthan,Jalore,Jalore,Infrastructure & Public Amenities,"MPLADS Works Allocation for Jalore, Jalore (Shri Devji Mansingram Patel)",2014-06-01,,21.07,19.23,25.0,20.0,0.77,In Progress,"Eligible MPR not Received, Provisional Utilisation Certificate Pending.",1
LS16_0364,16th Lok Sabha (2014-2019),Lok Sabha,16,Shri Gajendra Singh Shekhawat,Rajasthan,Jodhpur,Jodhpur,Infrastructure & Public Amenities,"MPLADS Works Allocation for Jodhpur, Jodhpur (Shri Gajendra Singh Shekhawat)",2014-06-01,,19.2,18.0,25.0,20.0,2.0,In Progress,"Eligible MPR not Received, Provisional Utilisation Certificate Pending.",1
LS16_0365,16th Lok Sabha (2014-2019),Lok Sabha,16,Shri Manshankar Ninama,Rajasthan,Banswara,Banswara(St),Infrastructure & Public Amenities,"MPLADS Works Allocation for Banswara(St), Banswara (Shri Manshankar Ninama)",2020-01-30,,25.15,21.56,25.0,25.0,3.44,In Progress,,0
LS16_0366,16th Lok Sabha (2014-2019),Lok Sabha,16,Shri Nihal Chand Chauhan,Rajasthan,Sriganganagar,Ganganagar(Sc),Infrastructure & Public Amenities,"MPLADS Works Allocation for Ganganagar(Sc), Sriganganagar (Shri Nihal Chand Chauhan)",2014-06-01,,25.38,24.25,25.0,25.0,0.75,In Progress,,0
LS16_0367,16th Lok Sabha (2014-2019),Lok Sabha,16,Shri P.P. Chaudhary,Rajasthan,Pali,Pali,Infrastructure & Public Amenities,"MPLADS Works Allocation for Pali, Pali (Shri P.P. Chaudhary)",2014-06-01,,24.72,22.76,25.0,25.0,2.24,In Progress,,0
LS16_0368,16th Lok Sabha (2014-2019),Lok Sabha,16,Shri Om Birla,Rajasthan,Kota,Kota,Infrastructure & Public Amenities,"MPLADS Works Allocation for Kota, Kota (Shri Om Birla)",2014-06-01,,21.85,17.36,25.0,20.0,2.64,In Progress,,0
LS16_0369,16th Lok Sabha (2014-2019),Lok Sabha,16,Shri Rahul Kaswan,Rajasthan,Churu,Churu,Infrastructure & Public Amenities,"MPLADS Works Allocation for Churu, Churu (Shri Rahul Kaswan)",2014-06-01,,22.83,21.56,25.0,25.0,3.44,In Progress,,0
LS16_0370,16th Lok Sabha (2014-2019),Lok Sabha,16,Shri Sanwar Lal Jat,Rajasthan,Ajmer,Ajmer,Infrastructure & Public Amenities,"MPLADS Works Allocation for Ajmer, Ajmer (Shri Sanwar Lal Jat)",2018-08-16,,18.68,17.35,20.0,20.0,2.65,In Progress,,0
LS16_0371,16th Lok Sabha (2014-2019),Lok Sabha,16,Shri Sukhbir Singh Jaunpuria,Rajasthan,Tonk,Tonk-Sawai Madhopur,Infrastructure & Public Amenities,"MPLADS Works Allocation for Tonk-Sawai Madhopur, Tonk (Shri Sukhbir Singh Jaunpuria)",2019-11-15,,24.44,20.54,25.0,25.0,4.46,In Progress,,0
LS16_0372,16th Lok Sabha (2014-2019),Lok Sabha,16,Shri Ramcharan Bohara,Rajasthan,Jaipur,Jaipur,Infrastructure & Public Amenities,"MPLADS Works Allocation for Jaipur, Jaipur (Shri Ramcharan Bohara)",2020-03-20,,24.14,14.26,25.0,17.5,3.24,In Progress,"Audit Certificate Pending, Eligible MPR not Received, Utilisation Certificate Pending.",1
LS16_0373,16th Lok Sabha (2014-2019),Lok Sabha,16,Shri Subhash Chandra Baheria,Rajasthan,Bhilwara,Bhilwara,Infrastructure & Public Amenities,"MPLADS Works Allocation for Bhilwara, Bhilwara (Shri Subhash Chandra Baheria)",2019-08-14,,24.45,17.46,25.0,22.5,5.04,In Progress,"Audit Certificate Pending, Eligible MPR not Received, Utilisation Certificate Pending.",1
LS16_0374,16th Lok Sabha (2014-2019),Lok Sabha,16,Shri Sumedhanand Saraswati,Rajasthan,Sikar,Sikar,Infrastructure & Public Amenities,"MPLADS Works Allocation for Sikar, Sikar (Shri Sumedhanand Saraswati)",2022-06-27,,23.02,21.06,25.0,25.0,3.94,In Progress,,0
LS16_0375,16th Lok Sabha (2014-2019),Lok Sabha,16,Smt. Santosh Ahlawat,Rajasthan,Jhunjhunu,Jhunjhunu,Infrastructure & Public Amenities,"MPLADS Works Allocation for Jhunjhunu, Jhunjhunu (Smt. Santosh Ahlawat)",2014-06-01,,27.22,24.93,27.5,25.0,0.07,In Progress,,0
LS16_0376,16th Lok Sabha (2014-2019),Lok Sabha,16,Shri Prem Das Rai,Sikkim,East District,Sikkim,Infrastructure & Public Amenities,"MPLADS Works Allocation for Sikkim, East District (Shri Prem Das Rai)",2021-03-31,,24.63,24.05,25.0,25.0,0.95,In Progress,,0
LS16_0377,16th Lok Sabha (2014-2019),Lok Sabha,16,Dr. K. Kamaraaj,Tamil Nadu,Villupuram,Kallakurichi,Infrastructure & Public Amenities,"MPLADS Works Allocation for Kallakurichi, Villupuram (Dr. K. Kamaraaj)",2022-03-24,,24.68,22.49,25.0,25.0,2.51,In Progress,,0
LS16_0378,16th Lok Sabha (2014-2019),Lok Sabha,16,Dr. Munisamy Thambidurai,Tamil Nadu,Karur,Karur,Infrastructure & Public Amenities,"MPLADS Works Allocation for Karur, Karur (Dr. Munisamy Thambidurai)",2019-07-31,,22.14,21.78,25.0,22.5,0.72,In Progress,"Audit Certificate Pending, Eligible MPR not Received, Utilisation Certificate Pending.",1
LS16_0379,16th Lok Sabha (2014-2019),Lok Sabha,16,Shri A. Arunmozhithevan,Tamil Nadu,Cuddalore,Cuddalore,Infrastructure & Public Amenities,"MPLADS Works Allocation for Cuddalore, Cuddalore (Shri A. Arunmozhithevan)",2019-01-25,,25.07,24.61,25.0,25.0,0.39,In Progress,,0
LS16_0380,16th Lok Sabha (2014-2019),Lok Sabha,16,Dr. Ponnusamy Venugopal,Tamil Nadu,Tiruvallur,Tiruvallur(Sc),Infrastructure & Public Amenities,"MPLADS Works Allocation for Tiruvallur(Sc), Tiruvallur (Dr. Ponnusamy Venugopal)",2019-09-24,,23.42,22.34,25.0,22.5,0.16,In Progress,"Audit Certificate Pending, Eligible MPR not Received, Utilisation Certificate Pending.",1
LS16_0381,16th Lok Sabha (2014-2019),Lok Sabha,16,Dr. Anbumani Ramadoss,Tamil Nadu,Dharmapuri,Dharamapuri,Infrastructure & Public Amenities,"MPLADS Works Allocation for Dharamapuri, Dharmapuri (Dr. Anbumani Ramadoss)",2022-03-21,,24.72,22.41,25.0,25.0,2.59,In Progress,,0
LS16_0382,16th Lok Sabha (2014-2019),Lok Sabha,16,Dr. K. Gopal,Tamil Nadu,Thiruvarur,Nagapattinam(Sc),Infrastructure & Public Amenities,"MPLADS Works Allocation for Nagapattinam(Sc), Thiruvarur (Dr. K. Gopal)",2014-06-01,,24.87,24.84,25.0,25.0,0.16,In Progress,,0
LS16_0383,16th Lok Sabha (2014-2019),Lok Sabha,16,Dr. Jayakumar Jayavardhan,Tamil Nadu,Chennai,Chennai South,Infrastructure & Public Amenities,"MPLADS Works Allocation for Chennai South, Chennai (Dr. Jayakumar Jayavardhan)",2014-06-01,,23.21,22.44,25.0,22.5,0.06,In Progress,"Audit Certificate Pending, Eligible MPR not Received, Utilisation Certificate Pending.",1
LS16_0384,16th Lok Sabha (2014-2019),Lok Sabha,16,Shri C. Mahendran,Tamil Nadu,Tirupur,Pollachi,Infrastructure & Public Amenities,"MPLADS Works Allocation for Pollachi, Tirupur (Shri C. Mahendran)",2019-01-29,,23.52,22.27,25.0,25.0,2.73,In Progress,,0
LS16_0385,16th Lok Sabha (2014-2019),Lok Sabha,16,Shri Elumalai Vellaigounder,Tamil Nadu,Tiruvannamalai,Arani,Infrastructure & Public Amenities,"MPLADS Works Allocation for Arani, Tiruvannamalai (Shri Elumalai Vellaigounder)",2022-03-21,,24.75,22.08,25.0,25.0,2.92,In Progress,,0
LS16_0386,16th Lok Sabha (2014-2019),Lok Sabha,16,Shri Balasubramaniam Senguttuvan,Tamil Nadu,Vellore,Vellore,Infrastructure & Public Amenities,"MPLADS Works Allocation for Vellore, Vellore (Shri Balasubramaniam Senguttuvan)",2022-06-15,,24.46,22.46,25.0,25.0,2.54,In Progress,,0
LS16_0387,16th Lok Sabha (2014-2019),Lok Sabha,16,Shri Gopalakrishnan Chinnaraj,Tamil Nadu,Nilgiris,Nilgiris(Sc),Infrastructure & Public Amenities,"MPLADS Works Allocation for Nilgiris(Sc), Nilgiris (Shri Gopalakrishnan Chinnaraj)",2018-05-29,,24.01,22.02,25.0,22.5,0.48,In Progress,"Audit Certificate Pending, Eligible MPR not Received, Utilisation Certificate Pending.",1
LS16_0388,16th Lok Sabha (2014-2019),Lok Sabha,16,Shri Anwhar Raajhaa,Tamil Nadu,Ramanathapuram,Ramanathapuram,Infrastructure & Public Amenities,"MPLADS Works Allocation for Ramanathapuram, Ramanathapuram (Shri Anwhar Raajhaa)",2020-02-14,,24.88,24.0,25.0,25.0,1.0,In Progress,,0
LS16_0389,16th Lok Sabha (2014-2019),Lok Sabha,16,Shri G. Hari,Tamil Nadu,Vellore,Arakkonam,Infrastructure & Public Amenities,"MPLADS Works Allocation for Arakkonam, Vellore (Shri G. Hari)",2020-03-30,,24.28,22.47,25.0,25.0,2.53,In Progress,,0
LS16_0390,16th Lok Sabha (2014-2019),Lok Sabha,16,Shri J. Jayasingh Thiyagaraj Natterjee,Tamil Nadu,Tuticorin,Thoothukkudi,Infrastructure & Public Amenities,"MPLADS Works Allocation for Thoothukkudi, Tuticorin (Shri J. Jayasingh Thiyagaraj Natterjee)",2014-06-01,,24.73,22.12,25.0,25.0,2.88,In Progress,,0
LS16_0391,16th Lok Sabha (2014-2019),Lok Sabha,16,Shri K. Ashok Kumar,Tamil Nadu,Krishnagiri,Krishnagiri,Infrastructure & Public Amenities,"MPLADS Works Allocation for Krishnagiri, Krishnagiri (Shri K. Ashok Kumar)",2018-12-17,,24.48,22.54,25.0,25.0,2.46,In Progress,,0
LS16_0392,16th Lok Sabha (2014-2019),Lok Sabha,16,Shri Krishnan Narayanasamy Ramachandran,Tamil Nadu,Kanchipuram,Sriperumbudur,Infrastructure & Public Amenities,"MPLADS Works Allocation for Sriperumbudur, Kanchipuram (Shri Krishnan Narayanasamy Ramachandran)",2014-06-01,,28.62,26.87,30.0,30.0,3.13,In Progress,,0
LS16_0393,16th Lok Sabha (2014-2019),Lok Sabha,16,Shri K.R.P. Prabakaran,Tamil Nadu,Tirunelveli,Tirunelveli,Infrastructure & Public Amenities,"MPLADS Works Allocation for Tirunelveli, Tirunelveli (Shri K.R.P. Prabakaran)",2022-02-22,,24.56,24.37,25.0,25.0,0.63,In Progress,,0
LS16_0394,16th Lok Sabha (2014-2019),Lok Sabha,16,Shri M. Chandrakasi,Tamil Nadu,Cuddalore,Chidambaram(Sc),Infrastructure & Public Amenities,"MPLADS Works Allocation for Chidambaram(Sc), Cuddalore (Shri M. Chandrakasi)",2014-06-01,,25.16,24.9,25.0,25.0,0.1,In Progress,,0
LS16_0395,16th Lok Sabha (2014-2019),Lok Sabha,16,Shri R.K. Bharathi Mohan,Tamil Nadu,Thanjavur,Mayiladuthurai,Infrastructure & Public Amenities,"MPLADS Works Allocation for Mayiladuthurai, Thanjavur (Shri R.K. Bharathi Mohan)",2014-06-01,,24.35,22.46,25.0,25.0,2.54,In Progress,,0
LS16_0396,16th Lok Sabha (2014-2019),Lok Sabha,16,Shri Pon Radhakrishnan,Tamil Nadu,Kanniyakumari,Kanniyakumari,Infrastructure & Public Amenities,"MPLADS Works Allocation for Kanniyakumari, Kanniyakumari (Shri Pon Radhakrishnan)",2020-02-19,,22.94,22.04,25.0,22.5,0.46,In Progress,"Audit Certificate Pending, Eligible MPR not Received, Utilisation Certificate Pending.",1
LS16_0397,16th Lok Sabha (2014-2019),Lok Sabha,16,Shri R. Parthipan,Tamil Nadu,Theni,Theni,Infrastructure & Public Amenities,"MPLADS Works Allocation for Theni, Theni (Shri R. Parthipan)",2022-03-24,,23.02,21.9,25.0,25.0,3.1,In Progress,,0
LS16_0398,16th Lok Sabha (2014-2019),Lok Sabha,16,Shri Nagarajan P.,Tamil Nadu,Coimbatore,Coimbatore,Infrastructure & Public Amenities,"MPLADS Works Allocation for Coimbatore, Coimbatore (Shri Nagarajan P.)",2014-06-01,,24.3,23.8,25.0,25.0,1.2,In Progress,,0
LS16_0399,16th Lok Sabha (2014-2019),Lok Sabha,16,Shri P. Kumar,Tamil Nadu,Tiruchirappalli,Tiruchirappalli,Infrastructure & Public Amenities,"MPLADS Works Allocation for Tiruchirappalli, Tiruchirappalli (Shri P. Kumar)",2019-08-21,,23.65,23.58,25.0,25.0,1.42,In Progress,,0
LS16_0400,16th Lok Sabha (2014-2019),Lok Sabha,16,Shri Parasuraman K.,Tamil Nadu,Thanjavur,Thanjavur,Infrastructure & Public Amenities,"MPLADS Works Allocation for Thanjavur, Thanjavur (Shri Parasuraman K.)",2019-10-15,,23.88,23.38,25.0,25.0,1.62,In Progress,,0
LS16_0401,16th Lok Sabha (2014-2019),Lok Sabha,16,Shri P.R. Sundaram,Tamil Nadu,Namakkal,Namakkal,Infrastructure & Public Amenities,"MPLADS Works Allocation for Namakkal, Namakkal (Shri P.R. Sundaram)",2019-09-26,,24.96,24.87,25.0,25.0,0.13,In Progress,,0
LS16_0402,16th Lok Sabha (2014-2019),Lok Sabha,16,Shri Pr. Senthilnathan,Tamil Nadu,Sivaganga,Sivaganga,Infrastructure & Public Amenities,"MPLADS Works Allocation for Sivaganga, Sivaganga (Shri Pr. Senthilnathan)",2019-06-27,,24.97,24.95,25.0,25.0,0.05,In Progress,,0
LS16_0403,16th Lok Sabha (2014-2019),Lok Sabha,16,Shri M. Udhayakumar,Tamil Nadu,Dindigul,Dindigul,Infrastructure & Public Amenities,"MPLADS Works Allocation for Dindigul, Dindigul (Shri M. Udhayakumar)",2019-01-25,,23.53,24.5,25.0,25.0,0.5,In Progress,,0
LS16_0404,16th Lok Sabha (2014-2019),Lok Sabha,16,Shri S. Rajendran,Tamil Nadu,Villupuram,Viluppuram(Sc),Infrastructure & Public Amenities,"MPLADS Works Allocation for Viluppuram(Sc), Villupuram (Shri S. Rajendran)",2022-03-24,,25.21,22.44,25.0,25.0,2.56,In Progress,,0
LS16_0405,16th Lok Sabha (2014-2019),Lok Sabha,16,Shri S.Selvakumara Chinnayan,Tamil Nadu,Erode,Erode,Infrastructure & Public Amenities,"MPLADS Works Allocation for Erode, Erode (Shri S.Selvakumara Chinnayan)",2014-06-01,,24.65,24.6,25.0,25.0,0.4,In Progress,,0
LS16_0406,16th Lok Sabha (2014-2019),Lok Sabha,16,Shri R. Gopalakrishnan,Tamil Nadu,Madurai,Madurai,Infrastructure & Public Amenities,"MPLADS Works Allocation for Madurai, Madurai (Shri R. Gopalakrishnan)",2014-06-01,,24.89,24.35,25.0,25.0,0.65,In Progress,,0
LS16_0407,16th Lok Sabha (2014-2019),Lok Sabha,16,Shri R.P. Marutharajaa,Tamil Nadu,Perambalur,Perambalur,Infrastructure & Public Amenities,"MPLADS Works Allocation for Perambalur, Perambalur (Shri R.P. Marutharajaa)",2018-12-17,,24.99,24.54,25.0,25.0,0.46,In Progress,,0
LS16_0408,16th Lok Sabha (2014-2019),Lok Sabha,16,Shri T.G. Venkatesh Babu,Tamil Nadu,Chennai,Chennai North,Infrastructure & Public Amenities,"MPLADS Works Allocation for Chennai North, Chennai (Shri T.G. Venkatesh Babu)",2014-06-01,,27.68,26.51,32.5,30.0,3.49,In Progress,"Audit Certificate Pending, Eligible MPR not Received, Utilisation Certificate Pending.",1
LS16_0409,16th Lok Sabha (2014-2019),Lok Sabha,16,Smt. R. Vanaroja,Tamil Nadu,Tiruvannamalai,Tiruvannamalai,Infrastructure & Public Amenities,"MPLADS Works Allocation for Tiruvannamalai, Tiruvannamalai (Smt. R. Vanaroja)",2020-02-19,,24.71,24.6,25.0,25.0,0.4,In Progress,,0
LS16_0410,16th Lok Sabha (2014-2019),Lok Sabha,16,Shri T. Radhakrishnan,Tamil Nadu,Virudhunagar,Virudhunagar,Infrastructure & Public Amenities,"MPLADS Works Allocation for Virudhunagar, Virudhunagar (Shri T. Radhakrishnan)",2019-01-29,,24.45,23.88,25.0,25.0,1.12,In Progress,,0
LS16_0411,16th Lok Sabha (2014-2019),Lok Sabha,16,Smt. K. Maragatham,Tamil Nadu,Kanchipuram,Kancheepuram(Sc),Infrastructure & Public Amenities,"MPLADS Works Allocation for Kancheepuram(Sc), Kanchipuram (Smt. K. Maragatham)",2019-07-31,,23.96,22.1,25.0,25.0,2.9,In Progress,,0
LS16_0412,16th Lok Sabha (2014-2019),Lok Sabha,16,Smt. Vasanthi M.,Tamil Nadu,Tirunelveli,Tenkasi(Sc),Infrastructure & Public Amenities,"MPLADS Works Allocation for Tenkasi(Sc), Tirunelveli (Smt. Vasanthi M.)",2022-02-22,,24.43,24.37,25.0,25.0,0.63,In Progress,,0
LS16_0413,16th Lok Sabha (2014-2019),Lok Sabha,16,Smt. V. Sathyabama,Tamil Nadu,Erode,Tiruppur,Infrastructure & Public Amenities,"MPLADS Works Allocation for Tiruppur, Erode (Smt. V. Sathyabama)",2020-01-15,,24.31,24.24,25.0,25.0,0.76,In Progress,,0
LS16_0414,16th Lok Sabha (2014-2019),Lok Sabha,16,Shri Vijay Kumar S.R.,Tamil Nadu,Chennai,Chennai Central,Infrastructure & Public Amenities,"MPLADS Works Allocation for Chennai Central, Chennai (Shri Vijay Kumar S.R.)",2014-06-01,,25.24,24.68,25.0,25.0,0.32,In Progress,,0
LS16_0415,16th Lok Sabha (2014-2019),Lok Sabha,16,Shri V. Panneer Selvam,Tamil Nadu,Salem,Salem,Infrastructure & Public Amenities,"MPLADS Works Allocation for Salem, Salem (Shri V. Panneer Selvam)",2019-01-25,,24.2,23.8,25.0,25.0,1.2,In Progress,,0
LS16_0416,16th Lok Sabha (2014-2019),Lok Sabha,16,Dr. Boora Narsaiah Goud,Telangana,Yadadri Bhuvanagiri,Bhongir,Infrastructure & Public Amenities,"MPLADS Works Allocation for Bhongir, Yadadri Bhuvanagiri (Dr. Boora Narsaiah Goud)",2022-03-23,,21.92,19.57,25.0,22.5,2.93,In Progress,"Audit Certificate Pending, Eligible MPR not Received, Utilisation Certificate Pending.",1
LS16_0417,16th Lok Sabha (2014-2019),Lok Sabha,16,Prof. Seetaram Ajmeera Naik,Telangana,Mahabubabad,Mahabubabad,Infrastructure & Public Amenities,"MPLADS Works Allocation for Mahabubabad, Mahabubabad (Prof. Seetaram Ajmeera Naik)",2019-01-29,,21.72,17.5,25.0,22.5,5.0,In Progress,"Audit Certificate Pending, Eligible MPR not Received, Utilisation Certificate Pending.",1
LS16_0418,16th Lok Sabha (2014-2019),Lok Sabha,16,Shri A.P. Jithender Reddy,Telangana,Mahbubnagar,Mahabubnagar,Infrastructure & Public Amenities,"MPLADS Works Allocation for Mahabubnagar, Mahbubnagar (Shri A.P. Jithender Reddy)",2022-03-29,,24.77,20.0,25.0,22.5,2.5,In Progress,"Audit Certificate Pending, Eligible MPR not Received, Utilisation Certificate Pending.",1
LS16_0419,16th Lok Sabha (2014-2019),Lok Sabha,16,Shri Dayakar Pasunoori,Telangana,Hanumakonda,Warangel(Sc),Infrastructure & Public Amenities,"MPLADS Works Allocation for Warangel(Sc), Hanumakonda (Shri Dayakar Pasunoori)",2019-08-29,,18.81,16.76,20.0,17.5,0.74,In Progress,,0
LS16_0420,16th Lok Sabha (2014-2019),Lok Sabha,16,Shri Bandaru Dattatreya,Telangana,Hyderabad,Secunderabad,Infrastructure & Public Amenities,"MPLADS Works Allocation for Secunderabad, Hyderabad (Shri Bandaru Dattatreya)",2022-03-28,,22.35,19.76,25.0,22.5,2.74,In Progress,"Audit Certificate Pending, Eligible MPR not Received, Utilisation Certificate Pending.",1
LS16_0421,16th Lok Sabha (2014-2019),Lok Sabha,16,Shri Ch. Malla Reddy,Telangana,Medchal Malkajgiri,Malkajgiri,Infrastructure & Public Amenities,"MPLADS Works Allocation for Malkajgiri, Medchal Malkajgiri (Shri Ch. Malla Reddy)",2019-05-31,,18.39,15.11,25.0,17.5,2.39,In Progress,"Audit Certificate Pending, Eligible MPR not Received, Utilisation Certificate Pending.",1
LS16_0422,16th Lok Sabha (2014-2019),Lok Sabha,16,Shri Asaduddin Owaisi,Telangana,Hyderabad,Hyderabad,Infrastructure & Public Amenities,"MPLADS Works Allocation for Hyderabad, Hyderabad (Shri Asaduddin Owaisi)",2022-05-25,,23.93,17.32,25.0,22.5,5.18,In Progress,"Audit Certificate Pending, Eligible MPR not Received, Utilisation Certificate Pending.",1
LS16_0423,16th Lok Sabha (2014-2019),Lok Sabha,16,Shri Bheemrao Baswanthrao Patil,Telangana,Sangareddy,Zahirabad,Infrastructure & Public Amenities,"MPLADS Works Allocation for Zahirabad, Sangareddy (Shri Bheemrao Baswanthrao Patil)",2022-05-18,,22.75,17.22,25.0,22.5,5.28,In Progress,"Audit Certificate Pending, Eligible MPR not Received, Utilisation Certificate Pending.",1
LS16_0424,16th Lok Sabha (2014-2019),Lok Sabha,16,Shri Nagesh Godam,Telangana,Adilabad,Adilabad(St),Infrastructure & Public Amenities,"MPLADS Works Allocation for Adilabad(St), Adilabad (Shri Nagesh Godam)",2022-06-30,,24.46,17.48,25.0,22.5,5.02,In Progress,,0
LS16_0425,16th Lok Sabha (2014-2019),Lok Sabha,16,Shri Nandi Yellaiah,Telangana,Nagarkurnool,Nagarkurnool(Sc),Infrastructure & Public Amenities,"MPLADS Works Allocation for Nagarkurnool(Sc), Nagarkurnool (Shri Nandi Yellaiah)",2014-06-01,,25.15,22.48,25.0,25.0,2.52,In Progress,,0
LS16_0426,16th Lok Sabha (2014-2019),Lok Sabha,16,Shri Konda Vishweshwar Reddy,Telangana,Rangareddy,Chelvella,Infrastructure & Public Amenities,"MPLADS Works Allocation for Chelvella, Rangareddy (Shri Konda Vishweshwar Reddy)",2022-03-29,,23.15,17.58,25.0,22.5,4.92,In Progress,"Audit Certificate Pending, Eligible MPR not Received, Utilisation Certificate Pending.",1
LS16_0427,16th Lok Sabha (2014-2019),Lok Sabha,16,Shri Ponguleti Srinivasa Reddy,Telangana,Khamman,Khammam,Infrastructure & Public Amenities,"MPLADS Works Allocation for Khammam, Khamman (Shri Ponguleti Srinivasa Reddy)",2014-06-01,,23.65,17.48,25.0,22.5,5.02,In Progress,"Audit Certificate Pending, Eligible MPR not Received, Utilisation Certificate Pending.",1
LS16_0428,16th Lok Sabha (2014-2019),Lok Sabha,16,Shri Kotha Prabhakar Reddy,Telangana,Sangareddy,Medak,Infrastructure & Public Amenities,"MPLADS Works Allocation for Medak, Sangareddy (Shri Kotha Prabhakar Reddy)",2022-06-30,,23.96,17.43,25.0,22.5,5.07,In Progress,,0
LS16_0429,16th Lok Sabha (2014-2019),Lok Sabha,16,Shri Shri Balka Suman Suman,Telangana,Peddapally,Peddapalle,Infrastructure & Public Amenities,"MPLADS Works Allocation for Peddapalle, Peddapally (Shri Shri Balka Suman Suman)",2018-01-15,2019-05-31,19.84,12.5,25.0,12.5,0.0,Completed,"Audit Certificate Pending, Eligible MPR not Received, Utilisation Certificate Pending.",1
LS16_0430,16th Lok Sabha (2014-2019),Lok Sabha,16,Shri Srihari Kadiyam,Telangana,Hanumakonda,Warangel(Sc),Infrastructure & Public Amenities,"MPLADS Works Allocation for Warangel(Sc), Hanumakonda (Shri Srihari Kadiyam)",2014-12-26,2019-05-31,4.66,5.0,5.0,5.0,0.0,Completed,,0
LS16_0431,16th Lok Sabha (2014-2019),Lok Sabha,16,Shri Sukender Reddy Gutha,Telangana,Nalgonda,Nalgonda,Infrastructure & Public Amenities,"MPLADS Works Allocation for Nalgonda, Nalgonda (Shri Sukender Reddy Gutha)",2019-10-29,,24.83,23.73,25.0,25.0,1.27,In Progress,,0
LS16_0432,16th Lok Sabha (2014-2019),Lok Sabha,16,Shri Vinod Kumar Boianapalli,Telangana,Karimnagar,Karimnagar,Infrastructure & Public Amenities,"MPLADS Works Allocation for Karimnagar, Karimnagar (Shri Vinod Kumar Boianapalli)",2014-06-01,,23.62,17.5,25.0,22.5,5.0,In Progress,"Audit Certificate Pending, Eligible MPR not Received, Utilisation Certificate Pending.",1
LS16_0433,16th Lok Sabha (2014-2019),Lok Sabha,16,Smt. Kavitha Kalvakuntla,Telangana,Nizamabad,Nizamabad,Infrastructure & Public Amenities,"MPLADS Works Allocation for Nizamabad, Nizamabad (Smt. Kavitha Kalvakuntla)",2020-02-27,,24.75,22.47,25.0,22.5,0.03,In Progress,"Audit Certificate Pending, Eligible MPR not Received, Utilisation Certificate Pending.",1
LS16_0434,16th Lok Sabha (2014-2019),Lok Sabha,16,Shri Jitendra Chaudhury,Tripura,Dhalai District,Tripura East(St),Infrastructure & Public Amenities,"MPLADS Works Allocation for Tripura East(St), Dhalai District (Shri Jitendra Chaudhury)",2019-01-15,,17.72,14.89,37.5,20.0,5.11,In Progress,,0
LS16_0435,16th Lok Sabha (2014-2019),Lok Sabha,16,Shri Sankar Prasad Datta,Tripura,West Tripura,Tripura West,Infrastructure & Public Amenities,"MPLADS Works Allocation for Tripura West, West Tripura (Shri Sankar Prasad Datta)",2019-05-29,,20.11,17.5,25.0,22.5,5.0,In Progress,,0
LS16_0436,16th Lok Sabha (2014-2019),Lok Sabha,16,Begum Tabassum Hasan,Uttar Pradesh,Shamli,Kairana,Infrastructure & Public Amenities,"MPLADS Works Allocation for Kairana, Shamli (Begum Tabassum Hasan)",2014-06-01,,2.26,2.14,5.0,2.5,0.36,In Progress,,0
LS16_0437,16th Lok Sabha (2014-2019),Lok Sabha,16,Dr. Sakshi Swami Maharaj,Uttar Pradesh,Unnao,Unnao,Infrastructure & Public Amenities,"MPLADS Works Allocation for Unnao, Unnao (Dr. Sakshi Swami Maharaj)",2014-06-01,,17.16,17.16,25.0,17.5,0.34,In Progress,"Audit Certificate Pending, Eligible MPR not Received, Utilisation Certificate Pending.",1
LS16_0438,16th Lok Sabha (2014-2019),Lok Sabha,16,Dr. Prof. Ram Shankar,Uttar Pradesh,Agra,Agra(Sc),Infrastructure & Public Amenities,"MPLADS Works Allocation for Agra(Sc), Agra (Dr. Prof. Ram Shankar)",2018-12-27,,22.6,21.8,25.0,25.0,3.2,In Progress,,0
LS16_0439,16th Lok Sabha (2014-2019),Lok Sabha,16,Sadhvi Savitri Bai Phoole,Uttar Pradesh,Bahraich,Bahraich(Sc),Infrastructure & Public Amenities,"MPLADS Works Allocation for Bahraich(Sc), Bahraich (Sadhvi Savitri Bai Phoole)",2014-06-01,,12.21,12.21,25.0,12.5,0.29,In Progress,,0
LS16_0440,16th Lok Sabha (2014-2019),Lok Sabha,16,Shri Ashok Kumar Dohrey,Uttar Pradesh,Auraiya,Etawah(Sc),Infrastructure & Public Amenities,"MPLADS Works Allocation for Etawah(Sc), Auraiya (Shri Ashok Kumar Dohrey)",2022-06-13,,17.29,17.29,25.0,22.5,5.21,In Progress,,0
LS16_0441,16th Lok Sabha (2014-2019),Lok Sabha,16,Niranjan Jyoti,Uttar Pradesh,Fatehpur,Fatehpur,Infrastructure & Public Amenities,"MPLADS Works Allocation for Fatehpur, Fatehpur (Niranjan Jyoti)",2019-07-18,,25.18,22.46,25.0,25.0,2.54,In Progress,,0
LS16_0442,16th Lok Sabha (2014-2019),Lok Sabha,16,Vijay Kumar Singh,Uttar Pradesh,Ghaziabad,Ghaziabad,Infrastructure & Public Amenities,"MPLADS Works Allocation for Ghaziabad, Ghaziabad (Vijay Kumar Singh)",2019-01-29,,23.4,23.21,25.0,25.0,1.79,In Progress,,0
LS16_0443,16th Lok Sabha (2014-2019),Lok Sabha,16,Dr. Krishn Pratap Singh,Uttar Pradesh,Jaunpur,Jaunpur,Infrastructure & Public Amenities,"MPLADS Works Allocation for Jaunpur, Jaunpur (Dr. Krishn Pratap Singh)",2019-10-31,,22.48,20.18,25.0,25.0,4.82,In Progress,,0
LS16_0444,16th Lok Sabha (2014-2019),Lok Sabha,16,Dr. Mahesh Sharma,Uttar Pradesh,Gautambudhnagar,Gautam Buddha Nagar,Infrastructure & Public Amenities,"MPLADS Works Allocation for Gautam Buddha Nagar, Gautambudhnagar (Dr. Mahesh Sharma)",2014-06-01,,22.46,20.01,25.0,25.0,4.99,In Progress,,0
LS16_0445,16th Lok Sabha (2014-2019),Lok Sabha,16,Dr. Satya Pal Singh,Uttar Pradesh,Baghpat,Baghpat,Infrastructure & Public Amenities,"MPLADS Works Allocation for Baghpat, Baghpat (Dr. Satya Pal Singh)",2019-10-29,,23.72,23.4,25.0,25.0,1.6,In Progress,,0
LS16_0446,16th Lok Sabha (2014-2019),Lok Sabha,16,Dr. Yashwant Singh,Uttar Pradesh,Bijnore,Nagina(Sc),Infrastructure & Public Amenities,"MPLADS Works Allocation for Nagina(Sc), Bijnore (Dr. Yashwant Singh)",2019-08-30,,24.99,24.55,25.0,25.0,0.45,In Progress,,0
LS16_0447,16th Lok Sabha (2014-2019),Lok Sabha,16,Shri Anshul Verma,Uttar Pradesh,Hardoi,Hardoi (Sc),Infrastructure & Public Amenities,"MPLADS Works Allocation for Hardoi (Sc), Hardoi (Shri Anshul Verma)",2014-06-01,,22.47,21.73,25.0,22.5,0.77,In Progress,"Audit Certificate Pending, Eligible MPR not Received, Utilisation Certificate Pending.",1
LS16_0448,16th Lok Sabha (2014-2019),Lok Sabha,16,Dr. Mahendra Nath Pandey,Uttar Pradesh,Chandauli,Chandauli,Infrastructure & Public Amenities,"MPLADS Works Allocation for Chandauli, Chandauli (Dr. Mahendra Nath Pandey)",2014-06-01,,22.95,21.86,25.0,25.0,3.14,In Progress,,0
LS16_0449,16th Lok Sabha (2014-2019),Lok Sabha,16,Dr. Murli Manohar Joshi,Uttar Pradesh,Kanpur Nagar,Kanpur,Infrastructure & Public Amenities,"MPLADS Works Allocation for Kanpur, Kanpur Nagar (Dr. Murli Manohar Joshi)",2018-10-23,2019-05-31,24.66,25.0,25.0,25.0,0.0,Completed,,0
LS16_0450,16th Lok Sabha (2014-2019),Lok Sabha,16,Dr. Sanjeev Kumar Balyan,Uttar Pradesh,Muzaffarnagar,Muzaffarnagar,Infrastructure & Public Amenities,"MPLADS Works Allocation for Muzaffarnagar, Muzaffarnagar (Dr. Sanjeev Kumar Balyan)",2018-09-17,2019-05-31,24.63,25.0,25.0,25.0,0.0,Completed,,0
LS16_0451,16th Lok Sabha (2014-2019),Lok Sabha,16,Shri Babulal Chaudhary,Uttar Pradesh,Agra,Fatehpur Sikri,Infrastructure & Public Amenities,"MPLADS Works Allocation for Fatehpur Sikri, Agra (Shri Babulal Chaudhary)",2014-06-01,,23.33,22.22,25.0,25.0,2.78,In Progress,,0
LS16_0452,16th Lok Sabha (2014-2019),Lok Sabha,16,Uma Bharati,Uttar Pradesh,Jhansi,Jhansi,Infrastructure & Public Amenities,"MPLADS Works Allocation for Jhansi, Jhansi (Uma Bharati)",2019-06-27,,21.67,18.22,25.0,22.5,4.28,In Progress,,0
LS16_0453,16th Lok Sabha (2014-2019),Lok Sabha,16,Dr. Nepal Singh,Uttar Pradesh,Rampur,Rampur,Infrastructure & Public Amenities,"MPLADS Works Allocation for Rampur, Rampur (Dr. Nepal Singh)",2018-07-26,,24.85,24.85,25.0,25.0,0.15,In Progress,,0
LS16_0454,16th Lok Sabha (2014-2019),Lok Sabha,16,Kunwar Pushpendra Singh Chandel,Uttar Pradesh,Mahoba,Hamirpur,Infrastructure & Public Amenities,"MPLADS Works Allocation for Hamirpur, Mahoba (Kunwar Pushpendra Singh Chandel)",2019-02-13,,14.89,13.07,25.0,17.5,4.43,In Progress,,0
LS16_0455,16th Lok Sabha (2014-2019),Lok Sabha,16,Shri Devendra (Alias) Bhole Singh Singh,Uttar Pradesh,Kanpur Nagar,Akbarpur,Infrastructure & Public Amenities,"MPLADS Works Allocation for Akbarpur, Kanpur Nagar (Shri Devendra (Alias) Bhole Singh Singh)",2018-10-23,2019-05-31,24.75,25.0,25.0,25.0,0.0,Completed,,0
LS16_0456,16th Lok Sabha (2014-2019),Lok Sabha,16,Shri Dharmendra Yadav,Uttar Pradesh,Budaun,Badaun,Infrastructure & Public Amenities,"MPLADS Works Allocation for Badaun, Budaun (Shri Dharmendra Yadav)",2019-01-15,,14.27,12.08,25.0,17.5,5.42,In Progress,,0
LS16_0457,16th Lok Sabha (2014-2019),Lok Sabha,16,Shri Akshay Yadav,Uttar Pradesh,Firozabad,Firozabad,Infrastructure & Public Amenities,"MPLADS Works Allocation for Firozabad, Firozabad (Shri Akshay Yadav)",2019-12-20,,24.96,23.52,25.0,25.0,1.48,In Progress,,0
LS16_0458,16th Lok Sabha (2014-2019),Lok Sabha,16,Shri Brijbhushan Sharan Singh,Uttar Pradesh,Gonda,Kaiserganj,Infrastructure & Public Amenities,"MPLADS Works Allocation for Kaiserganj, Gonda (Shri Brijbhushan Sharan Singh)",2019-02-13,,22.08,22.08,22.5,22.5,0.42,In Progress,Eligible MPR not Received.,1
LS16_0459,16th Lok Sabha (2014-2019),Lok Sabha,16,Shri Bhairon Prasad Mishra,Uttar Pradesh,Chitrakoot,Banda,Infrastructure & Public Amenities,"MPLADS Works Allocation for Banda, Chitrakoot (Shri Bhairon Prasad Mishra)",2019-11-22,,22.24,20.45,25.0,22.5,2.05,In Progress,"Audit Certificate Pending, Eligible MPR not Received, Utilisation Certificate Pending.",1
LS16_0460,16th Lok Sabha (2014-2019),Lok Sabha,16,Shri Bharat Singh,Uttar Pradesh,Ballia,Ballia,Infrastructure & Public Amenities,"MPLADS Works Allocation for Ballia, Ballia (Shri Bharat Singh)",2019-07-31,,25.26,20.72,25.0,25.0,4.28,In Progress,,0
LS16_0461,16th Lok Sabha (2014-2019),Lok Sabha,16,Shri Chhote Lal,Uttar Pradesh,Sonbhadra,Robertsganj(Sc),Infrastructure & Public Amenities,"MPLADS Works Allocation for Robertsganj(Sc), Sonbhadra (Shri Chhote Lal)",2019-01-15,,24.71,24.97,25.0,25.0,0.03,In Progress,,0
LS16_0462,16th Lok Sabha (2014-2019),Lok Sabha,16,Shri Feroze Varun Gandhi,Uttar Pradesh,Sultanpur,Sultanpur,Infrastructure & Public Amenities,"MPLADS Works Allocation for Sultanpur, Sultanpur (Shri Feroze Varun Gandhi)",2019-01-25,,23.76,23.76,25.0,25.0,1.24,In Progress,,0
LS16_0463,16th Lok Sabha (2014-2019),Lok Sabha,16,Shri Harish Dwivedi,Uttar Pradesh,Basti,Basti,Infrastructure & Public Amenities,"MPLADS Works Allocation for Basti, Basti (Shri Harish Dwivedi)",2019-12-31,,25.15,24.77,25.0,25.0,0.23,In Progress,,0
LS16_0464,16th Lok Sabha (2014-2019),Lok Sabha,16,Shri Ajay (Teni) Misra,Uttar Pradesh,Kheri,Kheri,Infrastructure & Public Amenities,"MPLADS Works Allocation for Kheri, Kheri (Shri Ajay (Teni) Misra)",2019-01-29,,24.94,24.84,25.0,25.0,0.16,In Progress,,0
LS16_0465,16th Lok Sabha (2014-2019),Lok Sabha,16,Shri Bharatendra Singh,Uttar Pradesh,Bijnore,Bijnor,Infrastructure & Public Amenities,"MPLADS Works Allocation for Bijnor, Bijnore (Shri Bharatendra Singh)",2014-06-01,,24.78,24.32,25.0,25.0,0.68,In Progress,,0
LS16_0466,16th Lok Sabha (2014-2019),Lok Sabha,16,Shri Daddan Mishra,Uttar Pradesh,Balrampur,Shrawasti,Infrastructure & Public Amenities,"MPLADS Works Allocation for Shrawasti, Balrampur (Shri Daddan Mishra)",2020-03-30,,24.37,24.31,25.0,25.0,0.69,In Progress,,0
LS16_0467,16th Lok Sabha (2014-2019),Lok Sabha,16,Shri Bhola Singh,Uttar Pradesh,Bulandshahr,Bulandshahr(Sc),Infrastructure & Public Amenities,"MPLADS Works Allocation for Bulandshahr(Sc), Bulandshahr (Shri Bhola Singh)",2014-06-01,,24.45,24.4,25.0,25.0,0.6,In Progress,,0
LS16_0468,16th Lok Sabha (2014-2019),Lok Sabha,16,Shri Dharmendra Kumar,Uttar Pradesh,Bareilly,Aonla,Infrastructure & Public Amenities,"MPLADS Works Allocation for Aonla, Bareilly (Shri Dharmendra Kumar)",2014-06-01,,21.87,20.39,25.0,22.5,2.11,In Progress,"Audit Certificate Pending, Eligible MPR not Received, Utilisation Certificate Pending.",1
LS16_0469,16th Lok Sabha (2014-2019),Lok Sabha,16,Shri Hari Narayan Rajbhar,Uttar Pradesh,Mau,Ghosi,Infrastructure & Public Amenities,"MPLADS Works Allocation for Ghosi, Mau (Shri Hari Narayan Rajbhar)",2019-01-29,,22.84,21.12,25.0,25.0,3.88,In Progress,,0
LS16_0470,16th Lok Sabha (2014-2019),Lok Sabha,16,Shri Hukum Singh,Uttar Pradesh,Shamli,Kairana,Infrastructure & Public Amenities,"MPLADS Works Allocation for Kairana, Shamli (Shri Hukum Singh)",2018-03-27,,16.63,15.14,20.0,20.0,4.86,In Progress,,0
LS16_0471,16th Lok Sabha (2014-2019),Lok Sabha,16,Shri Bhanu Pratap Singh Verma,Uttar Pradesh,Jalaun,Jalaun(Sc),Infrastructure & Public Amenities,"MPLADS Works Allocation for Jalaun(Sc), Jalaun (Shri Bhanu Pratap Singh Verma)",2019-01-25,,27.2,17.01,25.0,17.5,0.49,In Progress,,0
LS16_0472,16th Lok Sabha (2014-2019),Lok Sabha,16,Shri Hari Om Pandey,Uttar Pradesh,Ambedkarnagar,Ambedkar Nagar,Infrastructure & Public Amenities,"MPLADS Works Allocation for Ambedkar Nagar, Ambedkarnagar (Shri Hari Om Pandey)",2019-02-13,,24.89,24.51,25.0,25.0,0.49,In Progress,,0
LS16_0473,16th Lok Sabha (2014-2019),Lok Sabha,16,Shri Kunwar Sarvesh Kumar,Uttar Pradesh,Moradabad,Moradabad,Infrastructure & Public Amenities,"MPLADS Works Allocation for Moradabad, Moradabad (Shri Kunwar Sarvesh Kumar)",2019-01-25,,22.13,20.07,25.0,25.0,4.93,In Progress,,0
LS16_0474,16th Lok Sabha (2014-2019),Lok Sabha,16,Shri Kamlesh Paswan,Uttar Pradesh,Gorakhpur,Bansgaon(Sc),Infrastructure & Public Amenities,"MPLADS Works Allocation for Bansgaon(Sc), Gorakhpur (Shri Kamlesh Paswan)",2022-03-25,,22.63,22.34,25.0,25.0,2.66,In Progress,,0
LS16_0475,16th Lok Sabha (2014-2019),Lok Sabha,16,Shri Jagdambika Pal,Uttar Pradesh,Siddharth Nagar,Domariyaganj,Infrastructure & Public Amenities,"MPLADS Works Allocation for Domariyaganj, Siddharth Nagar (Shri Jagdambika Pal)",2020-02-19,,24.96,24.9,25.0,25.0,0.1,In Progress,,0
LS16_0476,16th Lok Sabha (2014-2019),Lok Sabha,16,Shri Kalraj Mishra,Uttar Pradesh,Deoria,Deoria,Infrastructure & Public Amenities,"MPLADS Works Allocation for Deoria, Deoria (Shri Kalraj Mishra)",2019-11-20,2019-05-31,24.67,22.81,25.0,22.5,-0.31,Completed,"Audit Certificate Pending, Eligible MPR not Received, Utilisation Certificate Pending.",1
LS16_0477,16th Lok Sabha (2014-2019),Lok Sabha,16,Shri Mukesh Rajput,Uttar Pradesh,Farrukhabad,Farrukhabad,Infrastructure & Public Amenities,"MPLADS Works Allocation for Farrukhabad, Farrukhabad (Shri Mukesh Rajput)",2022-03-25,,23.67,22.85,25.0,25.0,2.15,In Progress,,0
LS16_0478,16th Lok Sabha (2014-2019),Lok Sabha,16,Shri Narendra Modi,Uttar Pradesh,Varanasi,Varanasi,Infrastructure & Public Amenities,"MPLADS Works Allocation for Varanasi, Varanasi (Shri Narendra Modi)",2020-02-19,,21.18,21.18,25.0,22.5,1.32,In Progress,"Bank Statement Awaited, Eligible MPR not Received, Utilisation Certificate Pending.",1
LS16_0479,16th Lok Sabha (2014-2019),Lok Sabha,16,Shri Nagendra Pratap Singh Patel,Uttar Pradesh,Allahabad,Phulpur,Infrastructure & Public Amenities,"MPLADS Works Allocation for Phulpur, Allahabad (Shri Nagendra Pratap Singh Patel)",2019-01-25,,2.45,0.73,5.0,5.0,4.27,In Progress,,0
LS16_0480,16th Lok Sabha (2014-2019),Lok Sabha,16,Shri Kirti Vardhan Singh,Uttar Pradesh,Gonda,Gonda,Infrastructure & Public Amenities,"MPLADS Works Allocation for Gonda, Gonda (Shri Kirti Vardhan Singh)",2019-02-13,,18.98,18.98,20.0,20.0,1.02,In Progress,,0
LS16_0481,16th Lok Sabha (2014-2019),Lok Sabha,16,Shri Mulayam Singh Yadav,Uttar Pradesh,Azamgarh,Azamgarh,Infrastructure & Public Amenities,"MPLADS Works Allocation for Azamgarh, Azamgarh (Shri Mulayam Singh Yadav)",2019-07-31,,22.36,21.42,25.0,25.0,3.58,In Progress,,0
LS16_0482,16th Lok Sabha (2014-2019),Lok Sabha,16,Shri Praveen Kumar Nishad,Uttar Pradesh,Gorakhpur,Gorakhpur,Infrastructure & Public Amenities,"MPLADS Works Allocation for Gorakhpur, Gorakhpur (Shri Praveen Kumar Nishad)",2019-02-13,,4.87,2.95,5.0,5.0,2.05,In Progress,,0
LS16_0483,16th Lok Sabha (2014-2019),Lok Sabha,16,Shri Rajesh Verma,Uttar Pradesh,Sitapur,Sitapur,Infrastructure & Public Amenities,"MPLADS Works Allocation for Sitapur, Sitapur (Shri Rajesh Verma)",2014-06-01,,24.95,24.95,25.0,25.0,0.05,In Progress,,0
LS16_0484,16th Lok Sabha (2014-2019),Lok Sabha,16,Shri Rahul Gandhi,Uttar Pradesh,Amethi,Amethi,Infrastructure & Public Amenities,"MPLADS Works Allocation for Amethi, Amethi (Shri Rahul Gandhi)",2019-07-17,,23.33,22.12,25.0,22.5,0.38,In Progress,"Audit Certificate Pending, Eligible MPR not Received, Utilisation Certificate Pending.",1
LS16_0485,16th Lok Sabha (2014-2019),Lok Sabha,16,Shri Rajesh Pandey,Uttar Pradesh,Kushinagar (Padrauna),Kushi Nagar,Infrastructure & Public Amenities,"MPLADS Works Allocation for Kushi Nagar, Kushinagar (Padrauna) (Shri Rajesh Pandey)",2019-01-15,,22.37,21.48,25.0,25.0,3.52,In Progress,,0
LS16_0486,16th Lok Sabha (2014-2019),Lok Sabha,16,Shri Kaushal Kishore,Uttar Pradesh,Lucknow,Mohanlalganj(Sc),Infrastructure & Public Amenities,"MPLADS Works Allocation for Mohanlalganj(Sc), Lucknow (Shri Kaushal Kishore)",2019-01-29,,24.94,20.83,25.0,25.0,4.17,In Progress,,0
LS16_0487,16th Lok Sabha (2014-2019),Lok Sabha,16,Shri Raghav Lakhanpal,Uttar Pradesh,Saharanpur,Saharanpur,Infrastructure & Public Amenities,"MPLADS Works Allocation for Saharanpur, Saharanpur (Shri Raghav Lakhanpal)",2019-02-14,,25.28,24.49,25.0,25.0,0.51,In Progress,,0
LS16_0488,16th Lok Sabha (2014-2019),Lok Sabha,16,Shri Rajendra Agrawal,Uttar Pradesh,Meerut,Meerut,Infrastructure & Public Amenities,"MPLADS Works Allocation for Meerut, Meerut (Shri Rajendra Agrawal)",2014-06-01,,24.27,24.27,25.0,25.0,0.73,In Progress,,0
LS16_0489,16th Lok Sabha (2014-2019),Lok Sabha,16,Shri Rajveer (Raju Bhaiya) Singh,Uttar Pradesh,Etah,Etah,Infrastructure & Public Amenities,"MPLADS Works Allocation for Etah, Etah (Shri Rajveer (Raju Bhaiya) Singh)",2019-01-29,2019-05-31,25.26,25.19,25.0,25.0,-0.19,Completed,,0
LS16_0490,16th Lok Sabha (2014-2019),Lok Sabha,16,Shri Kanwar Singh Tanwar,Uttar Pradesh,Jyotiba Pholenagar,Amroha,Infrastructure & Public Amenities,"MPLADS Works Allocation for Amroha, Jyotiba Pholenagar (Shri Kanwar Singh Tanwar)",2019-07-31,,24.66,24.02,25.0,25.0,0.98,In Progress,,0
LS16_0491,16th Lok Sabha (2014-2019),Lok Sabha,16,Shri Keshav Prasad Maurya,Uttar Pradesh,Allahabad,Phulpur,Infrastructure & Public Amenities,"MPLADS Works Allocation for Phulpur, Allahabad (Shri Keshav Prasad Maurya)",2014-06-01,,14.0,12.2,17.5,17.5,5.3,In Progress,,0
LS16_0492,16th Lok Sabha (2014-2019),Lok Sabha,16,Shri Kunwar Haribansh Singh,Uttar Pradesh,Pratapgarh,Pratapgarh,Infrastructure & Public Amenities,"MPLADS Works Allocation for Pratapgarh, Pratapgarh (Shri Kunwar Haribansh Singh)",2019-06-13,,24.8,23.03,25.0,25.0,1.97,In Progress,,0
LS16_0493,16th Lok Sabha (2014-2019),Lok Sabha,16,Shri Lallu Singh,Uttar Pradesh,Faizabad,Faizabad,Infrastructure & Public Amenities,"MPLADS Works Allocation for Faizabad, Faizabad (Shri Lallu Singh)",2019-06-18,,24.26,24.26,25.0,25.0,0.74,In Progress,,0
LS16_0494,16th Lok Sabha (2014-2019),Lok Sabha,16,Shri Manoj Kumar Sinha,Uttar Pradesh,Ghazipur,Ghazipur,Infrastructure & Public Amenities,"MPLADS Works Allocation for Ghazipur, Ghazipur (Shri Manoj Kumar Sinha)",2014-06-01,,24.68,23.82,25.0,25.0,1.18,In Progress,,0
LS16_0495,16th Lok Sabha (2014-2019),Lok Sabha,16,Shri Pankaj Chowdhary,Uttar Pradesh,Mahrajganj,Maharajganj,Infrastructure & Public Amenities,"MPLADS Works Allocation for Maharajganj, Mahrajganj (Shri Pankaj Chowdhary)",2019-02-13,,22.35,20.08,25.0,25.0,4.92,In Progress,,0
LS16_0496,16th Lok Sabha (2014-2019),Lok Sabha,16,Shri Sharad Tripathi,Uttar Pradesh,Sant Kabir Nagar,Sant Kabir Nagar,Infrastructure & Public Amenities,"MPLADS Works Allocation for Sant Kabir Nagar, Sant Kabir Nagar (Shri Sharad Tripathi)",2019-09-13,,22.16,20.29,25.0,25.0,4.71,In Progress,,0
LS16_0497,16th Lok Sabha (2014-2019),Lok Sabha,16,Shri Rajesh Kumar Diwakar,Uttar Pradesh,Hathras,Hathras (Sc),Infrastructure & Public Amenities,"MPLADS Works Allocation for Hathras (Sc), Hathras (Shri Rajesh Kumar Diwakar)",2019-06-27,,24.36,22.05,25.0,25.0,2.95,In Progress,,0
LS16_0498,16th Lok Sabha (2014-2019),Lok Sabha,16,Shri Rajnath Singh,Uttar Pradesh,Lucknow,Lucknow,Infrastructure & Public Amenities,"MPLADS Works Allocation for Lucknow, Lucknow (Shri Rajnath Singh)",2019-01-29,,25.04,21.13,25.0,25.0,3.87,In Progress,,0
LS16_0499,16th Lok Sabha (2014-2019),Lok Sabha,16,Shri Ram Charitra,Uttar Pradesh,Jaunpur,Machhlishahr(Sc),Infrastructure & Public Amenities,"MPLADS Works Allocation for Machhlishahr(Sc), Jaunpur (Shri Ram Charitra)",2019-11-20,,24.96,21.06,25.0,25.0,3.94,In Progress,,0
LS16_0500,16th Lok Sabha (2014-2019),Lok Sabha,16,Shri Ravindra Kushawaha,Uttar Pradesh,Deoria,Salempur,Infrastructure & Public Amenities,"MPLADS Works Allocation for Salempur, Deoria (Shri Ravindra Kushawaha)",2014-06-01,,22.45,20.53,25.0,25.0,4.47,In Progress,,0
LS16_0501,16th Lok Sabha (2014-2019),Lok Sabha,16,Smt. Dimple Yadav,Uttar Pradesh,Kannauj,Kannauj,Infrastructure & Public Amenities,"MPLADS Works Allocation for Kannauj, Kannauj (Smt. Dimple Yadav)",2019-02-13,,14.97,12.27,25.0,15.0,2.73,In Progress,"Bank Statement Awaited, Eligible MPR not Received, Provisional Utilisation Certificate Pending.",1
LS16_0502,16th Lok Sabha (2014-2019),Lok Sabha,16,Smt. Maneka Sanjay Gandhi,Uttar Pradesh,Pilibhit,Pilibhit,Infrastructure & Public Amenities,"MPLADS Works Allocation for Pilibhit, Pilibhit (Smt. Maneka Sanjay Gandhi)",2019-01-25,,26.65,24.51,25.0,25.0,0.49,In Progress,,0
LS16_0503,16th Lok Sabha (2014-2019),Lok Sabha,16,Shri Virendra Singh,Uttar Pradesh,Bhadohi,Bhadohi,Infrastructure & Public Amenities,"MPLADS Works Allocation for Bhadohi, Bhadohi (Shri Virendra Singh)",2019-01-29,,22.79,21.56,25.0,25.0,3.44,In Progress,,0
LS16_0504,16th Lok Sabha (2014-2019),Lok Sabha,16,Smt. Anupriya Patel,Uttar Pradesh,Mirzapur,Mirzapur,Infrastructure & Public Amenities,"MPLADS Works Allocation for Mirzapur, Mirzapur (Smt. Anupriya Patel)",2020-03-19,,24.9,24.9,25.0,25.0,0.1,In Progress,,0
LS16_0505,16th Lok Sabha (2014-2019),Lok Sabha,16,Shri Santosh Kumar Gangwar,Uttar Pradesh,Bareilly,Bareilly,Infrastructure & Public Amenities,"MPLADS Works Allocation for Bareilly, Bareilly (Shri Santosh Kumar Gangwar)",2014-06-01,,24.72,22.31,25.0,22.5,0.19,In Progress,,0
LS16_0506,16th Lok Sabha (2014-2019),Lok Sabha,16,Shri Satish Kumar Gautam,Uttar Pradesh,Aligarh,Aligarh,Infrastructure & Public Amenities,"MPLADS Works Allocation for Aligarh, Aligarh (Shri Satish Kumar Gautam)",2014-06-01,,24.97,24.93,25.0,25.0,0.07,In Progress,,0
LS16_0507,16th Lok Sabha (2014-2019),Lok Sabha,16,Shri Shyama Charan Gupta,Uttar Pradesh,Allahabad,Allahabad,Infrastructure & Public Amenities,"MPLADS Works Allocation for Allahabad, Allahabad (Shri Shyama Charan Gupta)",2014-06-01,,22.13,20.08,25.0,25.0,4.92,In Progress,,0
LS16_0508,16th Lok Sabha (2014-2019),Lok Sabha,16,Smt. Rekha Arun Verma,Uttar Pradesh,Kheri,Dhaurahra,Infrastructure & Public Amenities,"MPLADS Works Allocation for Dhaurahra, Kheri (Smt. Rekha Arun Verma)",2019-01-25,,24.86,24.59,25.0,25.0,0.41,In Progress,,0
LS16_0509,16th Lok Sabha (2014-2019),Lok Sabha,16,Shri Tej Pratap Singh Yadav,Uttar Pradesh,Mainpuri,Mainpuri,Infrastructure & Public Amenities,"MPLADS Works Allocation for Mainpuri, Mainpuri (Shri Tej Pratap Singh Yadav)",2018-10-23,,25.33,23.97,25.0,25.0,1.03,In Progress,,0
LS16_0510,16th Lok Sabha (2014-2019),Lok Sabha,16,Smt. Neelam Sonker,Uttar Pradesh,Azamgarh,Lalganj (Sc),Infrastructure & Public Amenities,"MPLADS Works Allocation for Lalganj (Sc), Azamgarh (Smt. Neelam Sonker)",2018-12-21,,22.42,20.02,25.0,25.0,4.98,In Progress,,0
LS16_0511,16th Lok Sabha (2014-2019),Lok Sabha,16,Smt. Sonia Gandhi,Uttar Pradesh,Rae Bareli,Rae Bareli,Infrastructure & Public Amenities,"MPLADS Works Allocation for Rae Bareli, Rae Bareli (Smt. Sonia Gandhi)",2019-08-21,,24.77,21.9,25.0,22.5,0.6,In Progress,,0
LS16_0512,16th Lok Sabha (2014-2019),Lok Sabha,16,Smt. Krishna Raj,Uttar Pradesh,Shahjahanpur,Shahjahanpur(Sc),Infrastructure & Public Amenities,"MPLADS Works Allocation for Shahjahanpur(Sc), Shahjahanpur (Smt. Krishna Raj)",2019-01-25,,21.83,20.59,25.0,25.0,4.41,In Progress,,0
LS16_0513,16th Lok Sabha (2014-2019),Lok Sabha,16,Smt. Anju Bala,Uttar Pradesh,Hardoi,Misrikh(Sc),Infrastructure & Public Amenities,"MPLADS Works Allocation for Misrikh(Sc), Hardoi (Smt. Anju Bala)",2014-06-01,,25.0,22.39,25.0,25.0,2.61,In Progress,,0
LS16_0514,16th Lok Sabha (2014-2019),Lok Sabha,16,Shri Satya Pal Singh,Uttar Pradesh,Bhimnagar(Sambhal),Sambhal,Infrastructure & Public Amenities,"MPLADS Works Allocation for Sambhal, Bhimnagar(Sambhal) (Shri Satya Pal Singh)",2014-06-01,,21.86,20.29,25.0,25.0,4.71,In Progress,,0
LS16_0515,16th Lok Sabha (2014-2019),Lok Sabha,16,Shri Yogi Adityanath,Uttar Pradesh,Gorakhpur,Gorakhpur,Infrastructure & Public Amenities,"MPLADS Works Allocation for Gorakhpur, Gorakhpur (Shri Yogi Adityanath)",2022-05-18,,19.8,17.43,20.0,20.0,2.57,In Progress,,0
LS16_0516,16th Lok Sabha (2014-2019),Lok Sabha,16,Shri Vinod Kumar Sonkar,Uttar Pradesh,Kaushambi,Kaushambi(Sc),Infrastructure & Public Amenities,"MPLADS Works Allocation for Kaushambi(Sc), Kaushambi (Shri Vinod Kumar Sonkar)",2014-06-01,,25.0,23.43,25.0,25.0,1.57,In Progress,,0
LS16_0517,16th Lok Sabha (2014-2019),Lok Sabha,16,Smt. Hema Malini,Uttar Pradesh,Mathura,Mathura,Infrastructure & Public Amenities,"MPLADS Works Allocation for Mathura, Mathura (Smt. Hema Malini)",2019-06-13,,25.38,22.92,25.0,25.0,2.08,In Progress,,0
LS16_0518,16th Lok Sabha (2014-2019),Lok Sabha,16,Smt. Priyanka Singh Rawat,Uttar Pradesh,Barabanki,Barabanki(Sc),Infrastructure & Public Amenities,"MPLADS Works Allocation for Barabanki(Sc), Barabanki (Smt. Priyanka Singh Rawat)",2022-03-22,,20.21,19.33,25.0,22.5,3.17,In Progress,Utilisation Certificate Pending.,1
LS16_0519,16th Lok Sabha (2014-2019),Lok Sabha,16,Dr. Ramesh Pokhriyal Nishank,Uttarakhand,Haridwar,Hardwar,Infrastructure & Public Amenities,"MPLADS Works Allocation for Hardwar, Haridwar (Dr. Ramesh Pokhriyal Nishank)",2019-10-29,,22.99,22.01,25.0,25.0,2.99,In Progress,,0
LS16_0520,16th Lok Sabha (2014-2019),Lok Sabha,16,Shri Ajay Tamta,Uttarakhand,Almora,Almora(Sc),Infrastructure & Public Amenities,"MPLADS Works Allocation for Almora(Sc), Almora (Shri Ajay Tamta)",2014-06-01,,24.8,12.92,25.0,15.0,2.08,In Progress,"Bank Statement Awaited, Eligible MPR not Received, Provisional Utilisation Certificate Pending.",1
LS16_0521,16th Lok Sabha (2014-2019),Lok Sabha,16,Bhuwan Chandra Khanduri Avsm,Uttarakhand,Pauri Garhwal,Garhwal,Infrastructure & Public Amenities,"MPLADS Works Allocation for Garhwal, Pauri Garhwal (Bhuwan Chandra Khanduri Avsm)",2018-10-16,,8.7,7.04,25.0,12.5,5.46,In Progress,,0
LS16_0522,16th Lok Sabha (2014-2019),Lok Sabha,16,Shri Bhagat Singh Koshyari,Uttarakhand,Udhamsingh Nagar,Nainital Udham Singh Nag.,Infrastructure & Public Amenities,"MPLADS Works Allocation for Nainital Udham Singh Nag., Udhamsingh Nagar (Shri Bhagat Singh Koshyari)",2019-06-27,,25.0,22.02,25.0,22.5,0.48,In Progress,,0
LS16_0523,16th Lok Sabha (2014-2019),Lok Sabha,16,Smt. Mala Rajya Laxmi Shah,Uttarakhand,Tehri Garhwal,Tehri Garhwal,Infrastructure & Public Amenities,"MPLADS Works Allocation for Tehri Garhwal, Tehri Garhwal (Smt. Mala Rajya Laxmi Shah)",2014-06-01,,24.81,22.17,25.0,22.5,0.33,In Progress,"Eligible MPR not Received, Utilisation Certificate Pending.",1
LS16_0524,16th Lok Sabha (2014-2019),Lok Sabha,16,Km. Arpita Ghosh,West Bengal,South Dinajpur,Balurghat,Infrastructure & Public Amenities,"MPLADS Works Allocation for Balurghat, South Dinajpur (Km. Arpita Ghosh)",2018-08-24,,24.79,24.79,25.0,25.0,0.21,In Progress,,0
LS16_0525,16th Lok Sabha (2014-2019),Lok Sabha,16,Prof. Saugata Roy,West Bengal,North Twenty Four Parganas,Dum Dum,Infrastructure & Public Amenities,"MPLADS Works Allocation for Dum Dum, North Twenty Four Parganas (Prof. Saugata Roy)",2018-09-17,,24.14,23.23,25.0,25.0,1.77,In Progress,,0
LS16_0526,16th Lok Sabha (2014-2019),Lok Sabha,16,Dr. (Smt.) Ratna De(Nag),West Bengal,Hooghly,Hooghly,Infrastructure & Public Amenities,"MPLADS Works Allocation for Hooghly, Hooghly (Dr. (Smt.) Ratna De(Nag))",2018-09-20,,25.74,24.98,25.0,25.0,0.02,In Progress,,0
LS16_0527,16th Lok Sabha (2014-2019),Lok Sabha,16,Dr. Uma Saren,West Bengal,Paschimi Medinipur,Jhargram(St),Infrastructure & Public Amenities,"MPLADS Works Allocation for Jhargram(St), Paschimi Medinipur (Dr. Uma Saren)",2014-06-01,,5.66,8.91,25.0,10.0,1.09,In Progress,"Eligible MPR not Received, Provisional Utilisation Certificate Pending.",1
LS16_0528,16th Lok Sabha (2014-2019),Lok Sabha,16,Late. Kapil Krishna Thakur,West Bengal,North Twenty Four Parganas,Bangaon(Sc),Infrastructure & Public Amenities,"MPLADS Works Allocation for Bangaon(Sc), North Twenty Four Parganas (Late. Kapil Krishna Thakur)",2014-09-23,2019-05-31,0.0,2.5,2.5,2.5,0.0,Completed,,0
LS16_0529,16th Lok Sabha (2014-2019),Lok Sabha,16,Dr. (Smt.) Kakoli Ghosh Dastidar,West Bengal,North Twenty Four Parganas,Barasat,Infrastructure & Public Amenities,"MPLADS Works Allocation for Barasat, North Twenty Four Parganas (Dr. (Smt.) Kakoli Ghosh Dastidar)",2018-08-29,,25.12,24.4,25.0,25.0,0.6,In Progress,,0
LS16_0530,16th Lok Sabha (2014-2019),Lok Sabha,16,Dr. Anupam Hazra,West Bengal,Birbhum,Bolpur(Sc),Infrastructure & Public Amenities,"MPLADS Works Allocation for Bolpur(Sc), Birbhum (Dr. Anupam Hazra)",2014-06-01,,10.02,9.87,25.0,12.5,2.63,In Progress,,0
LS16_0531,16th Lok Sabha (2014-2019),Lok Sabha,16,Dr. Tapas Mandal,West Bengal,Nadia,Ranaghat(Sc),Infrastructure & Public Amenities,"MPLADS Works Allocation for Ranaghat(Sc), Nadia (Dr. Tapas Mandal)",2014-06-01,,22.12,21.65,25.0,22.5,0.85,In Progress,,0
LS16_0532,16th Lok Sabha (2014-2019),Lok Sabha,16,Shri Abu Hasem Khan Choudhury,West Bengal,Malda,Maldaha Dakshin,Infrastructure & Public Amenities,"MPLADS Works Allocation for Maldaha Dakshin, Malda (Shri Abu Hasem Khan Choudhury)",2022-03-22,,19.13,17.11,27.5,20.0,2.89,In Progress,,0
LS16_0533,16th Lok Sabha (2014-2019),Lok Sabha,16,Shri Adhir Ranjan Chowdhury,West Bengal,Murshidabad,Baharampur,Infrastructure & Public Amenities,"MPLADS Works Allocation for Baharampur, Murshidabad (Shri Adhir Ranjan Chowdhury)",2014-06-01,,10.08,9.54,25.0,12.5,2.96,In Progress,"Audit Certificate Pending, Eligible MPR not Received, Utilisation Certificate Pending.",1
LS16_0534,16th Lok Sabha (2014-2019),Lok Sabha,16,Dr.(Smt.) Mamtaz Sanghamita,West Bengal,Burdwan,Bardhaman-Durgapur,Infrastructure & Public Amenities,"MPLADS Works Allocation for Bardhaman-Durgapur, Burdwan (Dr.(Smt.) Mamtaz Sanghamita)",2014-06-01,,21.29,19.29,25.0,22.5,3.21,In Progress,"Audit Certificate Pending, Eligible MPR not Received, Utilisation Certificate Pending.",1
LS16_0535,16th Lok Sabha (2014-2019),Lok Sabha,16,Dr. Mriganka Mahato,West Bengal,Purulia,Purulia,Infrastructure & Public Amenities,"MPLADS Works Allocation for Purulia, Purulia (Dr. Mriganka Mahato)",2019-01-29,,26.12,24.91,25.0,25.0,0.09,In Progress,,0
LS16_0536,16th Lok Sabha (2014-2019),Lok Sabha,16,Shri Abhishek Banerjee,West Bengal,South Twenty Four Parganas,Diamond Harbour,Infrastructure & Public Amenities,"MPLADS Works Allocation for Diamond Harbour, South Twenty Four Parganas (Shri Abhishek Banerjee)",2020-03-30,,24.91,21.15,25.0,25.0,3.85,In Progress,,0
LS16_0537,16th Lok Sabha (2014-2019),Lok Sabha,16,Sugata Bose,West Bengal,South Twenty Four Parganas,Jadavpur,Infrastructure & Public Amenities,"MPLADS Works Allocation for Jadavpur, South Twenty Four Parganas (Sugata Bose)",2018-08-16,,26.96,18.59,27.5,20.0,1.41,In Progress,"Audit Certificate Pending, Eligible MPR not Received, Utilisation Certificate Pending.",1
LS16_0538,16th Lok Sabha (2014-2019),Lok Sabha,16,Shri Abhijit Mukherjee,West Bengal,Murshidabad,Jangipur,Infrastructure & Public Amenities,"MPLADS Works Allocation for Jangipur, Murshidabad (Shri Abhijit Mukherjee)",2018-07-26,,12.75,12.04,25.0,12.5,0.46,In Progress,"Audit Certificate Pending, Eligible MPR not Received, Utilisation Certificate Pending.",1
LS16_0539,16th Lok Sabha (2014-2019),Lok Sabha,16,Shri Babul Supriya (Babul Supriyo) Baral,West Bengal,Burdwan,Asansol,Infrastructure & Public Amenities,"MPLADS Works Allocation for Asansol, Burdwan (Shri Babul Supriya (Babul Supriyo) Baral)",2022-02-24,,26.01,16.33,25.0,20.0,3.67,In Progress,"Eligible MPR not Received, Provisional Utilisation Certificate Pending.",1
LS16_0540,16th Lok Sabha (2014-2019),Lok Sabha,16,Shri Bijoy Chandra Barman,West Bengal,Jalpaiguri,Jalpaiguri(Sc),Infrastructure & Public Amenities,"MPLADS Works Allocation for Jalpaiguri(Sc), Jalpaiguri (Shri Bijoy Chandra Barman)",2019-01-29,,19.19,18.62,25.0,20.0,1.38,In Progress,"Eligible MPR not Received, Provisional Utilisation Certificate Pending.",1
LS16_0541,16th Lok Sabha (2014-2019),Lok Sabha,16,Shri Choudhury Mohan Jatua,West Bengal,South Twenty Four Parganas,Mathurapur(Sc),Infrastructure & Public Amenities,"MPLADS Works Allocation for Mathurapur(Sc), South Twenty Four Parganas (Shri Choudhury Mohan Jatua)",2020-03-30,,24.89,23.08,25.0,25.0,1.92,In Progress,,0
LS16_0542,16th Lok Sabha (2014-2019),Lok Sabha,16,Shri Dasrath Tirkey,West Bengal,Alipurduar,Alipurduars(St),Infrastructure & Public Amenities,"MPLADS Works Allocation for Alipurduars(St), Alipurduar (Shri Dasrath Tirkey)",2019-12-31,,24.7,23.77,25.0,25.0,1.23,In Progress,,0
LS16_0543,16th Lok Sabha (2014-2019),Lok Sabha,16,Shri Deepak (Dev) Adhikari,West Bengal,Paschimi Medinipur,Ghatal,Infrastructure & Public Amenities,"MPLADS Works Allocation for Ghatal, Paschimi Medinipur (Shri Deepak (Dev) Adhikari)",2019-06-27,,25.3,19.78,25.0,20.0,0.22,In Progress,"Eligible MPR not Received, Provisional Utilisation Certificate Pending.",1
LS16_0544,16th Lok Sabha (2014-2019),Lok Sabha,16,Shri Dinesh Trivedi,West Bengal,North Twenty Four Parganas,Barrackpur,Infrastructure & Public Amenities,"MPLADS Works Allocation for Barrackpur, North Twenty Four Parganas (Shri Dinesh Trivedi)",2018-09-17,,25.23,24.8,25.0,25.0,0.2,In Progress,,0
LS16_0545,16th Lok Sabha (2014-2019),Lok Sabha,16,Shri Dibyendu Adhikari,West Bengal,Purba Medinipur,Tamluk,Infrastructure & Public Amenities,"MPLADS Works Allocation for Tamluk, Purba Medinipur (Shri Dibyendu Adhikari)",2014-06-01,2019-05-31,12.5,12.5,12.5,12.5,0.0,Completed,,0
LS16_0546,16th Lok Sabha (2014-2019),Lok Sabha,16,Shri Idris Ali,West Bengal,North Twenty Four Parganas,Basirhat,Infrastructure & Public Amenities,"MPLADS Works Allocation for Basirhat, North Twenty Four Parganas (Shri Idris Ali)",2018-09-17,,25.06,24.84,25.0,25.0,0.16,In Progress,,0
LS16_0547,16th Lok Sabha (2014-2019),Lok Sabha,16,Shri Kalyan Banerjee,West Bengal,Hooghly,Sreerampur,Infrastructure & Public Amenities,"MPLADS Works Allocation for Sreerampur, Hooghly (Shri Kalyan Banerjee)",2014-06-01,2019-05-31,25.0,25.0,25.0,25.0,0.0,Completed,,0
LS16_0548,16th Lok Sabha (2014-2019),Lok Sabha,16,Shri Khan Saumitra,West Bengal,Bankura,Bishnupur(Sc),Infrastructure & Public Amenities,"MPLADS Works Allocation for Bishnupur(Sc), Bankura (Shri Khan Saumitra)",2014-06-01,,17.46,16.48,25.0,17.5,1.02,In Progress,,0
LS16_0549,16th Lok Sabha (2014-2019),Lok Sabha,16,Shri Mohammad Salim,West Bengal,North Dinajpur,Raiganj,Infrastructure & Public Amenities,"MPLADS Works Allocation for Raiganj, North Dinajpur (Shri Mohammad Salim)",2014-06-01,,20.83,19.64,25.0,20.0,0.36,In Progress,,0
LS16_0550,16th Lok Sabha (2014-2019),Lok Sabha,16,Shri Md. Badaruddoza Khan,West Bengal,Murshidabad,Murshidabad,Infrastructure & Public Amenities,"MPLADS Works Allocation for Murshidabad, Murshidabad (Shri Md. Badaruddoza Khan)",2018-08-16,,12.57,11.28,25.0,12.5,1.22,In Progress,,0
LS16_0551,16th Lok Sabha (2014-2019),Lok Sabha,16,Shri Partha Pratim Ray,West Bengal,Cooch Behar,Coochbehar(Sc),Infrastructure & Public Amenities,"MPLADS Works Allocation for Coochbehar(Sc), Cooch Behar (Shri Partha Pratim Ray)",2014-06-01,,9.85,9.59,15.0,10.0,0.41,In Progress,,0
LS16_0552,16th Lok Sabha (2014-2019),Lok Sabha,16,Shri Prasun Banerjee,West Bengal,Howrah,Howrah,Infrastructure & Public Amenities,"MPLADS Works Allocation for Howrah, Howrah (Shri Prasun Banerjee)",2014-06-01,,24.7,24.41,25.0,25.0,0.59,In Progress,,0
LS16_0553,16th Lok Sabha (2014-2019),Lok Sabha,16,Shri Sultan Ahmed,West Bengal,Howrah,Uluberia,Infrastructure & Public Amenities,"MPLADS Works Allocation for Uluberia, Howrah (Shri Sultan Ahmed)",2014-06-01,2019-05-31,16.64,17.5,17.5,17.5,0.0,Completed,,0
LS16_0554,16th Lok Sabha (2014-2019),Lok Sabha,16,Shri Sunil Kumar Mondal,West Bengal,Burdwan,Bardhaman Purba(Sc),Infrastructure & Public Amenities,"MPLADS Works Allocation for Bardhaman Purba(Sc), Burdwan (Shri Sunil Kumar Mondal)",2022-02-17,,24.79,22.73,25.0,25.0,2.27,In Progress,,0
LS16_0555,16th Lok Sabha (2014-2019),Lok Sabha,16,Shri Suvendu Adhikari,West Bengal,Purba Medinipur,Tamluk,Infrastructure & Public Amenities,"MPLADS Works Allocation for Tamluk, Purba Medinipur (Shri Suvendu Adhikari)",2016-07-19,2019-05-31,12.5,12.5,12.5,12.5,0.0,Completed,,0
LS16_0556,16th Lok Sabha (2014-2019),Lok Sabha,16,Shri S.S. Ahluwalia,West Bengal,Darjeeling,Darjeeling,Infrastructure & Public Amenities,"MPLADS Works Allocation for Darjeeling, Darjeeling (Shri S.S. Ahluwalia)",2018-12-26,,7.79,6.54,25.0,10.0,3.46,In Progress,"Eligible MPR not Received, Provisional Utilisation Certificate Pending.",1
LS16_0557,16th Lok Sabha (2014-2019),Lok Sabha,16,Shri Sisir Kumar Adhikari,West Bengal,Purba Medinipur,Kanthi,Infrastructure & Public Amenities,"MPLADS Works Allocation for Kanthi, Purba Medinipur (Shri Sisir Kumar Adhikari)",2014-06-01,2019-05-31,25.0,25.0,25.0,25.0,0.0,Completed,,0
LS16_0558,16th Lok Sabha (2014-2019),Lok Sabha,16,Smt. Aparupa Poddar,West Bengal,Hooghly,Arambag(Sc),Infrastructure & Public Amenities,"MPLADS Works Allocation for Arambag(Sc), Hooghly (Smt. Aparupa Poddar)",2018-10-17,2019-05-31,25.29,25.0,25.0,25.0,0.0,Completed,,0
LS16_0559,16th Lok Sabha (2014-2019),Lok Sabha,16,Shri Subrata Bakshi,West Bengal,Kolkata,Kolkata Dakshin,Infrastructure & Public Amenities,"MPLADS Works Allocation for Kolkata Dakshin, Kolkata (Shri Subrata Bakshi)",2020-03-30,,25.12,22.31,25.0,25.0,2.69,In Progress,,0
LS16_0560,16th Lok Sabha (2014-2019),Lok Sabha,16,Smt Sajda Ahmed,West Bengal,Howrah,Uluberia,Infrastructure & Public Amenities,"MPLADS Works Allocation for Uluberia, Howrah (Smt Sajda Ahmed)",2014-06-01,,7.18,7.14,7.5,7.5,0.36,In Progress,,0
LS16_0561,16th Lok Sabha (2014-2019),Lok Sabha,16,Shri Sudip Bandyopadhyay,West Bengal,Kolkata,Kolkata Uttar,Infrastructure & Public Amenities,"MPLADS Works Allocation for Kolkata Uttar, Kolkata (Shri Sudip Bandyopadhyay)",2020-03-30,,24.65,22.27,25.0,25.0,2.73,In Progress,,0
LS16_0562,16th Lok Sabha (2014-2019),Lok Sabha,16,Smt. Dev (Moon Moon Sen) Varma,West Bengal,Bankura,Bankura,Infrastructure & Public Amenities,"MPLADS Works Allocation for Bankura, Bankura (Smt. Dev (Moon Moon Sen) Varma)",2019-06-18,,26.13,24.17,25.0,25.0,0.83,In Progress,,0
LS16_0563,16th Lok Sabha (2014-2019),Lok Sabha,16,Smt. Mausam Noor,West Bengal,Malda,Maldaha Uttar,Infrastructure & Public Amenities,"MPLADS Works Allocation for Maldaha Uttar, Malda (Smt. Mausam Noor)",2022-03-21,,26.55,19.36,27.5,20.0,0.64,In Progress,,0
LS16_0564,16th Lok Sabha (2014-2019),Lok Sabha,16,Shri Tapas Paul,West Bengal,Nadia,Krishnanagar,Infrastructure & Public Amenities,"MPLADS Works Allocation for Krishnanagar, Nadia (Shri Tapas Paul)",2019-06-25,,22.32,22.08,25.0,22.5,0.42,In Progress,,0
LS16_0565,16th Lok Sabha (2014-2019),Lok Sabha,16,Smt. Sandhya Roy,West Bengal,Paschimi Medinipur,Medinipur,Infrastructure & Public Amenities,"MPLADS Works Allocation for Medinipur, Paschimi Medinipur (Smt. Sandhya Roy)",2018-12-14,,26.47,24.68,25.0,25.0,0.32,In Progress,,0
LS16_0566,16th Lok Sabha (2014-2019),Lok Sabha,16,Smt. Pratima Mondal,West Bengal,South Twenty Four Parganas,Joynagar(Sc),Infrastructure & Public Amenities,"MPLADS Works Allocation for Joynagar(Sc), South Twenty Four Parganas (Smt. Pratima Mondal)",2019-12-20,,24.6,22.85,25.0,25.0,2.15,In Progress,,0
LS16_0567,16th Lok Sabha (2014-2019),Lok Sabha,16,Smt. Renuka Sinha,West Bengal,Cooch Behar,Coochbehar(Sc),Infrastructure & Public Amenities,"MPLADS Works Allocation for Coochbehar(Sc), Cooch Behar (Smt. Renuka Sinha)",2016-07-22,,9.63,9.58,10.0,10.0,0.42,In Progress,,0
LS16_0568,16th Lok Sabha (2014-2019),Lok Sabha,16,Smt. Satabdi Roy (Banerjee),West Bengal,Birbhum,Birbhum,Infrastructure & Public Amenities,"MPLADS Works Allocation for Birbhum, Birbhum (Smt. Satabdi Roy (Banerjee))",2014-06-01,,24.95,24.75,25.0,25.0,0.25,In Progress,,0
LS16_0569,16th Lok Sabha (2014-2019),Lok Sabha,16,Smt Mamata Thakur,West Bengal,North Twenty Four Parganas,Bangaon(Sc),Infrastructure & Public Amenities,"MPLADS Works Allocation for Bangaon(Sc), North Twenty Four Parganas (Smt Mamata Thakur)",2018-09-27,,22.61,22.01,22.5,22.5,0.49,In Progress,,0
LS15_0001,15th Lok Sabha (2009-2014),Lok Sabha,15,Shri Bishnu Pada Ray,A & N Islands,Andamans,Andaman & Nicobar Islands,Rural & Urban Development,"MPLADS Allocation for Andaman & Nicobar Islands, Andamans (Shri Bishnu Pada Ray)",2014-02-14,,17.76,19.23,20.0,20.0,0.77,In Progress,,0
LS15_0002,15th Lok Sabha (2009-2014),Lok Sabha,15,Shri Asaduddin Owaisi,Andhra Pradesh,Hyderabad,Hyderabad,Rural & Urban Development,"MPLADS Allocation for Hyderabad, Hyderabad (Shri Asaduddin Owaisi)",2014-12-17,2014-05-31,17.17,19.0,19.0,19.0,0.0,Completed,,0
LS15_0003,15th Lok Sabha (2009-2014),Lok Sabha,15,Shri Bapiraju Kanumuri,Andhra Pradesh,West Godavari,Narasapuram,Rural & Urban Development,"MPLADS Allocation for Narasapuram, West Godavari (Shri Bapiraju Kanumuri)",2009-06-01,2014-05-31,17.74,19.0,21.5,19.0,0.0,Completed,,0
LS15_0004,15th Lok Sabha (2009-2014),Lok Sabha,15,Shri Aruna Kumar Vundavalli,Andhra Pradesh,East Godavari,Rajahmundry,Rural & Urban Development,"MPLADS Allocation for Rajahmundry, East Godavari (Shri Aruna Kumar Vundavalli)",2009-06-01,2014-05-31,14.91,19.0,19.0,19.0,0.0,Completed,,0
LS15_0005,15th Lok Sabha (2009-2014),Lok Sabha,15,Panabaka Lakshmi,Andhra Pradesh,Prakasam,Bapatla,Rural & Urban Development,"MPLADS Allocation for Bapatla, Prakasam (Panabaka Lakshmi)",2009-06-01,2014-05-31,17.22,19.0,19.0,19.0,0.0,Completed,,0
LS15_0006,15th Lok Sabha (2009-2014),Lok Sabha,15,Dr. Chinta Mohan,Andhra Pradesh,Chittoor,Tirupati(Sc),Rural & Urban Development,"MPLADS Allocation for Tirupati(Sc), Chittoor (Dr. Chinta Mohan)",2009-06-01,2014-05-31,19.0,19.0,21.5,19.0,0.0,Completed,,0
LS15_0007,15th Lok Sabha (2009-2014),Lok Sabha,15,Dr. Jhansi Lakshmi Botcha,Andhra Pradesh,Vizianagaram,Vizianagaram,Rural & Urban Development,"MPLADS Allocation for Vizianagaram, Vizianagaram (Dr. Jhansi Lakshmi Botcha)",2009-06-01,2014-05-31,18.97,19.0,19.0,19.0,0.0,Completed,,0
LS15_0008,15th Lok Sabha (2009-2014),Lok Sabha,15,Dr. Gaddam Vivekanand,Andhra Pradesh,Karimnagar,Peddapalle(Sc),Rural & Urban Development,"MPLADS Allocation for Peddapalle(Sc), Karimnagar (Dr. Gaddam Vivekanand)",2015-04-22,2014-05-31,18.3,19.0,21.5,19.0,0.0,Completed,,0
LS15_0009,15th Lok Sabha (2009-2014),Lok Sabha,15,Dr. Kruparani Killi,Andhra Pradesh,Srikakulam,Srikakulam,Rural & Urban Development,"MPLADS Allocation for Srikakulam, Srikakulam (Dr. Kruparani Killi)",2009-06-01,2014-05-31,18.7,19.0,21.5,19.0,0.0,Completed,,0
LS15_0010,15th Lok Sabha (2009-2014),Lok Sabha,15,Dr. Manda Jagannath,Andhra Pradesh,Mahbubnagar,Nagarkurnool(Sc),Rural & Urban Development,"MPLADS Allocation for Nagarkurnool(Sc), Mahbubnagar (Dr. Manda Jagannath)",2014-01-16,2014-05-31,17.96,19.0,21.5,19.0,0.0,Completed,,0
LS15_0011,15th Lok Sabha (2009-2014),Lok Sabha,15,Shri Anantha Venkata Rami Reddy,Andhra Pradesh,Anantapur,Anantapur,Rural & Urban Development,"MPLADS Allocation for Anantapur, Anantapur (Shri Anantha Venkata Rami Reddy)",2013-12-30,2014-05-31,18.67,19.0,19.0,19.0,0.0,Completed,,0
LS15_0012,15th Lok Sabha (2009-2014),Lok Sabha,15,Dr. M. Mangapatti Pallam Raju,Andhra Pradesh,East Godavari,Kakinada,Rural & Urban Development,"MPLADS Allocation for Kakinada, East Godavari (Dr. M. Mangapatti Pallam Raju)",2016-07-13,2014-05-31,15.68,19.0,21.5,19.0,0.0,Completed,,0
LS15_0013,15th Lok Sabha (2009-2014),Lok Sabha,15,Shri Annayyagari Sai Prathap,Andhra Pradesh,Cuddapah,Rajampet,Rural & Urban Development,"MPLADS Allocation for Rajampet, Cuddapah (Shri Annayyagari Sai Prathap)",2009-06-01,2014-05-31,18.65,19.0,19.0,19.0,0.0,Completed,,0
LS15_0014,15th Lok Sabha (2009-2014),Lok Sabha,15,Shri G.V . Harsha Kumar,Andhra Pradesh,East Godavari,Amalapuram(Sc),Rural & Urban Development,"MPLADS Allocation for Amalapuram(Sc), East Godavari (Shri G.V . Harsha Kumar)",2015-07-24,2014-05-31,16.12,19.0,21.5,19.0,0.0,Completed,,0
LS15_0015,15th Lok Sabha (2009-2014),Lok Sabha,15,Shri Jaipal Sudini Reddy,Andhra Pradesh,Rangareddy,Chelvella,Rural & Urban Development,"MPLADS Allocation for Chelvella, Rangareddy (Shri Jaipal Sudini Reddy)",2015-05-18,2014-05-31,17.3,19.0,21.5,19.0,0.0,Completed,,0
LS15_0016,15th Lok Sabha (2009-2014),Lok Sabha,15,Shri K. K. Chandrasekhar Rao,Andhra Pradesh,Mahbubnagar,Mahabubnagar,Rural & Urban Development,"MPLADS Allocation for Mahabubnagar, Mahbubnagar (Shri K. K. Chandrasekhar Rao)",2009-06-01,2014-05-31,17.99,19.0,21.5,19.0,0.0,Completed,,0
LS15_0017,15th Lok Sabha (2009-2014),Lok Sabha,15,Shri Komatireddy Raj Gopal Reddy,Andhra Pradesh,Nalgonda,Bhongir,Rural & Urban Development,"MPLADS Allocation for Bhongir, Nalgonda (Shri Komatireddy Raj Gopal Reddy)",2009-06-01,2014-05-31,18.14,19.0,21.5,19.0,0.0,Completed,,0
LS15_0018,15th Lok Sabha (2009-2014),Lok Sabha,15,Shri Kotla Jaya Surya Prakash Reddy,Andhra Pradesh,Kurnool,Kurnool,Rural & Urban Development,"MPLADS Allocation for Kurnool, Kurnool (Shri Kotla Jaya Surya Prakash Reddy)",2009-06-01,2014-05-31,18.46,19.0,21.5,19.0,0.0,Completed,"Bank Statement Awaited, Eligible MPR not Received, Provisional Utilisation Certificate Pending.",1
LS15_0019,15th Lok Sabha (2009-2014),Lok Sabha,15,Shri Kavuri Sambasiva Rao,Andhra Pradesh,West Godavari,Eluru,Rural & Urban Development,"MPLADS Allocation for Eluru, West Godavari (Shri Kavuri Sambasiva Rao)",2009-06-01,2014-05-31,13.61,16.5,19.0,16.5,0.0,Completed,"Bank Statement Awaited, Eligible MPR not Received, Provisional Utilisation Certificate Pending.",1
LS15_0020,15th Lok Sabha (2009-2014),Lok Sabha,15,Shri Kristappa Nimmala,Andhra Pradesh,Anantapur,Hindupur,Rural & Urban Development,"MPLADS Allocation for Hindupur, Anantapur (Shri Kristappa Nimmala)",2013-12-30,2014-05-31,19.21,19.0,19.0,19.0,0.0,Completed,,0
LS15_0021,15th Lok Sabha (2009-2014),Lok Sabha,15,Shri Konakalla Narayana Rao,Andhra Pradesh,Krishna,Machilipatnam,Rural & Urban Development,"MPLADS Allocation for Machilipatnam, Krishna (Shri Konakalla Narayana Rao)",2014-08-20,2014-05-31,16.24,16.5,21.5,16.5,0.0,Completed,,0
LS15_0022,15th Lok Sabha (2009-2014),Lok Sabha,15,Shri M. Anjan Kumar Yadav,Andhra Pradesh,Hyderabad,Secunderabad,Rural & Urban Development,"MPLADS Allocation for Secunderabad, Hyderabad (Shri M. Anjan Kumar Yadav)",2014-01-24,2014-05-31,17.98,19.0,21.5,19.0,0.0,Completed,,0
LS15_0023,15th Lok Sabha (2009-2014),Lok Sabha,15,Shri Madhu Goud Yaskhi,Andhra Pradesh,Nizamabad,Nizamabad,Rural & Urban Development,"MPLADS Allocation for Nizamabad, Nizamabad (Shri Madhu Goud Yaskhi)",2016-10-19,2014-05-31,17.4,19.0,21.5,19.0,0.0,Completed,,0
LS15_0024,15th Lok Sabha (2009-2014),Lok Sabha,15,Shri Mekapati Rajamohan Reddy,Andhra Pradesh,Nellore,Nellore(Sc),Rural & Urban Development,"MPLADS Allocation for Nellore(Sc), Nellore (Shri Mekapati Rajamohan Reddy)",2009-06-01,2014-05-31,17.97,19.0,21.5,19.0,0.0,Completed,"Bank Statement Awaited, Eligible MPR not Received, Provisional Utilisation Certificate Pending.",1
LS15_0025,15th Lok Sabha (2009-2014),Lok Sabha,15,Shri Modugula Venugopala Reddy,Andhra Pradesh,Guntur,Narasaraopet,Rural & Urban Development,"MPLADS Allocation for Narasaraopet, Guntur (Shri Modugula Venugopala Reddy)",2014-07-16,2014-05-31,19.0,19.0,21.5,19.0,0.0,Completed,,0
LS15_0026,15th Lok Sabha (2009-2014),Lok Sabha,15,Shri Porika Naik Balram,Andhra Pradesh,Warangal,Mahabubabad(St),Rural & Urban Development,"MPLADS Allocation for Mahabubabad(St), Warangal (Shri Porika Naik Balram)",2014-11-26,2014-05-31,19.06,19.0,19.0,19.0,0.0,Completed,,0
LS15_0027,15th Lok Sabha (2009-2014),Lok Sabha,15,Shri Rajagopal Lagadapati,Andhra Pradesh,Krishna,Vijayawada,Rural & Urban Development,"MPLADS Allocation for Vijayawada, Krishna (Shri Rajagopal Lagadapati)",2015-02-25,,17.48,15.04,16.5,16.5,1.46,In Progress,,0
LS15_0028,15th Lok Sabha (2009-2014),Lok Sabha,15,Shri Naramalli Sivaprasad,Andhra Pradesh,Chittoor,Chittoor,Rural & Urban Development,"MPLADS Allocation for Chittoor, Chittoor (Shri Naramalli Sivaprasad)",2014-02-28,2014-05-31,19.0,19.0,19.0,19.0,0.0,Completed,,0
LS15_0029,15th Lok Sabha (2009-2014),Lok Sabha,15,Shri Magunta Srinivasulu Reddy,Andhra Pradesh,Prakasam,Ongole,Rural & Urban Development,"MPLADS Allocation for Ongole, Prakasam (Shri Magunta Srinivasulu Reddy)",2015-01-15,2014-05-31,17.99,19.0,21.5,19.0,0.0,Completed,,0
LS15_0030,15th Lok Sabha (2009-2014),Lok Sabha,15,Shri Sukender Reddy Gutha,Andhra Pradesh,Nalgonda,Nalgonda,Rural & Urban Development,"MPLADS Allocation for Nalgonda, Nalgonda (Shri Sukender Reddy Gutha)",2009-06-01,2014-05-31,17.97,19.0,21.5,19.0,0.0,Completed,,0
LS15_0031,15th Lok Sabha (2009-2014),Lok Sabha,15,Shri Ponnam Prabhakar,Andhra Pradesh,Karimnagar,Karimnagar,Rural & Urban Development,"MPLADS Allocation for Karimnagar, Karimnagar (Shri Ponnam Prabhakar)",2015-09-18,2014-05-31,18.1,19.0,21.5,19.0,0.0,Completed,,0
LS15_0032,15th Lok Sabha (2009-2014),Lok Sabha,15,Shri Rathod Ramesh,Andhra Pradesh,Adilabad,Adilabad (St),Rural & Urban Development,"MPLADS Allocation for Adilabad (St), Adilabad (Shri Rathod Ramesh)",2015-04-15,2014-05-31,17.95,19.0,21.5,19.0,0.0,Completed,,0
LS15_0033,15th Lok Sabha (2009-2014),Lok Sabha,15,Shri Rayapati Sambasiva Rao,Andhra Pradesh,Guntur,Guntur,Rural & Urban Development,"MPLADS Allocation for Guntur, Guntur (Shri Rayapati Sambasiva Rao)",2014-07-24,2014-05-31,19.19,19.0,21.5,19.0,0.0,Completed,,0
LS15_0034,15th Lok Sabha (2009-2014),Lok Sabha,15,Shri Rajaiah Siricilla,Andhra Pradesh,Warangal,Warangal(Sc),Rural & Urban Development,"MPLADS Allocation for Warangal(Sc), Warangal (Shri Rajaiah Siricilla)",2015-08-18,2014-05-31,18.63,19.0,21.5,19.0,0.0,Completed,,0
LS15_0035,15th Lok Sabha (2009-2014),Lok Sabha,15,Shri V. Kishore Chandra Deo,Andhra Pradesh,Vizianagaram,Araku(St),Rural & Urban Development,"MPLADS Allocation for Araku(St), Vizianagaram (Shri V. Kishore Chandra Deo)",2009-06-01,2014-05-31,18.74,19.0,19.0,19.0,0.0,Completed,"Bank Statement Awaited, Eligible MPR not Received, Provisional Utilisation Certificate Pending.",1
LS15_0036,15th Lok Sabha (2009-2014),Lok Sabha,15,Shri. Nama Nageswara Rao,Andhra Pradesh,Khammam,Khammam,Rural & Urban Development,"MPLADS Allocation for Khammam, Khammam (Shri. Nama Nageswara Rao)",2014-12-26,2014-05-31,16.41,19.0,19.0,19.0,0.0,Completed,,0
LS15_0037,15th Lok Sabha (2009-2014),Lok Sabha,15,Shri S.P.Y. Reddy,Andhra Pradesh,Kurnool,Nandyal,Rural & Urban Development,"MPLADS Allocation for Nandyal, Kurnool (Shri S.P.Y. Reddy)",2014-07-28,2014-05-31,17.06,19.0,21.5,19.0,0.0,Completed,,0
LS15_0038,15th Lok Sabha (2009-2014),Lok Sabha,15,Shri Y.S. Jagan Mohan Reddy,Andhra Pradesh,Cuddapah,Kadapa,Rural & Urban Development,"MPLADS Allocation for Kadapa, Cuddapah (Shri Y.S. Jagan Mohan Reddy)",2009-06-01,2014-05-31,18.32,19.0,19.0,19.0,0.0,Completed,,0
LS15_0039,15th Lok Sabha (2009-2014),Lok Sabha,15,Shri Sabbam Hari,Andhra Pradesh,Visakhapatnam,Anakapalle,Rural & Urban Development,"MPLADS Allocation for Anakapalle, Visakhapatnam (Shri Sabbam Hari)",2014-07-28,2014-05-31,16.01,19.0,21.5,19.0,0.0,Completed,,0
LS15_0040,15th Lok Sabha (2009-2014),Lok Sabha,15,Shri Suresh Kumar Shetkar,Andhra Pradesh,Medak,Zahirabad,Rural & Urban Development,"MPLADS Allocation for Zahirabad, Medak (Shri Suresh Kumar Shetkar)",2014-07-16,2014-05-31,17.68,19.0,21.5,19.0,0.0,Completed,,0
LS15_0041,15th Lok Sabha (2009-2014),Lok Sabha,15,Smt. Daggubati Purandeswari,Andhra Pradesh,Visakhapatnam,Visakhapatnam,Rural & Urban Development,"MPLADS Allocation for Visakhapatnam, Visakhapatnam (Smt. Daggubati Purandeswari)",2009-06-01,,18.63,17.98,19.0,19.0,1.02,In Progress,,0
LS15_0042,15th Lok Sabha (2009-2014),Lok Sabha,15,Shri. Sarvey Sathyanarayana,Andhra Pradesh,Rangareddy,Malkajgiri,Rural & Urban Development,"MPLADS Allocation for Malkajgiri, Rangareddy (Shri. Sarvey Sathyanarayana)",2015-05-18,2014-05-31,17.81,19.0,21.5,19.0,0.0,Completed,,0
LS15_0043,15th Lok Sabha (2009-2014),Lok Sabha,15,Smt. M. Vijaya Shanthi,Andhra Pradesh,Medak,Medak,Rural & Urban Development,"MPLADS Allocation for Medak, Medak (Smt. M. Vijaya Shanthi)",2014-07-16,2014-05-31,17.81,19.0,21.5,19.0,0.0,Completed,,0
LS15_0044,15th Lok Sabha (2009-2014),Lok Sabha,15,Shri Ninong Ering,Arunachal Pradesh,Lohit,Arunachal East,Rural & Urban Development,"MPLADS Allocation for Arunachal East, Lohit (Shri Ninong Ering)",2014-02-14,2014-05-31,19.0,19.0,19.0,19.0,0.0,Completed,,0
LS15_0045,15th Lok Sabha (2009-2014),Lok Sabha,15,Shri Takam Sanjoy,Arunachal Pradesh,West Siang,Arunachal West,Rural & Urban Development,"MPLADS Allocation for Arunachal West, West Siang (Shri Takam Sanjoy)",2009-06-01,,18.91,18.91,19.0,19.0,0.09,In Progress,,0
LS15_0046,15th Lok Sabha (2009-2014),Lok Sabha,15,Dr Biren Singh Engtig,Assam,Karbi Anglong,Autonomous District(St),Rural & Urban Development,"MPLADS Allocation for Autonomous District(St), Karbi Anglong (Dr Biren Singh Engtig)",2015-05-29,,16.34,15.31,16.5,16.5,1.19,In Progress,,0
LS15_0047,15th Lok Sabha (2009-2014),Lok Sabha,15,Maulana Badruddin Ajmal,Assam,Dhubri,Dhubri,Rural & Urban Development,"MPLADS Allocation for Dhubri, Dhubri (Maulana Badruddin Ajmal)",2014-10-21,,18.82,16.99,19.0,19.0,2.01,In Progress,,0
LS15_0048,15th Lok Sabha (2009-2014),Lok Sabha,15,Shri Bijoy Krishna Handique,Assam,Jorhat,Jorhat,Rural & Urban Development,"MPLADS Allocation for Jorhat, Jorhat (Shri Bijoy Krishna Handique)",2014-01-29,,16.92,16.92,21.5,19.0,2.08,In Progress,,0
LS15_0049,15th Lok Sabha (2009-2014),Lok Sabha,15,Shri Dip Gogoi,Assam,Nowgong,Kaliabor,Rural & Urban Development,"MPLADS Allocation for Kaliabor, Nowgong (Shri Dip Gogoi)",2015-03-18,,16.21,14.51,16.5,16.5,1.99,In Progress,,0
LS15_0050,15th Lok Sabha (2009-2014),Lok Sabha,15,Shri Ismail Hussain,Assam,Barpeta,Barpeta,Rural & Urban Development,"MPLADS Allocation for Barpeta, Barpeta (Shri Ismail Hussain)",2015-05-18,,18.97,18.61,21.5,19.0,0.39,In Progress,,0
LS15_0051,15th Lok Sabha (2009-2014),Lok Sabha,15,Shri Joseph Toppo,Assam,Sonitpur,Tezpur,Rural & Urban Development,"MPLADS Allocation for Tezpur, Sonitpur (Shri Joseph Toppo)",2009-06-01,,16.47,15.17,21.5,19.0,3.83,In Progress,"Audit Certificate Pending, Bank Statement Awaited, Eligible MPR not Received, Utilisation Certificate Pending.",1
LS15_0052,15th Lok Sabha (2009-2014),Lok Sabha,15,Shri Lalit Mohan Suklabaidya,Assam,Karim Ganj,Karimganj (Sc),Rural & Urban Development,"MPLADS Allocation for Karimganj (Sc), Karim Ganj (Shri Lalit Mohan Suklabaidya)",2009-06-01,2014-05-31,18.95,19.0,19.0,19.0,0.0,Completed,,0
LS15_0053,15th Lok Sabha (2009-2014),Lok Sabha,15,Shri Paban Singh Ghatowar,Assam,Dibrugarh,Dibrugarh,Rural & Urban Development,"MPLADS Allocation for Dibrugarh, Dibrugarh (Shri Paban Singh Ghatowar)",2014-02-13,,18.55,17.71,19.0,19.0,1.29,In Progress,,0
LS15_0054,15th Lok Sabha (2009-2014),Lok Sabha,15,Shri Kabindra Purkayastha,Assam,Cachar,Silchar,Rural & Urban Development,"MPLADS Allocation for Silchar, Cachar (Shri Kabindra Purkayastha)",2009-06-01,,19.0,18.79,21.5,19.0,0.21,In Progress,,0
LS15_0055,15th Lok Sabha (2009-2014),Lok Sabha,15,Shri Rajen Gohain,Assam,Nowgong,Nowgong,Rural & Urban Development,"MPLADS Allocation for Nowgong, Nowgong (Shri Rajen Gohain)",2009-06-01,,15.55,14.63,19.0,19.0,4.37,In Progress,,0
LS15_0056,15th Lok Sabha (2009-2014),Lok Sabha,15,Shri Sansuma Khunggur Bwismuthiary,Assam,Kokrajhar,Kokrajhar (St),Rural & Urban Development,"MPLADS Allocation for Kokrajhar (St), Kokrajhar (Shri Sansuma Khunggur Bwismuthiary)",2015-08-20,,19.0,18.75,19.0,19.0,0.25,In Progress,,0
LS15_0057,15th Lok Sabha (2009-2014),Lok Sabha,15,Shri Ramen Deka,Assam,Darrang,Mangaldoi,Rural & Urban Development,"MPLADS Allocation for Mangaldoi, Darrang (Shri Ramen Deka)",2009-06-01,,18.65,18.07,21.5,19.0,0.93,In Progress,"Bank Statement Awaited, Eligible MPR not Received, Provisional Utilisation Certificate Pending.",1
LS15_0058,15th Lok Sabha (2009-2014),Lok Sabha,15,Smt. Ranee Narah,Assam,Lakhimpur,Lakhimpur,Rural & Urban Development,"MPLADS Allocation for Lakhimpur, Lakhimpur (Smt. Ranee Narah)",2009-06-01,,18.93,18.91,19.0,19.0,0.09,In Progress,,0
LS15_0059,15th Lok Sabha (2009-2014),Lok Sabha,15,Smt. Bijoya Chakravarty,Assam,Kamrup Metropolitan,Guwahati,Rural & Urban Development,"MPLADS Allocation for Guwahati, Kamrup Metropolitan (Smt. Bijoya Chakravarty)",2009-06-01,,16.44,14.33,21.5,19.0,4.67,In Progress,,0
LS15_0060,15th Lok Sabha (2009-2014),Lok Sabha,15,Dr. Sanjay Jaiswal,Bihar,Bettiah (W.Champaran),Paschim Champaran,Rural & Urban Development,"MPLADS Allocation for Paschim Champaran, Bettiah (W.Champaran) (Dr. Sanjay Jaiswal)",2014-02-28,2014-05-31,20.0,19.48,19.48,19.48,0.0,Completed,,0
LS15_0061,15th Lok Sabha (2009-2014),Lok Sabha,15,Shri Baidyanath Prasad Mahto,Bihar,Bettiah (W.Champaran),Valmiki Nagar,Rural & Urban Development,"MPLADS Allocation for Valmiki Nagar, Bettiah (W.Champaran) (Shri Baidyanath Prasad Mahto)",2014-02-28,2014-05-31,19.85,19.48,19.48,19.48,0.0,Completed,,0
LS15_0062,15th Lok Sabha (2009-2014),Lok Sabha,15,Mr. Uday Singh,Bihar,Purnea,Purnea,Rural & Urban Development,"MPLADS Allocation for Purnea, Purnea (Mr. Uday Singh)",2014-08-26,2014-05-31,18.46,19.48,21.98,19.48,0.0,Completed,,0
LS15_0063,15th Lok Sabha (2009-2014),Lok Sabha,15,Captain Jai Narayan Prasad Nishad,Bihar,Muzaffarpur,Muzaffarpur,Rural & Urban Development,"MPLADS Allocation for Muzaffarpur, Muzaffarpur (Captain Jai Narayan Prasad Nishad)",2016-02-16,2014-05-31,17.58,19.48,21.98,19.48,0.0,Completed,,0
LS15_0064,15th Lok Sabha (2009-2014),Lok Sabha,15,Dr. Raghuvansh Prasad Singh,Bihar,Muzaffarpur,Vaishali,Rural & Urban Development,"MPLADS Allocation for Vaishali, Muzaffarpur (Dr. Raghuvansh Prasad Singh)",2009-06-01,2014-05-31,18.06,19.48,21.98,19.48,0.0,Completed,,0
LS15_0065,15th Lok Sabha (2009-2014),Lok Sabha,15,Shri Bhudeo Choudhary,Bihar,Jamui,Jamui(Sc),Rural & Urban Development,"MPLADS Allocation for Jamui(Sc), Jamui (Shri Bhudeo Choudhary)",2014-12-16,2014-05-31,19.48,19.48,21.98,19.48,0.0,Completed,,0
LS15_0066,15th Lok Sabha (2009-2014),Lok Sabha,15,Dr. Bhola Singh,Bihar,Nawada,Nawada,Rural & Urban Development,"MPLADS Allocation for Nawada, Nawada (Dr. Bhola Singh)",2013-12-16,2014-05-31,15.7,19.48,19.48,19.48,0.0,Completed,,0
LS15_0067,15th Lok Sabha (2009-2014),Lok Sabha,15,Dr. Monazir Hassan,Bihar,Begusarai,Begusarai,Rural & Urban Development,"MPLADS Allocation for Begusarai, Begusarai (Dr. Monazir Hassan)",2009-06-01,2014-05-31,20.33,19.48,21.98,19.48,0.0,Completed,,0
LS15_0068,15th Lok Sabha (2009-2014),Lok Sabha,15,Shri Arjun Roy,Bihar,Sitamarhi,Sitamarhi,Rural & Urban Development,"MPLADS Allocation for Sitamarhi, Sitamarhi (Shri Arjun Roy)",2009-06-01,2014-05-31,15.67,19.48,21.98,19.48,0.0,Completed,,0
LS15_0069,15th Lok Sabha (2009-2014),Lok Sabha,15,Shri Asrarul Haque Mohammad,Bihar,Kishanganj,Kishanganj,Rural & Urban Development,"MPLADS Allocation for Kishanganj, Kishanganj (Shri Asrarul Haque Mohammad)",2015-05-27,2014-05-31,17.4,16.98,21.98,16.98,0.0,Completed,,0
LS15_0070,15th Lok Sabha (2009-2014),Lok Sabha,15,Shri Hari Manjhi,Bihar,Gaya,Gaya (Sc),Rural & Urban Development,"MPLADS Allocation for Gaya (Sc), Gaya (Shri Hari Manjhi)",2015-02-13,2014-05-31,17.23,19.48,21.98,19.48,0.0,Completed,,0
LS15_0071,15th Lok Sabha (2009-2014),Lok Sabha,15,Shri Dinesh Chandra Yadav,Bihar,Khagaria,Khagaria,Rural & Urban Development,"MPLADS Allocation for Khagaria, Khagaria (Shri Dinesh Chandra Yadav)",2009-06-01,2014-05-31,19.07,19.48,21.98,19.48,0.0,Completed,,0
LS15_0072,15th Lok Sabha (2009-2014),Lok Sabha,15,Shri Jagadanand Singh,Bihar,Buxar,Buxar,Rural & Urban Development,"MPLADS Allocation for Buxar, Buxar (Shri Jagadanand Singh)",2014-01-22,2014-05-31,18.02,19.48,21.98,19.48,0.0,Completed,,0
LS15_0073,15th Lok Sabha (2009-2014),Lok Sabha,15,Shri Kirti (Jha) Azad,Bihar,Darbanga,Darbhanga,Rural & Urban Development,"MPLADS Allocation for Darbhanga, Darbanga (Shri Kirti (Jha) Azad)",2015-12-30,2014-05-31,15.29,16.98,19.48,16.98,0.0,Completed,,0
LS15_0074,15th Lok Sabha (2009-2014),Lok Sabha,15,Shri Kaushalendra Kumar,Bihar,Bihar Sharif/Nalanda,Nalanda,Rural & Urban Development,"MPLADS Allocation for Nalanda, Bihar Sharif/Nalanda (Shri Kaushalendra Kumar)",2014-02-14,2014-05-31,16.89,19.48,19.48,19.48,0.0,Completed,,0
LS15_0075,15th Lok Sabha (2009-2014),Lok Sabha,15,Shri Jagdish Sharma,Bihar,Jehanabad,Jahanabad,Rural & Urban Development,"MPLADS Allocation for Jahanabad, Jehanabad (Shri Jagdish Sharma)",2014-06-19,2014-05-31,16.68,16.98,19.48,16.98,0.0,Completed,,0
LS15_0076,15th Lok Sabha (2009-2014),Lok Sabha,15,Shri Hukmdev Narayan Yadav,Bihar,Madhubani,Madhubani,Rural & Urban Development,"MPLADS Allocation for Madhubani, Madhubani (Shri Hukmdev Narayan Yadav)",2014-12-16,2014-05-31,18.58,19.48,21.98,19.48,0.0,Completed,,0
LS15_0077,15th Lok Sabha (2009-2014),Lok Sabha,15,Shri Mangani Lal Mandal,Bihar,Madhubani,Jhanjharpur,Rural & Urban Development,"MPLADS Allocation for Jhanjharpur, Madhubani (Shri Mangani Lal Mandal)",2009-06-01,2014-05-31,19.46,19.48,21.98,19.48,0.0,Completed,,0
LS15_0078,15th Lok Sabha (2009-2014),Lok Sabha,15,Shri Om Prakash Yadav,Bihar,Siwan,Siwan,Rural & Urban Development,"MPLADS Allocation for Siwan, Siwan (Shri Om Prakash Yadav)",2015-04-15,2014-05-31,19.49,19.48,19.48,19.48,0.0,Completed,,0
LS15_0079,15th Lok Sabha (2009-2014),Lok Sabha,15,Shri Lalu Prasad,Bihar,Saran,Saran,Rural & Urban Development,"MPLADS Allocation for Saran, Saran (Shri Lalu Prasad)",2013-03-18,,8.85,8.85,11.98,11.97,3.12,In Progress,,0
LS15_0080,15th Lok Sabha (2009-2014),Lok Sabha,15,Shri Maheshwar Hazari,Bihar,Samastipur,Samastipur(Sc),Rural & Urban Development,"MPLADS Allocation for Samastipur(Sc), Samastipur (Shri Maheshwar Hazari)",2009-06-01,2014-05-31,19.29,19.48,19.48,19.48,0.0,Completed,,0
LS15_0081,15th Lok Sabha (2009-2014),Lok Sabha,15,Shri Mahabali Singh,Bihar,Rohtas,Karakat,Rural & Urban Development,"MPLADS Allocation for Karakat, Rohtas (Shri Mahabali Singh)",2009-06-01,2014-05-31,18.62,19.48,19.48,19.48,0.0,Completed,,0
LS15_0082,15th Lok Sabha (2009-2014),Lok Sabha,15,Shri Nikhil Kumar Choudhary,Bihar,Katihar,Katihar,Rural & Urban Development,"MPLADS Allocation for Katihar, Katihar (Shri Nikhil Kumar Choudhary)",2014-08-26,2014-05-31,20.66,19.48,19.48,19.48,0.0,Completed,,0
LS15_0083,15th Lok Sabha (2009-2014),Lok Sabha,15,Shri Pradeep Kumar Singh,Bihar,Araria,Araria,Rural & Urban Development,"MPLADS Allocation for Araria, Araria (Shri Pradeep Kumar Singh)",2009-06-01,2014-05-31,18.39,19.48,19.48,19.48,0.0,Completed,,0
LS15_0084,15th Lok Sabha (2009-2014),Lok Sabha,15,Shri Ram Sundar Das,Bihar,Vaishali,Hajipur(Sc),Rural & Urban Development,"MPLADS Allocation for Hajipur(Sc), Vaishali (Shri Ram Sundar Das)",2014-10-14,2014-05-31,19.38,19.48,21.98,19.48,0.0,Completed,,0
LS15_0085,15th Lok Sabha (2009-2014),Lok Sabha,15,Shri Rajiv Ranjan Singh Lalan Singh,Bihar,Patna,Munger,Rural & Urban Development,"MPLADS Allocation for Munger, Patna (Shri Rajiv Ranjan Singh Lalan Singh)",2015-02-13,2014-05-31,18.76,19.48,21.98,19.48,0.0,Completed,,0
LS15_0086,15th Lok Sabha (2009-2014),Lok Sabha,15,Shri Radha Mohan Singh,Bihar,Mothihari (E.Champaran),Purvi Champaran,Rural & Urban Development,"MPLADS Allocation for Purvi Champaran, Mothihari (E.Champaran) (Shri Radha Mohan Singh)",2009-06-01,2014-05-31,18.11,19.48,19.48,19.48,0.0,Completed,,0
LS15_0087,15th Lok Sabha (2009-2014),Lok Sabha,15,Shri Sharad Yadav,Bihar,Madhepura,Madhepura,Rural & Urban Development,"MPLADS Allocation for Madhepura, Madhepura (Shri Sharad Yadav)",2009-06-01,2014-05-31,15.5,19.48,19.48,19.48,0.0,Completed,,0
LS15_0088,15th Lok Sabha (2009-2014),Lok Sabha,15,Shri Purnmasi Ram,Bihar,Gopalganj,Gopalganj (Sc),Rural & Urban Development,"MPLADS Allocation for Gopalganj (Sc), Gopalganj (Shri Purnmasi Ram)",2014-02-27,2014-05-31,21.4,19.48,19.48,19.48,0.0,Completed,,0
LS15_0089,15th Lok Sabha (2009-2014),Lok Sabha,15,Shri Ranjan Prasad Yadav,Bihar,Patna,Pataliputra,Rural & Urban Development,"MPLADS Allocation for Pataliputra, Patna (Shri Ranjan Prasad Yadav)",2009-06-01,2014-05-31,19.33,19.48,19.48,19.48,0.0,Completed,,0
LS15_0090,15th Lok Sabha (2009-2014),Lok Sabha,15,Shri Uma Shanker Singh,Bihar,Siwan,Maharajganj,Rural & Urban Development,"MPLADS Allocation for Maharajganj, Siwan (Shri Uma Shanker Singh)",2009-06-01,2014-05-31,8.71,11.97,6.98,11.97,0.0,Completed,,0
LS15_0091,15th Lok Sabha (2009-2014),Lok Sabha,15,Shri Syed Shahnawaz Hussain,Bihar,Bhagalpur,Bhagalpur,Rural & Urban Development,"MPLADS Allocation for Bhagalpur, Bhagalpur (Shri Syed Shahnawaz Hussain)",2015-02-13,2014-05-31,18.12,19.48,21.98,19.48,0.0,Completed,,0
LS15_0092,15th Lok Sabha (2009-2014),Lok Sabha,15,Shri Shatrughan Prasad Sinha,Bihar,Patna,Patna Sahib,Rural & Urban Development,"MPLADS Allocation for Patna Sahib, Patna (Shri Shatrughan Prasad Sinha)",2009-06-01,2014-05-31,18.11,19.48,19.48,19.48,0.0,Completed,,0
LS15_0093,15th Lok Sabha (2009-2014),Lok Sabha,15,Smt. Rama Devi,Bihar,Sitamarhi,Sheohar,Rural & Urban Development,"MPLADS Allocation for Sheohar, Sitamarhi (Smt. Rama Devi)",2014-02-24,2014-05-31,16.76,19.48,19.48,19.48,0.0,Completed,,0
LS15_0094,15th Lok Sabha (2009-2014),Lok Sabha,15,Smt. Aswamedh Devi,Bihar,Samastipur,Ujjarpur,Rural & Urban Development,"MPLADS Allocation for Ujjarpur, Samastipur (Smt. Aswamedh Devi)",2009-06-01,2014-05-31,19.48,19.48,19.48,19.48,0.0,Completed,,0
LS15_0095,15th Lok Sabha (2009-2014),Lok Sabha,15,Smt. Meena Singh,Bihar,Bhojpur(Arrah),Arrah,Rural & Urban Development,"MPLADS Allocation for Arrah, Bhojpur(Arrah) (Smt. Meena Singh)",2014-06-17,2014-05-31,20.46,19.48,19.48,19.48,0.0,Completed,,0
LS15_0096,15th Lok Sabha (2009-2014),Lok Sabha,15,Smt. Putul Kumari,Bihar,Banka,Banka,Rural & Urban Development,"MPLADS Allocation for Banka, Banka (Smt. Putul Kumari)",2015-02-17,2014-05-31,22.02,19.48,19.48,19.48,0.0,Completed,,0
LS15_0097,15th Lok Sabha (2009-2014),Lok Sabha,15,Smt. Meira Kumar,Bihar,Kaimur (Bhabua),Sasaram(Sc),Rural & Urban Development,"MPLADS Allocation for Sasaram(Sc), Kaimur (Bhabua) (Smt. Meira Kumar)",2014-02-28,2014-05-31,17.3,19.48,19.48,19.48,0.0,Completed,,0
LS15_0098,15th Lok Sabha (2009-2014),Lok Sabha,15,Shri Sushil Kumar Singh,Bihar,Aurangabad,Aurangabad,Rural & Urban Development,"MPLADS Allocation for Aurangabad, Aurangabad (Shri Sushil Kumar Singh)",2015-07-24,,15.45,16.98,21.98,19.48,2.5,In Progress,,0
LS15_0099,15th Lok Sabha (2009-2014),Lok Sabha,15,Shri Vishwa Mohan Kumar,Bihar,Supaul,Supaul,Rural & Urban Development,"MPLADS Allocation for Supaul, Supaul (Shri Vishwa Mohan Kumar)",2009-06-01,2014-05-31,17.12,19.48,19.48,19.48,0.0,Completed,,0
LS15_0100,15th Lok Sabha (2009-2014),Lok Sabha,15,Shri Pawan Kumar Bansal,Chandigarh,Chandigarh,Chandigarh,Rural & Urban Development,"MPLADS Allocation for Chandigarh, Chandigarh (Shri Pawan Kumar Bansal)",2014-11-25,2014-05-31,19.96,20.0,20.0,20.0,0.0,Completed,,0
LS15_0101,15th Lok Sabha (2009-2014),Lok Sabha,15,Dr. Charan Das Mahant,Chhattisgarh,Korba,Korba,Rural & Urban Development,"MPLADS Allocation for Korba, Korba (Dr. Charan Das Mahant)",2014-10-14,2014-05-31,18.33,19.09,21.59,19.09,0.0,Completed,,0
LS15_0102,15th Lok Sabha (2009-2014),Lok Sabha,15,Kum. Saraj Pandey,Chhattisgarh,Durg,Durg,Rural & Urban Development,"MPLADS Allocation for Durg, Durg (Kum. Saraj Pandey)",2014-10-16,2014-05-31,16.91,19.09,21.59,19.09,0.0,Completed,,0
LS15_0103,15th Lok Sabha (2009-2014),Lok Sabha,15,Shri Chandulal Sahu (Chandu Bhaiya),Chhattisgarh,Mahasamund,Mahasamund,Rural & Urban Development,"MPLADS Allocation for Mahasamund, Mahasamund (Shri Chandulal Sahu (Chandu Bhaiya))",2015-02-17,,18.08,16.29,21.59,19.09,2.8,In Progress,,0
LS15_0104,15th Lok Sabha (2009-2014),Lok Sabha,15,Shri Dilip Singh Judev,Chhattisgarh,Bilaspur,Bilaspur,Rural & Urban Development,"MPLADS Allocation for Bilaspur, Bilaspur (Shri Dilip Singh Judev)",2013-05-31,,15.14,15.14,21.59,16.59,1.45,In Progress,,0
LS15_0105,15th Lok Sabha (2009-2014),Lok Sabha,15,Shri Dinesh Kashyap,Chhattisgarh,Bastar,Bastar(St),Rural & Urban Development,"MPLADS Allocation for Bastar(St), Bastar (Shri Dinesh Kashyap)",2015-04-29,2014-05-31,18.51,19.09,21.59,19.09,0.0,Completed,,0
LS15_0106,15th Lok Sabha (2009-2014),Lok Sabha,15,Shri Murarilal Singh,Chhattisgarh,Surguja,Sarguja(St),Rural & Urban Development,"MPLADS Allocation for Sarguja(St), Surguja (Shri Murarilal Singh)",2014-10-27,,19.07,19.07,21.59,19.09,0.02,In Progress,,0
LS15_0107,15th Lok Sabha (2009-2014),Lok Sabha,15,Shri Madhusudan Yadav,Chhattisgarh,Rajnandgaon,Rajnandgaon,Rural & Urban Development,"MPLADS Allocation for Rajnandgaon, Rajnandgaon (Shri Madhusudan Yadav)",2009-06-01,2014-05-31,19.06,19.09,21.59,19.09,0.0,Completed,,0
LS15_0108,15th Lok Sabha (2009-2014),Lok Sabha,15,Shri Ramesh Bais,Chhattisgarh,Raipur,Raipur,Rural & Urban Development,"MPLADS Allocation for Raipur, Raipur (Shri Ramesh Bais)",2009-06-01,2014-05-31,19.08,19.08,21.59,19.09,0.01,Completed,,0
LS15_0109,15th Lok Sabha (2009-2014),Lok Sabha,15,Shri Sohan Potai,Chhattisgarh,Uttar Bastar Kanker,Kanker(St),Rural & Urban Development,"MPLADS Allocation for Kanker(St), Uttar Bastar Kanker (Shri Sohan Potai)",2009-06-01,2014-05-31,18.35,19.09,19.09,19.09,0.0,Completed,,0
LS15_0110,15th Lok Sabha (2009-2014),Lok Sabha,15,Shri Vishnu Deo Sai,Chhattisgarh,Raigarh,Raigarh(St),Rural & Urban Development,"MPLADS Allocation for Raigarh(St), Raigarh (Shri Vishnu Deo Sai)",2014-07-18,2014-05-31,18.04,19.09,19.09,19.09,0.0,Completed,,0
LS15_0111,15th Lok Sabha (2009-2014),Lok Sabha,15,Smt Kamla Devi Patle,Chhattisgarh,Janjgir-Champa,Janjgir Champa(Sc),Rural & Urban Development,"MPLADS Allocation for Janjgir Champa(Sc), Janjgir-Champa (Smt Kamla Devi Patle)",2013-12-30,2014-05-31,15.6,19.09,19.09,19.09,0.0,Completed,,0
LS15_0112,15th Lok Sabha (2009-2014),Lok Sabha,15,Shri Natubhai Gomanbhai Patel,D & N Haveli,Dadra And Nagar Haveli,Dadra & Nagar Haveli (St),Rural & Urban Development,"MPLADS Allocation for Dadra & Nagar Haveli (St), Dadra And Nagar Haveli (Shri Natubhai Gomanbhai Patel)",2009-06-01,2014-05-31,25.77,20.0,20.0,20.0,0.0,Completed,,0
LS15_0113,15th Lok Sabha (2009-2014),Lok Sabha,15,Shri Lalubhai Babubhai Patel,Daman & Diu,Daman,Daman & Diu,Rural & Urban Development,"MPLADS Allocation for Daman & Diu, Daman (Shri Lalubhai Babubhai Patel)",2014-01-13,,15.52,15.46,21.5,19.0,3.54,In Progress,,0
LS15_0114,15th Lok Sabha (2009-2014),Lok Sabha,15,Shri Ajay Maken,Delhi,Commissioner North Delhi Municipal Corporation,New Delhi,Rural & Urban Development,"MPLADS Allocation for New Delhi, Commissioner North Delhi Municipal Corporation (Shri Ajay Maken)",2009-06-01,2014-05-31,17.57,23.0,25.5,23.0,0.0,Completed,,0
LS15_0115,15th Lok Sabha (2009-2014),Lok Sabha,15,Shri Jai Prakash Agarwal,Delhi,Commissioner East Delhi Municipal Corporation,North East Delhi,Rural & Urban Development,"MPLADS Allocation for North East Delhi, Commissioner East Delhi Municipal Corporation (Shri Jai Prakash Agarwal)",2013-06-18,,16.23,15.21,25.5,15.5,0.29,In Progress,Eligible MPR not Received.,1
LS15_0116,15th Lok Sabha (2009-2014),Lok Sabha,15,Shri Mahabal Mishra,Delhi,Commissioner South Delhi Municipal Corporation,West Delhi,Rural & Urban Development,"MPLADS Allocation for West Delhi, Commissioner South Delhi Municipal Corporation (Shri Mahabal Mishra)",2009-06-01,,20.95,17.55,25.5,18.0,0.45,In Progress,,0
LS15_0117,15th Lok Sabha (2009-2014),Lok Sabha,15,Shri Kapil Sibal,Delhi,Commissioner North Delhi Municipal Corporation,Chandini Chowk,Rural & Urban Development,"MPLADS Allocation for Chandini Chowk, Commissioner North Delhi Municipal Corporation (Shri Kapil Sibal)",2015-05-18,2014-05-31,19.45,18.0,18.0,18.0,0.0,Completed,,0
LS15_0118,15th Lok Sabha (2009-2014),Lok Sabha,15,Shri Ramesh Kumar,Delhi,Commissioner South Delhi Municipal Corporation,South Delhi,Rural & Urban Development,"MPLADS Allocation for South Delhi, Commissioner South Delhi Municipal Corporation (Shri Ramesh Kumar)",2011-03-29,2014-05-31,0.4,7.25,19.5,7.0,-0.25,Completed,,0
LS15_0119,15th Lok Sabha (2009-2014),Lok Sabha,15,Shri Sandeep Dikshit,Delhi,Commissioner East Delhi Municipal Corporation,East Delhi,Rural & Urban Development,"MPLADS Allocation for East Delhi, Commissioner East Delhi Municipal Corporation (Shri Sandeep Dikshit)",2009-06-01,,10.77,9.28,23.0,10.5,1.22,In Progress,Eligible MPR not Received.,1
LS15_0120,15th Lok Sabha (2009-2014),Lok Sabha,15,Smt. Krishna Tirath,Delhi,Commissioner North Delhi Municipal Corporation,North West Delhi(Sc),Rural & Urban Development,"MPLADS Allocation for North West Delhi(Sc), Commissioner North Delhi Municipal Corporation (Smt. Krishna Tirath)",2009-06-01,2014-05-31,9.37,10.5,10.5,10.5,0.0,Completed,,0
LS15_0121,15th Lok Sabha (2009-2014),Lok Sabha,15,Shri Francisco Sardinha,Goa,South Goa,South Goa,Rural & Urban Development,"MPLADS Allocation for South Goa, South Goa (Shri Francisco Sardinha)",2009-06-01,,16.11,15.47,16.5,16.5,1.03,In Progress,,0
LS15_0122,15th Lok Sabha (2009-2014),Lok Sabha,15,Shri Shripad Yesso Naik,Goa,North Goa,North Goa,Rural & Urban Development,"MPLADS Allocation for North Goa, North Goa (Shri Shripad Yesso Naik)",2009-06-01,2014-05-31,16.51,17.5,22.5,17.5,0.0,Completed,,0
LS15_0123,15th Lok Sabha (2009-2014),Lok Sabha,15,Dr. Prabha Kishore Taviad,Gujarat,Dahod,Dahod(St),Rural & Urban Development,"MPLADS Allocation for Dahod(St), Dahod (Dr. Prabha Kishore Taviad)",2015-02-13,2014-05-31,18.92,19.08,19.08,19.08,0.0,Completed,,0
LS15_0124,15th Lok Sabha (2009-2014),Lok Sabha,15,Shri Balkrishna Khanderao Shukla (Balu Shukla),Gujarat,Vadodara,Vadodara,Rural & Urban Development,"MPLADS Allocation for Vadodara, Vadodara (Shri Balkrishna Khanderao Shukla (Balu Shukla))",2009-06-01,2014-05-31,15.33,19.08,19.08,19.08,0.0,Completed,,0
LS15_0125,15th Lok Sabha (2009-2014),Lok Sabha,15,Dr. Mahendrasinh P. Chauhan,Gujarat,Sabarkantha,Sabarkantha,Rural & Urban Development,"MPLADS Allocation for Sabarkantha, Sabarkantha (Dr. Mahendrasinh P. Chauhan)",2014-10-14,2014-05-31,19.08,19.08,19.08,19.08,0.0,Completed,,0
LS15_0126,15th Lok Sabha (2009-2014),Lok Sabha,15,Dr. Kirit Premjibhai Solanki,Gujarat,Ahmedabad,Ahmedabad West(Sc),Rural & Urban Development,"MPLADS Allocation for Ahmedabad West(Sc), Ahmedabad (Dr. Kirit Premjibhai Solanki)",2014-01-29,2014-05-31,19.08,19.08,21.58,19.08,0.0,Completed,,0
LS15_0127,15th Lok Sabha (2009-2014),Lok Sabha,15,Shri Bharatbhai Madhavsinh Solanki,Gujarat,Anand,Anand,Rural & Urban Development,"MPLADS Allocation for Anand, Anand (Shri Bharatbhai Madhavsinh Solanki)",2009-06-01,2014-05-31,17.45,19.08,21.58,19.08,0.0,Completed,,0
LS15_0128,15th Lok Sabha (2009-2014),Lok Sabha,15,Shri Dinsha J. Patel,Gujarat,Kheda,Kheda,Rural & Urban Development,"MPLADS Allocation for Kheda, Kheda (Shri Dinsha J. Patel)",2014-09-26,2014-05-31,18.64,19.08,19.08,19.08,0.0,Completed,,0
LS15_0129,15th Lok Sabha (2009-2014),Lok Sabha,15,Shri Jagdish Thakor,Gujarat,Patan,Patan,Rural & Urban Development,"MPLADS Allocation for Patan, Patan (Shri Jagdish Thakor)",2014-12-26,,18.97,18.81,21.58,19.08,0.27,In Progress,,0
LS15_0130,15th Lok Sabha (2009-2014),Lok Sabha,15,Shri Harin Pathak,Gujarat,Ahmedabad,Ahmedabad East,Rural & Urban Development,"MPLADS Allocation for Ahmedabad East, Ahmedabad (Shri Harin Pathak)",2014-01-24,2014-05-31,17.07,19.08,21.58,19.08,0.0,Completed,,0
LS15_0131,15th Lok Sabha (2009-2014),Lok Sabha,15,Shri Dinubhai Boghabhai Solanki,Gujarat,Junagadh,Junagadh,Rural & Urban Development,"MPLADS Allocation for Junagadh, Junagadh (Shri Dinubhai Boghabhai Solanki)",2016-01-14,2014-05-31,19.08,19.08,19.08,19.08,0.0,Completed,,0
LS15_0132,15th Lok Sabha (2009-2014),Lok Sabha,15,Shri Haribhai P.Chaudhary,Gujarat,Banaskantha,Banaskantha,Rural & Urban Development,"MPLADS Allocation for Banaskantha, Banaskantha (Shri Haribhai P.Chaudhary)",2009-06-01,2014-05-31,18.12,19.08,21.58,19.08,0.0,Completed,,0
LS15_0133,15th Lok Sabha (2009-2014),Lok Sabha,15,Shri Lal Krishna Advani,Gujarat,Gandhinagar,Gandhinagar,Rural & Urban Development,"MPLADS Allocation for Gandhinagar, Gandhinagar (Shri Lal Krishna Advani)",2009-06-01,2014-05-31,16.53,16.58,21.58,16.58,0.0,Completed,,0
LS15_0134,15th Lok Sabha (2009-2014),Lok Sabha,15,Shri Chandrakant Raghunath Patil,Gujarat,Navsari,Navsari,Rural & Urban Development,"MPLADS Allocation for Navsari, Navsari (Shri Chandrakant Raghunath Patil)",2009-06-01,2014-05-31,19.08,19.08,19.08,19.08,0.0,Completed,,0
LS15_0135,15th Lok Sabha (2009-2014),Lok Sabha,15,Shri Kishanbhai Vestabhai Patel,Gujarat,Valsad,Valsad(St),Rural & Urban Development,"MPLADS Allocation for Valsad(St), Valsad (Shri Kishanbhai Vestabhai Patel)",2009-06-01,2014-05-31,18.01,19.08,19.08,19.08,0.0,Completed,,0
LS15_0136,15th Lok Sabha (2009-2014),Lok Sabha,15,Shri Mansukhbhai Dhanjibhai Vasava,Gujarat,Bharuch,Bharuch,Rural & Urban Development,"MPLADS Allocation for Bharuch, Bharuch (Shri Mansukhbhai Dhanjibhai Vasava)",2015-02-17,2014-05-31,19.08,19.08,21.58,19.08,0.0,Completed,,0
LS15_0137,15th Lok Sabha (2009-2014),Lok Sabha,15,Shri Kuvarjibhai Mohanbhai Bavalia,Gujarat,Rajkot,Rajkot,Rural & Urban Development,"MPLADS Allocation for Rajkot, Rajkot (Shri Kuvarjibhai Mohanbhai Bavalia)",2014-12-16,2014-05-31,16.75,19.08,21.58,19.08,0.0,Completed,,0
LS15_0138,15th Lok Sabha (2009-2014),Lok Sabha,15,Shri Naranbhai Kachhadiya,Gujarat,Amreli,Amreli,Rural & Urban Development,"MPLADS Allocation for Amreli, Amreli (Shri Naranbhai Kachhadiya)",2009-06-01,2014-05-31,19.05,19.08,19.08,19.08,0.0,Completed,,0
LS15_0139,15th Lok Sabha (2009-2014),Lok Sabha,15,Shri Prabhatsinh Pratapsinh Chauhan,Gujarat,Panchmahals,Panchmahal,Rural & Urban Development,"MPLADS Allocation for Panchmahal, Panchmahals (Shri Prabhatsinh Pratapsinh Chauhan)",2014-06-17,2014-05-31,18.4,19.08,21.58,19.08,0.0,Completed,,0
LS15_0140,15th Lok Sabha (2009-2014),Lok Sabha,15,Shri Rajendra Sinh Ghanashyam Sinh Rana,Gujarat,Bhavnagar,Bhavnagar,Rural & Urban Development,"MPLADS Allocation for Bhavnagar, Bhavnagar (Shri Rajendra Sinh Ghanashyam Sinh Rana)",2014-12-26,2014-05-31,18.19,19.08,19.08,19.08,0.0,Completed,,0
LS15_0141,15th Lok Sabha (2009-2014),Lok Sabha,15,Shri Ramsinh Patalyabhai Rathwa,Gujarat,Vadodara,Chhota Udaipur(St),Rural & Urban Development,"MPLADS Allocation for Chhota Udaipur(St), Vadodara (Shri Ramsinh Patalyabhai Rathwa)",2015-02-17,2014-05-31,18.55,19.08,21.58,19.08,0.0,Completed,,0
LS15_0142,15th Lok Sabha (2009-2014),Lok Sabha,15,Shri Vikrambhai Arjanbhai Maadam,Gujarat,Jamnagar,Jamnagar,Rural & Urban Development,"MPLADS Allocation for Jamnagar, Jamnagar (Shri Vikrambhai Arjanbhai Maadam)",2014-09-22,2014-05-31,19.13,19.08,19.08,19.08,0.0,Completed,,0
LS15_0143,15th Lok Sabha (2009-2014),Lok Sabha,15,Shri Vitthalbhai Hansrajbhai Radadiya,Gujarat,Porbandar,Porbandar,Rural & Urban Development,"MPLADS Allocation for Porbandar, Porbandar (Shri Vitthalbhai Hansrajbhai Radadiya)",2009-06-01,2014-05-31,17.89,19.08,19.08,19.08,0.0,Completed,,0
LS15_0144,15th Lok Sabha (2009-2014),Lok Sabha,15,Shri Somabhai Gandalal Koli Patel,Gujarat,Surendranagar,Surendranagar,Rural & Urban Development,"MPLADS Allocation for Surendranagar, Surendranagar (Shri Somabhai Gandalal Koli Patel)",2014-01-13,2014-05-31,19.14,19.08,21.58,19.08,0.0,Completed,,0
LS15_0145,15th Lok Sabha (2009-2014),Lok Sabha,15,Smt. Jayshreeben Patel,Gujarat,Mahesana,Mahesana,Rural & Urban Development,"MPLADS Allocation for Mahesana, Mahesana (Smt. Jayshreeben Patel)",2009-06-01,2014-05-31,18.1,19.08,21.58,19.08,0.0,Completed,,0
LS15_0146,15th Lok Sabha (2009-2014),Lok Sabha,15,Smt. Poonam Veljibhai Jat,Gujarat,Kachchh,Kachchh(Sc),Rural & Urban Development,"MPLADS Allocation for Kachchh(Sc), Kachchh (Smt. Poonam Veljibhai Jat)",2009-06-01,2014-05-31,17.72,19.08,21.58,19.08,0.0,Completed,,0
LS15_0147,15th Lok Sabha (2009-2014),Lok Sabha,15,Shri Tusharbhai A. Chaudhary,Gujarat,Surat,Bardoli(St),Rural & Urban Development,"MPLADS Allocation for Bardoli(St), Surat (Shri Tusharbhai A. Chaudhary)",2009-06-01,2014-05-31,19.08,19.08,21.58,19.08,0.0,Completed,,0
LS15_0148,15th Lok Sabha (2009-2014),Lok Sabha,15,Smt. Darshana Vikram Jardosh,Gujarat,Surat,Surat,Rural & Urban Development,"MPLADS Allocation for Surat, Surat (Smt. Darshana Vikram Jardosh)",2014-10-27,2014-05-31,19.08,19.08,21.58,19.08,0.0,Completed,,0
LS15_0149,15th Lok Sabha (2009-2014),Lok Sabha,15,Dr. Arvind Kumar Sharma,Haryana,Karnal,Karnal,Rural & Urban Development,"MPLADS Allocation for Karnal, Karnal (Dr. Arvind Kumar Sharma)",2014-01-28,2014-05-31,18.61,19.0,21.5,19.0,0.0,Completed,,0
LS15_0150,15th Lok Sabha (2009-2014),Lok Sabha,15,Inderjit Rao Inderjit Singh,Haryana,Rewari,Gurgaon,Rural & Urban Development,"MPLADS Allocation for Gurgaon, Rewari (Inderjit Rao Inderjit Singh)",2013-12-30,,18.65,18.65,19.0,19.0,0.35,In Progress,,0
LS15_0151,15th Lok Sabha (2009-2014),Lok Sabha,15,Shri Ashok Tanwar,Haryana,Sirsa,Sirsa(Sc),Rural & Urban Development,"MPLADS Allocation for Sirsa(Sc), Sirsa (Shri Ashok Tanwar)",2009-06-01,2014-05-31,19.24,19.0,19.0,19.0,0.0,Completed,,0
LS15_0152,15th Lok Sabha (2009-2014),Lok Sabha,15,Shri Avtar Singh Bhadana,Haryana,Faridabad,Faridabad,Rural & Urban Development,"MPLADS Allocation for Faridabad, Faridabad (Shri Avtar Singh Bhadana)",2009-06-01,,18.76,18.25,19.0,19.0,0.75,In Progress,,0
LS15_0153,15th Lok Sabha (2009-2014),Lok Sabha,15,Kumari Selja,Haryana,Ambala,Ambala (Sc),Rural & Urban Development,"MPLADS Allocation for Ambala (Sc), Ambala (Kumari Selja)",2014-07-28,,17.08,15.07,21.5,19.0,3.93,In Progress,,0
LS15_0154,15th Lok Sabha (2009-2014),Lok Sabha,15,Shri Deepender Singh Hooda,Haryana,Rohtak,Rohtak,Rural & Urban Development,"MPLADS Allocation for Rohtak, Rohtak (Shri Deepender Singh Hooda)",2014-01-28,2014-05-31,19.05,19.0,21.5,19.0,0.0,Completed,,0
LS15_0155,15th Lok Sabha (2009-2014),Lok Sabha,15,Shri Kuldeep Bishnoi,Haryana,Hissar,Hisar,Rural & Urban Development,"MPLADS Allocation for Hisar, Hissar (Shri Kuldeep Bishnoi)",2015-05-18,,16.4,15.63,19.0,19.0,3.37,In Progress,,0
LS15_0156,15th Lok Sabha (2009-2014),Lok Sabha,15,Shri Jitender Singh Malik,Haryana,Sonepat,Sonepat,Rural & Urban Development,"MPLADS Allocation for Sonepat, Sonepat (Shri Jitender Singh Malik)",2014-02-24,2014-05-31,18.97,19.0,19.0,19.0,0.0,Completed,,0
LS15_0157,15th Lok Sabha (2009-2014),Lok Sabha,15,Shri Naveen Jindal,Haryana,Kurukshetra,Kurukshetra,Rural & Urban Development,"MPLADS Allocation for Kurukshetra, Kurukshetra (Shri Naveen Jindal)",2014-01-22,,18.55,18.55,21.5,19.0,0.45,In Progress,,0
LS15_0158,15th Lok Sabha (2009-2014),Lok Sabha,15,Smt. Shruti Choudhry,Haryana,Bhiwani,Bhiwani Mahendragarh,Rural & Urban Development,"MPLADS Allocation for Bhiwani Mahendragarh, Bhiwani (Smt. Shruti Choudhry)",2013-11-27,2014-05-31,16.45,19.0,21.5,19.0,0.0,Completed,,0
LS15_0159,15th Lok Sabha (2009-2014),Lok Sabha,15,Dr. Rajan Sushant,Himachal Pradesh,Kangra,Kangra,Rural & Urban Development,"MPLADS Allocation for Kangra, Kangra (Dr. Rajan Sushant)",2009-06-01,,18.42,18.42,21.5,19.0,0.58,In Progress,,0
LS15_0160,15th Lok Sabha (2009-2014),Lok Sabha,15,Shri Anurag Singh Thakur,Himachal Pradesh,Hamirpur,Hamirpur,Rural & Urban Development,"MPLADS Allocation for Hamirpur, Hamirpur (Shri Anurag Singh Thakur)",2009-06-01,,19.0,14.67,21.5,19.0,4.33,In Progress,,0
LS15_0161,15th Lok Sabha (2009-2014),Lok Sabha,15,Pratibha Singh,Himachal Pradesh,Mandi,Mandi,Rural & Urban Development,"MPLADS Allocation for Mandi, Mandi (Pratibha Singh)",2009-06-01,2014-05-31,18.63,19.0,0.0,19.0,0.0,Completed,,0
LS15_0162,15th Lok Sabha (2009-2014),Lok Sabha,15,Shri Virender Kashyap,Himachal Pradesh,Shimla,Shimla (Sc),Rural & Urban Development,"MPLADS Allocation for Shimla (Sc), Shimla (Shri Virender Kashyap)",2013-12-30,2014-05-31,17.9,19.0,19.0,19.0,0.0,Completed,,0
LS15_0163,15th Lok Sabha (2009-2014),Lok Sabha,15,Shri Virbhadra Singh,Himachal Pradesh,Mandi,Mandi,Rural & Urban Development,"MPLADS Allocation for Mandi, Mandi (Shri Virbhadra Singh)",2009-06-01,2014-05-31,18.63,19.0,19.0,19.0,0.0,Completed,,0
LS15_0164,15th Lok Sabha (2009-2014),Lok Sabha,15,Dr. Mirza Mehboob Beg,Jammu & Kashmir,Anantnag,Anantnag,Rural & Urban Development,"MPLADS Allocation for Anantnag, Anantnag (Dr. Mirza Mehboob Beg)",2009-06-01,2014-05-31,18.64,19.0,21.5,19.0,0.0,Completed,,0
LS15_0165,15th Lok Sabha (2009-2014),Lok Sabha,15,Dr. Farooq Abdullah,Jammu & Kashmir,Srinagar,Srinagar,Rural & Urban Development,"MPLADS Allocation for Srinagar, Srinagar (Dr. Farooq Abdullah)",2014-07-24,2014-05-31,19.28,17.5,22.5,17.5,0.0,Completed,,0
LS15_0166,15th Lok Sabha (2009-2014),Lok Sabha,15,Shri Chaudhary Lal Singh,Jammu & Kashmir,Kathua,Udhampur,Rural & Urban Development,"MPLADS Allocation for Udhampur, Kathua (Shri Chaudhary Lal Singh)",2014-02-28,,17.9,15.15,20.0,20.0,4.85,In Progress,,0
LS15_0167,15th Lok Sabha (2009-2014),Lok Sabha,15,Shri Hassan Khan,Jammu & Kashmir,Leh,Ladakh,Rural & Urban Development,"MPLADS Allocation for Ladakh, Leh (Shri Hassan Khan)",2014-10-21,,19.07,18.65,24.5,22.0,3.35,In Progress,,0
LS15_0168,15th Lok Sabha (2009-2014),Lok Sabha,15,Shri Madan Lal Sharma,Jammu & Kashmir,Jammu,Jammu,Rural & Urban Development,"MPLADS Allocation for Jammu, Jammu (Shri Madan Lal Sharma)",2013-10-21,2014-05-31,19.89,19.0,21.5,19.0,0.0,Completed,,0
LS15_0169,15th Lok Sabha (2009-2014),Lok Sabha,15,Shri Sharifuddin Shariq,Jammu & Kashmir,Baramullah,Baramullah,Rural & Urban Development,"MPLADS Allocation for Baramullah, Baramullah (Shri Sharifuddin Shariq)",2009-06-01,2014-05-31,21.0,20.0,20.0,20.0,0.0,Completed,,0
LS15_0170,15th Lok Sabha (2009-2014),Lok Sabha,15,Dr. Ajay Kumar,Jharkhand,East Singhbum,Jamshedpur,Rural & Urban Development,"MPLADS Allocation for Jamshedpur, East Singhbum (Dr. Ajay Kumar)",2014-02-26,,18.85,18.35,19.14,19.14,0.79,In Progress,,0
LS15_0171,15th Lok Sabha (2009-2014),Lok Sabha,15,Shri Babulal Marandi,Jharkhand,Giridih,Kodarma,Rural & Urban Development,"MPLADS Allocation for Kodarma, Giridih (Shri Babulal Marandi)",2009-06-01,,11.64,10.84,21.64,19.14,8.3,In Progress,,0
LS15_0172,15th Lok Sabha (2009-2014),Lok Sabha,15,Shri Inder Singh Namdhari,Jharkhand,Chatra,Chatra,Rural & Urban Development,"MPLADS Allocation for Chatra, Chatra (Shri Inder Singh Namdhari)",2009-06-01,,16.48,14.52,21.64,19.14,4.62,In Progress,,0
LS15_0173,15th Lok Sabha (2009-2014),Lok Sabha,15,Shri Kameshwar Baitha,Jharkhand,Palamau,Palamu(Sc),Rural & Urban Development,"MPLADS Allocation for Palamu(Sc), Palamau (Shri Kameshwar Baitha)",2009-06-01,2014-05-31,19.11,19.14,19.14,19.14,0.0,Completed,,0
LS15_0174,15th Lok Sabha (2009-2014),Lok Sabha,15,Shri Karia Munda,Jharkhand,Khunti,Khunti(St),Rural & Urban Development,"MPLADS Allocation for Khunti(St), Khunti (Shri Karia Munda)",2014-02-24,2014-05-31,13.95,16.64,16.64,16.64,0.0,Completed,,0
LS15_0175,15th Lok Sabha (2009-2014),Lok Sabha,15,Shri Madhu Kora,Jharkhand,Chaibas (W.Singhbhum),Singhbhum(St),Rural & Urban Development,"MPLADS Allocation for Singhbhum(St), Chaibas (W.Singhbhum) (Shri Madhu Kora)",2014-01-29,,8.81,9.76,16.64,11.64,1.88,In Progress,,0
LS15_0176,15th Lok Sabha (2009-2014),Lok Sabha,15,Shri Nishikant Dubey,Jharkhand,Godda,Godda,Rural & Urban Development,"MPLADS Allocation for Godda, Godda (Shri Nishikant Dubey)",2017-02-28,,15.54,11.65,21.64,16.64,4.99,In Progress,,0
LS15_0177,15th Lok Sabha (2009-2014),Lok Sabha,15,Shri Pashupati Nath Singh,Jharkhand,Dhanbad,Dhanbad,Rural & Urban Development,"MPLADS Allocation for Dhanbad, Dhanbad (Shri Pashupati Nath Singh)",2009-06-01,,18.9,17.91,21.64,19.14,1.23,In Progress,,0
LS15_0178,15th Lok Sabha (2009-2014),Lok Sabha,15,Shri Sudarshan Bhagat,Jharkhand,Ranchi,Lohardaga(St),Rural & Urban Development,"MPLADS Allocation for Lohardaga(St), Ranchi (Shri Sudarshan Bhagat)",2014-02-27,,18.75,18.35,19.14,19.14,0.79,In Progress,,0
LS15_0179,15th Lok Sabha (2009-2014),Lok Sabha,15,Shri Shibu Soren,Jharkhand,Dumka,Dumka(St),Rural & Urban Development,"MPLADS Allocation for Dumka(St), Dumka (Shri Shibu Soren)",2015-05-18,2014-05-31,18.35,19.14,21.64,19.14,0.0,Completed,,0
LS15_0180,15th Lok Sabha (2009-2014),Lok Sabha,15,Shri Ravindra Kumar Pandey,Jharkhand,Bokaro,Giridih,Rural & Urban Development,"MPLADS Allocation for Giridih, Bokaro (Shri Ravindra Kumar Pandey)",2009-06-01,,16.64,15.68,19.14,19.14,3.46,In Progress,,0
LS15_0181,15th Lok Sabha (2009-2014),Lok Sabha,15,Shri. Devidhan Besra,Jharkhand,Sahebganj,Rajmahal(St),Rural & Urban Development,"MPLADS Allocation for Rajmahal(St), Sahebganj (Shri. Devidhan Besra)",2013-11-27,2014-05-31,11.3,11.64,21.64,11.64,0.0,Completed,,0
LS15_0182,15th Lok Sabha (2009-2014),Lok Sabha,15,Shri Subodh Kant Sahay,Jharkhand,Ranchi,Ranchi,Rural & Urban Development,"MPLADS Allocation for Ranchi, Ranchi (Shri Subodh Kant Sahay)",2014-01-31,,19.13,18.8,21.64,19.14,0.34,In Progress,,0
LS15_0183,15th Lok Sabha (2009-2014),Lok Sabha,15,Shri Yashwant Sinha,Jharkhand,Hazaribagh,Hazaribagh,Rural & Urban Development,"MPLADS Allocation for Hazaribagh, Hazaribagh (Shri Yashwant Sinha)",2009-06-01,,17.91,16.52,21.64,19.14,2.62,In Progress,,0
LS15_0184,15th Lok Sabha (2009-2014),Lok Sabha,15,Shri Ananth Ananth Kumar,Karnataka,Bengaluru Urban,Bangalore South,Rural & Urban Development,"MPLADS Allocation for Bangalore South, Bengaluru Urban (Shri Ananth Ananth Kumar)",2015-02-13,,19.44,16.25,22.11,19.61,3.36,In Progress,,0
LS15_0185,15th Lok Sabha (2009-2014),Lok Sabha,15,Shri Anant Kumar Dattatreya Hegde,Karnataka,Uttar Kannad,Uttara Kannada,Rural & Urban Development,"MPLADS Allocation for Uttara Kannada, Uttar Kannad (Shri Anant Kumar Dattatreya Hegde)",2017-01-30,,18.12,14.74,22.11,19.61,4.87,In Progress,,0
LS15_0186,15th Lok Sabha (2009-2014),Lok Sabha,15,Dr. M. Veerappa Moily,Karnataka,Chikballapur,Chikballapur,Rural & Urban Development,"MPLADS Allocation for Chikballapur, Chikballapur (Dr. M. Veerappa Moily)",2009-06-01,2014-05-31,17.9,19.61,22.11,19.61,0.0,Completed,,0
LS15_0187,15th Lok Sabha (2009-2014),Lok Sabha,15,Shri Adagooru H. Vishwanath,Karnataka,Mysore,Mysore,Rural & Urban Development,"MPLADS Allocation for Mysore, Mysore (Shri Adagooru H. Vishwanath)",2009-06-01,,16.42,16.11,22.11,17.11,1.0,In Progress,,0
LS15_0188,15th Lok Sabha (2009-2014),Lok Sabha,15,Shri H. D. Kumaraswamy,Karnataka,Ramanagara,Bangalore Rural,Rural & Urban Development,"MPLADS Allocation for Bangalore Rural, Ramanagara (Shri H. D. Kumaraswamy)",2014-02-28,2014-05-31,18.39,19.61,22.11,19.61,0.0,Completed,,0
LS15_0189,15th Lok Sabha (2009-2014),Lok Sabha,15,Shri G. S. Basavaraj,Karnataka,Tumakuru,Tumkur,Rural & Urban Development,"MPLADS Allocation for Tumkur, Tumakuru (Shri G. S. Basavaraj)",2017-02-27,2014-05-31,19.13,17.11,22.11,17.11,0.0,Completed,,0
LS15_0190,15th Lok Sabha (2009-2014),Lok Sabha,15,Shri D. B. Chandre Gowda,Karnataka,Bengaluru Urban,Bangalore North,Rural & Urban Development,"MPLADS Allocation for Bangalore North, Bengaluru Urban (Shri D. B. Chandre Gowda)",2014-06-13,,19.36,17.07,22.11,19.61,2.54,In Progress,,0
LS15_0191,15th Lok Sabha (2009-2014),Lok Sabha,15,Shri D.V.Sadananda Gowda/ Jayaprakash Hegde,Karnataka,Udupi,Udupi Chikmagalur,Rural & Urban Development,"MPLADS Allocation for Udupi Chikmagalur, Udupi (Shri D.V.Sadananda Gowda/ Jayaprakash Hegde)",2015-05-25,2014-05-31,17.63,19.61,22.11,19.61,0.0,Completed,,0
LS15_0192,15th Lok Sabha (2009-2014),Lok Sabha,15,Shri H.D. Devegowda,Karnataka,Hassan,Hassan,Rural & Urban Development,"MPLADS Allocation for Hassan, Hassan (Shri H.D. Devegowda)",2009-06-01,,18.39,17.91,22.11,19.61,1.7,In Progress,,0
LS15_0193,15th Lok Sabha (2009-2014),Lok Sabha,15,Shri Gowdar Mallikarjunappa Siddeshwara,Karnataka,Davangere,Davanagere,Rural & Urban Development,"MPLADS Allocation for Davanagere, Davangere (Shri Gowdar Mallikarjunappa Siddeshwara)",2014-07-15,2014-05-31,19.32,19.61,22.11,19.61,0.0,Completed,,0
LS15_0194,15th Lok Sabha (2009-2014),Lok Sabha,15,Shri K.H. Muniyappa,Karnataka,Kolar,Kolar(Sc),Rural & Urban Development,"MPLADS Allocation for Kolar(Sc), Kolar (Shri K.H. Muniyappa)",2014-02-28,2014-05-31,12.43,17.11,22.11,17.11,0.0,Completed,,0
LS15_0195,15th Lok Sabha (2009-2014),Lok Sabha,15,Shri Janardhana Swamy,Karnataka,Chitradurga,Chitradurga(Sc),Rural & Urban Development,"MPLADS Allocation for Chitradurga(Sc), Chitradurga (Shri Janardhana Swamy)",2009-06-01,,18.22,18.46,22.11,19.61,1.15,In Progress,,0
LS15_0196,15th Lok Sabha (2009-2014),Lok Sabha,15,Shri Nalin Kumar Kateel,Karnataka,Dakshin Kannad,Dakshina Kannada,Rural & Urban Development,"MPLADS Allocation for Dakshina Kannada, Dakshin Kannad (Shri Nalin Kumar Kateel)",2014-02-18,2014-05-31,19.17,19.61,19.61,19.61,0.0,Completed,,0
LS15_0197,15th Lok Sabha (2009-2014),Lok Sabha,15,Shri Parvatagouda Chandanagouda Gaddigoudar,Karnataka,Bagalkot,Bagalkot,Rural & Urban Development,"MPLADS Allocation for Bagalkot, Bagalkot (Shri Parvatagouda Chandanagouda Gaddigoudar)",2014-12-16,,19.26,18.65,22.11,19.61,0.96,In Progress,,0
LS15_0198,15th Lok Sabha (2009-2014),Lok Sabha,15,Shri N. Chaluvaraya Swamy,Karnataka,Mandya,Mandya,Rural & Urban Development,"MPLADS Allocation for Mandya, Mandya (Shri N. Chaluvaraya Swamy)",2013-12-16,,12.22,11.49,14.61,14.61,3.12,In Progress,,0
LS15_0199,15th Lok Sabha (2009-2014),Lok Sabha,15,Shri Pralhad Venkatesh Joshi,Karnataka,Dharwar,Dharwad,Rural & Urban Development,"MPLADS Allocation for Dharwad, Dharwar (Shri Pralhad Venkatesh Joshi)",2009-06-01,,16.4,15.13,19.61,17.11,1.98,In Progress,,0
LS15_0200,15th Lok Sabha (2009-2014),Lok Sabha,15,Shri N. Dharam Singh,Karnataka,Bidar,Bidar,Rural & Urban Development,"MPLADS Allocation for Bidar, Bidar (Shri N. Dharam Singh)",2009-06-01,,18.36,17.27,22.11,19.61,2.34,In Progress,,0
LS15_0201,15th Lok Sabha (2009-2014),Lok Sabha,15,Shri Mallikarjun Kharge,Karnataka,Gulbarga,Gulbarga(Sc),Rural & Urban Development,"MPLADS Allocation for Gulbarga(Sc), Gulbarga (Shri Mallikarjun Kharge)",2014-06-23,,19.61,19.41,22.11,19.61,0.2,In Progress,,0
LS15_0202,15th Lok Sabha (2009-2014),Lok Sabha,15,Shri P. C. Mohan,Karnataka,Bengaluru Urban,Bangalore Central,Rural & Urban Development,"MPLADS Allocation for Bangalore Central, Bengaluru Urban (Shri P. C. Mohan)",2014-12-17,,19.74,17.05,19.61,17.11,0.06,In Progress,,0
LS15_0203,15th Lok Sabha (2009-2014),Lok Sabha,15,Shri Ramesh Vishwanath Katti,Karnataka,Belagavi,Chikkodi,Rural & Urban Development,"MPLADS Allocation for Chikkodi, Belagavi (Shri Ramesh Vishwanath Katti)",2014-12-26,,19.3,19.3,22.11,19.61,0.31,In Progress,,0
LS15_0204,15th Lok Sabha (2009-2014),Lok Sabha,15,Shri Rangaswamy Dhruvanarayana,Karnataka,Chamarajnagar,Chamarajanagar(Sc),Rural & Urban Development,"MPLADS Allocation for Chamarajanagar(Sc), Chamarajnagar (Shri Rangaswamy Dhruvanarayana)",2014-02-18,,18.66,18.2,19.61,19.61,1.41,In Progress,,0
LS15_0205,15th Lok Sabha (2009-2014),Lok Sabha,15,Shri Raghavendra Yeddyurappa,Karnataka,Shivamogga,Shimoga,Rural & Urban Development,"MPLADS Allocation for Shimoga, Shivamogga (Shri Raghavendra Yeddyurappa)",2014-02-14,,18.31,16.34,19.61,17.11,0.77,In Progress,,0
LS15_0206,15th Lok Sabha (2009-2014),Lok Sabha,15,Shri Ramesh Chandappa Jigajinagi,Karnataka,Bijapur,Bijapur(Sc),Rural & Urban Development,"MPLADS Allocation for Bijapur(Sc), Bijapur (Shri Ramesh Chandappa Jigajinagi)",2014-12-31,,16.94,14.68,17.11,17.11,2.43,In Progress,,0
LS15_0207,15th Lok Sabha (2009-2014),Lok Sabha,15,Shri Shivkumar Chanabasappa Udasi,Karnataka,Haveri,Haveri,Rural & Urban Development,"MPLADS Allocation for Haveri, Haveri (Shri Shivkumar Chanabasappa Udasi)",2014-12-26,,17.18,16.89,22.11,19.61,2.72,In Progress,,0
LS15_0208,15th Lok Sabha (2009-2014),Lok Sabha,15,Shri S. Pakkirappa,Karnataka,Raichur,Raichur(St),Rural & Urban Development,"MPLADS Allocation for Raichur(St), Raichur (Shri S. Pakkirappa)",2015-01-15,2014-05-31,19.57,19.61,22.11,19.61,0.0,Completed,,0
LS15_0209,15th Lok Sabha (2009-2014),Lok Sabha,15,Shri Suresh Chanabasappa Angadi,Karnataka,Belagavi,Belgaum,Rural & Urban Development,"MPLADS Allocation for Belgaum, Belagavi (Shri Suresh Chanabasappa Angadi)",2009-06-01,,17.76,17.76,22.11,19.61,1.85,In Progress,,0
LS15_0210,15th Lok Sabha (2009-2014),Lok Sabha,15,Shri Shivarama Gouda,Karnataka,Koppal,Koppal,Rural & Urban Development,"MPLADS Allocation for Koppal, Koppal (Shri Shivarama Gouda)",2014-07-28,,18.45,15.5,22.11,17.11,1.61,In Progress,,0
LS15_0211,15th Lok Sabha (2009-2014),Lok Sabha,15,Smt. J. Shantha,Karnataka,Ballari,Bellary(St),Rural & Urban Development,"MPLADS Allocation for Bellary(St), Ballari (Smt. J. Shantha)",2009-06-01,,18.94,14.56,22.11,17.11,2.55,In Progress,,0
LS15_0212,15th Lok Sabha (2009-2014),Lok Sabha,15,Prof. K. Varkey Thomas,Kerala,Ernakulam,Ernakulam,Rural & Urban Development,"MPLADS Allocation for Ernakulam, Ernakulam (Prof. K. Varkey Thomas)",2009-06-01,2014-05-31,18.12,19.6,22.1,19.6,0.0,Completed,,0
LS15_0213,15th Lok Sabha (2009-2014),Lok Sabha,15,Dr. Sashi Tharoor,Kerala,Thiruvananthapuram,Thiruvananthapuram,Rural & Urban Development,"MPLADS Allocation for Thiruvananthapuram, Thiruvananthapuram (Dr. Sashi Tharoor)",2009-06-01,2014-05-31,17.81,19.6,22.1,19.6,0.0,Completed,,0
LS15_0214,15th Lok Sabha (2009-2014),Lok Sabha,15,Shri Anirudhan Sampath,Kerala,Thiruvananthapuram,Attingal,Rural & Urban Development,"MPLADS Allocation for Attingal, Thiruvananthapuram (Shri Anirudhan Sampath)",2014-02-28,2014-05-31,19.32,19.6,19.6,19.6,0.0,Completed,,0
LS15_0215,15th Lok Sabha (2009-2014),Lok Sabha,15,Shri Anto Antony,Kerala,Pathanamthitta,Pathanamthitta,Rural & Urban Development,"MPLADS Allocation for Pathanamthitta, Pathanamthitta (Shri Anto Antony)",2009-06-01,2014-05-31,18.7,19.6,22.1,19.6,0.0,Completed,,0
LS15_0216,15th Lok Sabha (2009-2014),Lok Sabha,15,Shri Jose K. Mani,Kerala,Kottayam,Kottayam,Rural & Urban Development,"MPLADS Allocation for Kottayam, Kottayam (Shri Jose K. Mani)",2009-06-01,2014-05-31,18.94,19.6,22.1,19.6,0.0,Completed,,0
LS15_0217,15th Lok Sabha (2009-2014),Lok Sabha,15,Shri E. T. Mohammed Basheer,Kerala,Malappuram,Ponnani,Rural & Urban Development,"MPLADS Allocation for Ponnani, Malappuram (Shri E. T. Mohammed Basheer)",2014-11-18,2014-05-31,18.19,19.6,22.1,19.6,0.0,Completed,,0
LS15_0218,15th Lok Sabha (2009-2014),Lok Sabha,15,Shri K. C. Venugopal,Kerala,Alappuzha,Alappuzha,Rural & Urban Development,"MPLADS Allocation for Alappuzha, Alappuzha (Shri K. C. Venugopal)",2014-02-19,2014-05-31,18.45,19.6,19.6,19.6,0.0,Completed,,0
LS15_0219,15th Lok Sabha (2009-2014),Lok Sabha,15,Shri Kumbakudi Sudhakaran,Kerala,Kannur,Kannur,Rural & Urban Development,"MPLADS Allocation for Kannur, Kannur (Shri Kumbakudi Sudhakaran)",2015-03-26,2014-05-31,19.29,19.6,19.6,19.6,0.0,Completed,,0
LS15_0220,15th Lok Sabha (2009-2014),Lok Sabha,15,Shri E. Ahamed,Kerala,Malappuram,Malappuram,Rural & Urban Development,"MPLADS Allocation for Malappuram, Malappuram (Shri E. Ahamed)",2014-11-18,2014-05-31,19.03,19.6,19.6,19.6,0.0,Completed,,0
LS15_0221,15th Lok Sabha (2009-2014),Lok Sabha,15,Shri K. P. Dhanapalan,Kerala,Ernakulam,Chalakudy,Rural & Urban Development,"MPLADS Allocation for Chalakudy, Ernakulam (Shri K. P. Dhanapalan)",2015-03-24,2014-05-31,18.84,19.6,22.1,19.6,0.0,Completed,,0
LS15_0222,15th Lok Sabha (2009-2014),Lok Sabha,15,Shri M. B. Rajesh,Kerala,Palakkad,Palakkad,Rural & Urban Development,"MPLADS Allocation for Palakkad, Palakkad (Shri M. B. Rajesh)",2014-06-25,2014-05-31,18.62,19.6,19.6,19.6,0.0,Completed,,0
LS15_0223,15th Lok Sabha (2009-2014),Lok Sabha,15,Shri P. Karunakaran,Kerala,Kasaragod,Kasaragod,Rural & Urban Development,"MPLADS Allocation for Kasaragod, Kasaragod (Shri P. Karunakaran)",2015-04-28,2014-05-31,17.72,19.6,19.6,19.6,0.0,Completed,,0
LS15_0224,15th Lok Sabha (2009-2014),Lok Sabha,15,Shri P. C. Chacko,Kerala,Thrissoor,Thrissur,Rural & Urban Development,"MPLADS Allocation for Thrissur, Thrissoor (Shri P. C. Chacko)",2014-07-16,2014-05-31,18.09,19.6,22.1,19.6,0.0,Completed,,0
LS15_0225,15th Lok Sabha (2009-2014),Lok Sabha,15,Shri M. I. Shanavas,Kerala,Wayanad,Wayanad,Rural & Urban Development,"MPLADS Allocation for Wayanad, Wayanad (Shri M. I. Shanavas)",2014-02-19,2014-05-31,19.46,19.6,19.6,19.6,0.0,Completed,,0
LS15_0226,15th Lok Sabha (2009-2014),Lok Sabha,15,Shri N. Peethambara Kurup,Kerala,Kollam,Kollam,Rural & Urban Development,"MPLADS Allocation for Kollam, Kollam (Shri N. Peethambara Kurup)",2015-03-16,2014-05-31,18.35,19.6,19.6,19.6,0.0,Completed,,0
LS15_0227,15th Lok Sabha (2009-2014),Lok Sabha,15,Shri Ramachandran Mullappally,Kerala,Kozhikode,Vadakara,Rural & Urban Development,"MPLADS Allocation for Vadakara, Kozhikode (Shri Ramachandran Mullappally)",2015-01-27,2014-05-31,19.13,19.6,22.1,19.6,0.0,Completed,,0
LS15_0228,15th Lok Sabha (2009-2014),Lok Sabha,15,Shri M. K. Raghavan,Kerala,Kozhikode,Kozhikode,Rural & Urban Development,"MPLADS Allocation for Kozhikode, Kozhikode (Shri M. K. Raghavan)",2014-10-14,2014-05-31,19.23,19.6,22.1,19.6,0.0,Completed,,0
LS15_0229,15th Lok Sabha (2009-2014),Lok Sabha,15,Shri P. Kuttappan Biju,Kerala,Palakkad,Alathur(Sc),Rural & Urban Development,"MPLADS Allocation for Alathur(Sc), Palakkad (Shri P. Kuttappan Biju)",2014-07-24,2014-05-31,18.92,19.6,19.6,19.6,0.0,Completed,,0
LS15_0230,15th Lok Sabha (2009-2014),Lok Sabha,15,Shri P. T. Thomas,Kerala,Idukki,Idukki,Rural & Urban Development,"MPLADS Allocation for Idukki, Idukki (Shri P. T. Thomas)",2014-07-15,2014-05-31,18.45,19.6,22.1,19.6,0.0,Completed,,0
LS15_0231,15th Lok Sabha (2009-2014),Lok Sabha,15,Shri Suresh Kodikkunnil,Kerala,Kollam,Mavelikkara(Sc),Rural & Urban Development,"MPLADS Allocation for Mavelikkara(Sc), Kollam (Shri Suresh Kodikkunnil)",2015-03-23,2014-05-31,17.48,19.6,22.1,19.6,0.0,Completed,,0
LS15_0232,15th Lok Sabha (2009-2014),Lok Sabha,15,Shri Hamdullah Sayeed,Lakshadweep,Lakshadweep,Lakshadweep(St),Rural & Urban Development,"MPLADS Allocation for Lakshadweep(St), Lakshadweep (Shri Hamdullah Sayeed)",2009-06-01,,23.51,15.8,25.0,17.5,1.7,In Progress,,0
LS15_0233,15th Lok Sabha (2009-2014),Lok Sabha,15,Km. Meenakshi Natrajan,Madhya Pradesh,Mandsaur,Mandsour,Rural & Urban Development,"MPLADS Allocation for Mandsour, Mandsaur (Km. Meenakshi Natrajan)",2014-01-22,,16.66,16.66,21.53,19.03,2.37,In Progress,,0
LS15_0234,15th Lok Sabha (2009-2014),Lok Sabha,15,Shri Ashok Argal,Madhya Pradesh,Bhind,Bhind(Sc),Rural & Urban Development,"MPLADS Allocation for Bhind(Sc), Bhind (Shri Ashok Argal)",2015-03-13,,16.48,16.48,21.53,19.03,2.55,In Progress,,0
LS15_0235,15th Lok Sabha (2009-2014),Lok Sabha,15,Shri Basori Singh Masram,Madhya Pradesh,Mandla,Mandla(St),Rural & Urban Development,"MPLADS Allocation for Mandla(St), Mandla (Shri Basori Singh Masram)",2009-06-01,2014-05-31,19.03,19.03,19.03,19.03,0.0,Completed,,0
LS15_0236,15th Lok Sabha (2009-2014),Lok Sabha,15,Shri Deoraj Singh Patel,Madhya Pradesh,Rewa,Rewa,Rural & Urban Development,"MPLADS Allocation for Rewa, Rewa (Shri Deoraj Singh Patel)",2014-01-29,2014-05-31,19.03,19.03,21.53,19.03,0.0,Completed,,0
LS15_0237,15th Lok Sabha (2009-2014),Lok Sabha,15,Shri Arun Subhashchandra Yadav,Madhya Pradesh,Khandwa,Khandwa,Rural & Urban Development,"MPLADS Allocation for Khandwa, Khandwa (Shri Arun Subhashchandra Yadav)",2014-10-21,2014-05-31,17.21,19.03,21.53,19.03,0.0,Completed,,0
LS15_0238,15th Lok Sabha (2009-2014),Lok Sabha,15,Shri Bhoopendra Singh,Madhya Pradesh,Sagar,Sagar,Rural & Urban Development,"MPLADS Allocation for Sagar, Sagar (Shri Bhoopendra Singh)",2013-09-30,2014-05-31,18.58,19.03,21.53,19.03,0.0,Completed,,0
LS15_0239,15th Lok Sabha (2009-2014),Lok Sabha,15,Shri K. D. Deshmukh,Madhya Pradesh,Balaghat,Balaghat,Rural & Urban Development,"MPLADS Allocation for Balaghat, Balaghat (Shri K. D. Deshmukh)",2015-01-15,,18.93,18.93,21.53,19.03,0.1,In Progress,,0
LS15_0240,15th Lok Sabha (2009-2014),Lok Sabha,15,Shri Gajendra Singh Rajukhedi,Madhya Pradesh,Dhar,Dhar(St),Rural & Urban Development,"MPLADS Allocation for Dhar(St), Dhar (Shri Gajendra Singh Rajukhedi)",2009-06-01,2014-05-31,17.88,19.03,19.03,19.03,0.0,Completed,,0
LS15_0241,15th Lok Sabha (2009-2014),Lok Sabha,15,Shri Kantilal Bhuria,Madhya Pradesh,Jhabua,Ratlam(St),Rural & Urban Development,"MPLADS Allocation for Ratlam(St), Jhabua (Shri Kantilal Bhuria)",2009-06-01,2014-05-31,17.36,19.03,21.53,19.03,0.0,Completed,,0
LS15_0242,15th Lok Sabha (2009-2014),Lok Sabha,15,Shri Ganesh Singh,Madhya Pradesh,Satna,Satna,Rural & Urban Development,"MPLADS Allocation for Satna, Satna (Shri Ganesh Singh)",2009-06-01,,18.67,18.48,19.03,19.03,0.55,In Progress,,0
LS15_0243,15th Lok Sabha (2009-2014),Lok Sabha,15,Shri Govind Prasad Mishra,Madhya Pradesh,Sidhi,Sidhi,Rural & Urban Development,"MPLADS Allocation for Sidhi, Sidhi (Shri Govind Prasad Mishra)",2014-11-14,,18.43,16.2,21.53,19.03,2.83,In Progress,Eligible MPR not Received.,1
LS15_0244,15th Lok Sabha (2009-2014),Lok Sabha,15,Shri Jyotiraditya Madhavrao Scindia,Madhya Pradesh,Guna,Guna,Rural & Urban Development,"MPLADS Allocation for Guna, Guna (Shri Jyotiraditya Madhavrao Scindia)",2014-02-24,,17.51,14.64,19.03,19.03,4.39,In Progress,,0
LS15_0245,15th Lok Sabha (2009-2014),Lok Sabha,15,Shri Kailash Joshi,Madhya Pradesh,Bhopal,Bhopal,Rural & Urban Development,"MPLADS Allocation for Bhopal, Bhopal (Shri Kailash Joshi)",2015-03-20,,18.97,14.92,19.03,19.03,4.11,In Progress,,0
LS15_0246,15th Lok Sabha (2009-2014),Lok Sabha,15,Shri Kamal Nath,Madhya Pradesh,Chhindwara,Chhindwara,Rural & Urban Development,"MPLADS Allocation for Chhindwara, Chhindwara (Shri Kamal Nath)",2014-11-18,,18.37,18.37,21.53,19.03,0.66,In Progress,,0
LS15_0247,15th Lok Sabha (2009-2014),Lok Sabha,15,Shri Narendra Singh Tomar,Madhya Pradesh,Morena,Morena,Rural & Urban Development,"MPLADS Allocation for Morena, Morena (Shri Narendra Singh Tomar)",2014-06-25,,19.03,16.92,21.53,19.03,2.11,In Progress,"Eligible MPR not Received, Provisional Utilisation Certificate Pending.",1
LS15_0248,15th Lok Sabha (2009-2014),Lok Sabha,15,Shri Jeetendra Singh Bundela,Madhya Pradesh,Chhatarpur,Khajuraho,Rural & Urban Development,"MPLADS Allocation for Khajuraho, Chhatarpur (Shri Jeetendra Singh Bundela)",2009-06-01,,18.5,16.32,19.03,19.03,2.71,In Progress,,0
LS15_0249,15th Lok Sabha (2009-2014),Lok Sabha,15,Shri Narayan Singh Amlabe,Madhya Pradesh,Rajgarh,Rajgarh,Rural & Urban Development,"MPLADS Allocation for Rajgarh, Rajgarh (Shri Narayan Singh Amlabe)",2014-01-28,,18.65,18.4,21.53,19.03,0.63,In Progress,,0
LS15_0250,15th Lok Sabha (2009-2014),Lok Sabha,15,Shri Makhan Singh Solanki (Babuji),Madhya Pradesh,Khargaon,Khargone(St),Rural & Urban Development,"MPLADS Allocation for Khargone(St), Khargaon (Shri Makhan Singh Solanki (Babuji))",2009-06-01,2014-05-31,17.69,19.03,21.53,19.03,0.0,Completed,,0
LS15_0251,15th Lok Sabha (2009-2014),Lok Sabha,15,Shri Rakesh Singh,Madhya Pradesh,Jabalpur,Jabalpur,Rural & Urban Development,"MPLADS Allocation for Jabalpur, Jabalpur (Shri Rakesh Singh)",2014-02-28,2014-05-31,16.86,19.03,19.03,19.03,0.0,Completed,,0
LS15_0252,15th Lok Sabha (2009-2014),Lok Sabha,15,Shri Shivraj Singh Lodhi,Madhya Pradesh,Damoh,Damoh,Rural & Urban Development,"MPLADS Allocation for Damoh, Damoh (Shri Shivraj Singh Lodhi)",2009-06-01,2014-05-31,17.72,19.03,21.53,19.03,0.0,Completed,,0
LS15_0253,15th Lok Sabha (2009-2014),Lok Sabha,15,Shri Premchand Guddu,Madhya Pradesh,Ujjain,Ujjain(Sc),Rural & Urban Development,"MPLADS Allocation for Ujjain(Sc), Ujjain (Shri Premchand Guddu)",2013-09-30,2014-05-31,18.89,19.03,21.53,19.03,0.0,Completed,,0
LS15_0254,15th Lok Sabha (2009-2014),Lok Sabha,15,Shri. Sajjan Singh Verma,Madhya Pradesh,Shajapur,Dewas(Sc),Rural & Urban Development,"MPLADS Allocation for Dewas(Sc), Shajapur (Shri. Sajjan Singh Verma)",2009-06-01,,18.7,18.38,21.53,19.03,0.65,In Progress,,0
LS15_0255,15th Lok Sabha (2009-2014),Lok Sabha,15,Smt. Rajesh Nandini Singh,Madhya Pradesh,Shahdol,Shahdol (St),Rural & Urban Development,"MPLADS Allocation for Shahdol (St), Shahdol (Smt. Rajesh Nandini Singh)",2009-06-01,,18.18,18.44,19.03,19.03,0.59,In Progress,,0
LS15_0256,15th Lok Sabha (2009-2014),Lok Sabha,15,Smt. Sumitra Mahajan,Madhya Pradesh,Indore,Indore,Rural & Urban Development,"MPLADS Allocation for Indore, Indore (Smt. Sumitra Mahajan)",2014-01-20,2014-05-31,18.47,19.03,21.53,19.03,0.0,Completed,,0
LS15_0257,15th Lok Sabha (2009-2014),Lok Sabha,15,Shri Virendra Kumar,Madhya Pradesh,Tikamgarh,Tikamgarh(Sc),Rural & Urban Development,"MPLADS Allocation for Tikamgarh(Sc), Tikamgarh (Shri Virendra Kumar)",2015-06-23,,15.91,16.11,21.53,19.03,2.92,In Progress,,0
LS15_0258,15th Lok Sabha (2009-2014),Lok Sabha,15,Smt. Sushma Swaraj,Madhya Pradesh,Raisen,Vidisha,Rural & Urban Development,"MPLADS Allocation for Vidisha, Raisen (Smt. Sushma Swaraj)",2013-09-13,,18.69,18.69,21.53,19.03,0.34,In Progress,,0
LS15_0259,15th Lok Sabha (2009-2014),Lok Sabha,15,Smt. Jyoti Dhurve,Madhya Pradesh,Betul,Betul(St),Rural & Urban Development,"MPLADS Allocation for Betul(St), Betul (Smt. Jyoti Dhurve)",2014-07-28,2014-05-31,17.55,19.03,19.03,19.03,0.0,Completed,,0
LS15_0260,15th Lok Sabha (2009-2014),Lok Sabha,15,Smt. Yashodhara Raje Scindia,Madhya Pradesh,Gwalior,Gwalior,Rural & Urban Development,"MPLADS Allocation for Gwalior, Gwalior (Smt. Yashodhara Raje Scindia)",2014-02-21,,16.56,15.28,21.53,16.53,1.25,In Progress,,0
LS15_0261,15th Lok Sabha (2009-2014),Lok Sabha,15,Shri Uday Pratap Singh,Madhya Pradesh,Hoshangabad,Hoshangabad,Rural & Urban Development,"MPLADS Allocation for Hoshangabad, Hoshangabad (Shri Uday Pratap Singh)",2009-06-01,,15.91,14.29,19.03,19.03,4.74,In Progress,,0
LS15_0262,15th Lok Sabha (2009-2014),Lok Sabha,15,Shri Anant Gangaram Geete,Maharashtra,Raigad,Raigad,Rural & Urban Development,"MPLADS Allocation for Raigad, Raigad (Shri Anant Gangaram Geete)",2015-10-13,,17.22,17.06,21.85,19.35,2.29,In Progress,,0
LS15_0263,15th Lok Sabha (2009-2014),Lok Sabha,15,Dr. Padamsinha Bajirao Patil,Maharashtra,Osmanabad,Osmanabad,Rural & Urban Development,"MPLADS Allocation for Osmanabad, Osmanabad (Dr. Padamsinha Bajirao Patil)",2009-06-01,2014-05-31,17.56,19.35,21.85,19.35,0.0,Completed,,0
LS15_0264,15th Lok Sabha (2009-2014),Lok Sabha,15,Dr. Nilesh Narayan Rane,Maharashtra,Sindhudurg,Ratnagiri-Sindhudurg,Rural & Urban Development,"MPLADS Allocation for Ratnagiri-Sindhudurg, Sindhudurg (Dr. Nilesh Narayan Rane)",2009-06-01,,18.88,18.53,21.85,19.35,0.82,In Progress,,0
LS15_0265,15th Lok Sabha (2009-2014),Lok Sabha,15,Dr. Sanjeev Ganesh Naik,Maharashtra,Thane,Thane,Rural & Urban Development,"MPLADS Allocation for Thane, Thane (Dr. Sanjeev Ganesh Naik)",2015-03-26,2014-05-31,16.93,19.35,19.35,19.35,0.0,Completed,,0
LS15_0266,15th Lok Sabha (2009-2014),Lok Sabha,15,Shri Anand Prakash Paranjpe,Maharashtra,Thane,Kalyan,Rural & Urban Development,"MPLADS Allocation for Kalyan, Thane (Shri Anand Prakash Paranjpe)",2015-03-13,2014-05-31,18.11,19.35,21.85,19.35,0.0,Completed,,0
LS15_0267,15th Lok Sabha (2009-2014),Lok Sabha,15,Shri A. T. Nana Patil,Maharashtra,Jalgaon,Jalgaon,Rural & Urban Development,"MPLADS Allocation for Jalgaon, Jalgaon (Shri A. T. Nana Patil)",2009-06-01,2014-05-31,18.15,19.35,19.35,19.35,0.0,Completed,,0
LS15_0268,15th Lok Sabha (2009-2014),Lok Sabha,15,Shri Anandrao Vithoba Adsul,Maharashtra,Amravati,Amravati(Sc),Rural & Urban Development,"MPLADS Allocation for Amravati(Sc), Amravati (Shri Anandrao Vithoba Adsul)",2009-06-01,,19.22,14.94,19.35,19.35,4.41,In Progress,,0
LS15_0269,15th Lok Sabha (2009-2014),Lok Sabha,15,Shri Baliram Sukur Jadhav,Maharashtra,Thane,Palghar(St),Rural & Urban Development,"MPLADS Allocation for Palghar(St), Thane (Shri Baliram Sukur Jadhav)",2009-06-01,2014-05-31,18.75,19.35,21.85,19.35,0.0,Completed,,0
LS15_0270,15th Lok Sabha (2009-2014),Lok Sabha,15,Shri Bhausaheb Rajaram Wakchaure,Maharashtra,Ahmadnagar,Shirdi(Sc),Rural & Urban Development,"MPLADS Allocation for Shirdi(Sc), Ahmadnagar (Shri Bhausaheb Rajaram Wakchaure)",2015-03-26,,18.47,19.0,21.85,19.35,0.35,In Progress,,0
LS15_0271,15th Lok Sabha (2009-2014),Lok Sabha,15,Shri Chandrakant Bhaurao Khaire,Maharashtra,Aurangabad,Aurangabad,Rural & Urban Development,"MPLADS Allocation for Aurangabad, Aurangabad (Shri Chandrakant Bhaurao Khaire)",2015-01-20,,19.24,18.23,21.85,19.35,1.12,In Progress,,0
LS15_0272,15th Lok Sabha (2009-2014),Lok Sabha,15,Shri Datta Raghobaji Meghe,Maharashtra,Wardha,Wardha,Rural & Urban Development,"MPLADS Allocation for Wardha, Wardha (Shri Datta Raghobaji Meghe)",2015-11-16,,20.18,17.21,19.35,19.35,2.14,In Progress,,0
LS15_0273,15th Lok Sabha (2009-2014),Lok Sabha,15,Shri Hansraj Gangaram Ahir,Maharashtra,Chandrapur,Chandrapur,Rural & Urban Development,"MPLADS Allocation for Chandrapur, Chandrapur (Shri Hansraj Gangaram Ahir)",2015-04-28,2014-05-31,19.34,19.35,21.85,19.35,0.0,Completed,,0
LS15_0274,15th Lok Sabha (2009-2014),Lok Sabha,15,Shri Gajanan Dharmshi Babar,Maharashtra,Pune,Maval,Rural & Urban Development,"MPLADS Allocation for Maval, Pune (Shri Gajanan Dharmshi Babar)",2014-02-28,,19.13,19.1,19.35,19.35,0.25,In Progress,,0
LS15_0275,15th Lok Sabha (2009-2014),Lok Sabha,15,Shri Bhaskarrao Bapurao Khatgaonkar Patil,Maharashtra,Nanded,Nanded,Rural & Urban Development,"MPLADS Allocation for Nanded, Nanded (Shri Bhaskarrao Bapurao Khatgaonkar Patil)",2009-06-01,,19.31,17.92,21.85,19.35,1.43,In Progress,,0
LS15_0276,15th Lok Sabha (2009-2014),Lok Sabha,15,Shri Harishchandra Deoram Chavan,Maharashtra,Nashik,Dindori(St),Rural & Urban Development,"MPLADS Allocation for Dindori(St), Nashik (Shri Harishchandra Deoram Chavan)",2015-06-23,2014-05-31,17.74,19.35,21.85,19.35,0.0,Completed,,0
LS15_0277,15th Lok Sabha (2009-2014),Lok Sabha,15,Shri Jaywant Gangaram Awale,Maharashtra,Latur,Latur(Sc),Rural & Urban Development,"MPLADS Allocation for Latur(Sc), Latur (Shri Jaywant Gangaram Awale)",2015-04-27,,19.04,18.36,21.85,19.35,0.99,In Progress,,0
LS15_0278,15th Lok Sabha (2009-2014),Lok Sabha,15,Shri Eknath Mahadeo Gaikwad,Maharashtra,Mumbai City,Mumbai South Central,Rural & Urban Development,"MPLADS Allocation for Mumbai South Central, Mumbai City (Shri Eknath Mahadeo Gaikwad)",2015-10-30,,18.45,15.68,19.35,19.35,3.67,In Progress,,0
LS15_0279,15th Lok Sabha (2009-2014),Lok Sabha,15,Shri Ganeshrao Nagorao Dudhgaonkar,Maharashtra,Parbhani,Parbhani,Rural & Urban Development,"MPLADS Allocation for Parbhani, Parbhani (Shri Ganeshrao Nagorao Dudhgaonkar)",2009-06-01,,18.8,17.82,21.85,19.35,1.53,In Progress,,0
LS15_0280,15th Lok Sabha (2009-2014),Lok Sabha,15,Shri Gurudas Vasant Kamat,Maharashtra,Mumbai Suburban,Mumbai North West,Rural & Urban Development,"MPLADS Allocation for Mumbai North West, Mumbai Suburban (Shri Gurudas Vasant Kamat)",2009-06-01,2014-05-31,18.68,19.35,21.85,19.35,0.0,Completed,,0
LS15_0281,15th Lok Sabha (2009-2014),Lok Sabha,15,Shri Dilipkumar Mansukhlal Gandhi,Maharashtra,Ahmadnagar,Ahmednagar,Rural & Urban Development,"MPLADS Allocation for Ahmednagar, Ahmadnagar (Shri Dilipkumar Mansukhlal Gandhi)",2009-06-01,,17.54,19.0,19.35,19.35,0.35,In Progress,,0
LS15_0282,15th Lok Sabha (2009-2014),Lok Sabha,15,Shri Gopinath Pandurang Munde,Maharashtra,Beed,Beed,Rural & Urban Development,"MPLADS Allocation for Beed, Beed (Shri Gopinath Pandurang Munde)",2015-03-13,,18.99,16.98,21.85,19.35,2.37,In Progress,,0
LS15_0283,15th Lok Sabha (2009-2014),Lok Sabha,15,Shri Marotrao Sainuji Kowase,Maharashtra,Garchiroli,Gadchiroli-Chimur(St),Rural & Urban Development,"MPLADS Allocation for Gadchiroli-Chimur(St), Garchiroli (Shri Marotrao Sainuji Kowase)",2015-06-19,2014-05-31,17.22,19.35,21.85,19.35,0.0,Completed,,0
LS15_0284,15th Lok Sabha (2009-2014),Lok Sabha,15,Shri Haribhau Madhav Jawale,Maharashtra,Jalgaon,Raver,Rural & Urban Development,"MPLADS Allocation for Raver, Jalgaon (Shri Haribhau Madhav Jawale)",2009-06-01,2014-05-31,18.41,19.35,19.35,19.35,0.0,Completed,,0
LS15_0285,15th Lok Sabha (2009-2014),Lok Sabha,15,Shri Manikrao Hodlya Gavit,Maharashtra,Nandurbar,Nandurbar(St),Rural & Urban Development,"MPLADS Allocation for Nandurbar(St), Nandurbar (Shri Manikrao Hodlya Gavit)",2015-07-24,2014-05-31,18.74,19.35,21.85,19.35,0.0,Completed,,0
LS15_0286,15th Lok Sabha (2009-2014),Lok Sabha,15,Shri Prataprao Ganpatrao Jadhav,Maharashtra,Buldana,Buldhana,Rural & Urban Development,"MPLADS Allocation for Buldhana, Buldana (Shri Prataprao Ganpatrao Jadhav)",2015-03-26,,18.52,17.04,19.35,19.35,2.31,In Progress,,0
LS15_0287,15th Lok Sabha (2009-2014),Lok Sabha,15,Shri Pratap Narayanrao Sonawane,Maharashtra,Dhule,Dhule,Rural & Urban Development,"MPLADS Allocation for Dhule, Dhule (Shri Pratap Narayanrao Sonawane)",2009-06-01,,19.26,15.99,21.85,19.35,3.36,In Progress,,0
LS15_0288,15th Lok Sabha (2009-2014),Lok Sabha,15,Shri Milind Murli Deora,Maharashtra,Mumbai City,Mumbai South,Rural & Urban Development,"MPLADS Allocation for Mumbai South, Mumbai City (Shri Milind Murli Deora)",2015-10-30,,15.15,14.88,21.85,16.85,1.97,In Progress,,0
LS15_0289,15th Lok Sabha (2009-2014),Lok Sabha,15,Shri Raju Alias Devappa Anna Shetti,Maharashtra,Kolhapur,Hatkanangle,Rural & Urban Development,"MPLADS Allocation for Hatkanangle, Kolhapur (Shri Raju Alias Devappa Anna Shetti)",2015-05-18,,19.29,18.73,21.85,19.35,0.62,In Progress,,0
LS15_0290,15th Lok Sabha (2009-2014),Lok Sabha,15,Shri Pratik Prakashbapu Patil,Maharashtra,Sangli,Sangli,Rural & Urban Development,"MPLADS Allocation for Sangli, Sangli (Shri Pratik Prakashbapu Patil)",2015-04-29,,18.73,17.26,21.85,19.35,2.09,In Progress,,0
LS15_0291,15th Lok Sabha (2009-2014),Lok Sabha,15,Shri Praful Manoharbhai Patel,Maharashtra,Gondia,Bhandara-Gondiya,Rural & Urban Development,"MPLADS Allocation for Bhandara-Gondiya, Gondia (Shri Praful Manoharbhai Patel)",2009-06-01,,19.12,15.69,21.85,19.35,3.66,In Progress,,0
LS15_0292,15th Lok Sabha (2009-2014),Lok Sabha,15,Shri Sadashiv Rao Dadoba Mandlik,Maharashtra,Kolhapur,Kolhapur,Rural & Urban Development,"MPLADS Allocation for Kolhapur, Kolhapur (Shri Sadashiv Rao Dadoba Mandlik)",2015-05-18,,19.18,18.25,19.35,19.35,1.1,In Progress,,0
LS15_0293,15th Lok Sabha (2009-2014),Lok Sabha,15,Shri Shivaji Adhalrao Patil,Maharashtra,Pune,Shirur,Rural & Urban Development,"MPLADS Allocation for Shirur, Pune (Shri Shivaji Adhalrao Patil)",2015-03-18,,19.15,19.15,19.35,19.35,0.2,In Progress,,0
LS15_0294,15th Lok Sabha (2009-2014),Lok Sabha,15,Shri Mukul Balkrishna Wasnik,Maharashtra,Nagpur,Ramtek(Sc),Rural & Urban Development,"MPLADS Allocation for Ramtek(Sc), Nagpur (Shri Mukul Balkrishna Wasnik)",2015-09-23,,18.65,18.09,21.85,19.35,1.26,In Progress,,0
LS15_0295,15th Lok Sabha (2009-2014),Lok Sabha,15,Shri Sanjay Nirupam,Maharashtra,Mumbai Suburban,Mumbai North,Rural & Urban Development,"MPLADS Allocation for Mumbai North, Mumbai Suburban (Shri Sanjay Nirupam)",2009-06-01,2014-05-31,18.82,19.35,19.35,19.35,0.0,Completed,,0
LS15_0296,15th Lok Sabha (2009-2014),Lok Sabha,15,Shri Sameer Magan Bhujbal,Maharashtra,Nashik,Nashik,Rural & Urban Development,"MPLADS Allocation for Nashik, Nashik (Shri Sameer Magan Bhujbal)",2015-03-26,2014-05-31,17.95,19.35,21.85,19.35,0.0,Completed,,0
LS15_0297,15th Lok Sabha (2009-2014),Lok Sabha,15,Shri Sanjay Shamrao Dhotre,Maharashtra,Akola,Akola,Rural & Urban Development,"MPLADS Allocation for Akola, Akola (Shri Sanjay Shamrao Dhotre)",2015-01-15,2014-05-31,18.77,19.35,21.85,19.35,0.0,Completed,,0
LS15_0298,15th Lok Sabha (2009-2014),Lok Sabha,15,Shri Sanjay Dina Patil,Maharashtra,Mumbai Suburban,Mumbai North East,Rural & Urban Development,"MPLADS Allocation for Mumbai North East, Mumbai Suburban (Shri Sanjay Dina Patil)",2015-09-22,2014-05-31,18.92,19.35,21.85,19.35,0.0,Completed,,0
LS15_0299,15th Lok Sabha (2009-2014),Lok Sabha,15,Shri Sushil Kumar Sambhajirao Shinde,Maharashtra,Solapur,Solapur(Sc),Rural & Urban Development,"MPLADS Allocation for Solapur(Sc), Solapur (Shri Sushil Kumar Sambhajirao Shinde)",2009-06-01,,18.73,15.96,21.85,16.85,0.89,In Progress,,0
LS15_0300,15th Lok Sabha (2009-2014),Lok Sabha,15,Shri Raosaheb Danve Patil,Maharashtra,Jalna,Jalna,Rural & Urban Development,"MPLADS Allocation for Jalna, Jalna (Shri Raosaheb Danve Patil)",2009-06-01,,18.63,16.83,21.85,19.35,2.52,In Progress,,0
LS15_0301,15th Lok Sabha (2009-2014),Lok Sabha,15,Shri Subhash Bapurao Wankhede,Maharashtra,Hingoli,Hingoli,Rural & Urban Development,"MPLADS Allocation for Hingoli, Hingoli (Shri Subhash Bapurao Wankhede)",2009-06-01,2014-05-31,17.57,19.57,21.85,19.35,-0.22,Completed,,0
LS15_0302,15th Lok Sabha (2009-2014),Lok Sabha,15,Shri Suresh Kalmadi,Maharashtra,Pune,Pune,Rural & Urban Development,"MPLADS Allocation for Pune, Pune (Shri Suresh Kalmadi)",2015-05-18,,19.14,18.55,21.85,19.35,0.8,In Progress,,0
LS15_0303,15th Lok Sabha (2009-2014),Lok Sabha,15,Shri Vilas Baburao Muttemwar,Maharashtra,Nagpur,Nagpur,Rural & Urban Development,"MPLADS Allocation for Nagpur, Nagpur (Shri Vilas Baburao Muttemwar)",2009-06-01,,19.08,16.34,19.35,16.85,0.51,In Progress,,0
LS15_0304,15th Lok Sabha (2009-2014),Lok Sabha,15,Shri Sharad Chandra Govindrao Pawar,Maharashtra,Solapur,Madha,Rural & Urban Development,"MPLADS Allocation for Madha, Solapur (Shri Sharad Chandra Govindrao Pawar)",2014-11-25,2014-05-31,18.45,16.85,21.85,16.85,0.0,Completed,,0
LS15_0305,15th Lok Sabha (2009-2014),Lok Sabha,15,Shri Udayanraje Pratapsingh Bhonsle,Maharashtra,Satara,Satara,Rural & Urban Development,"MPLADS Allocation for Satara, Satara (Shri Udayanraje Pratapsingh Bhonsle)",2015-03-24,2014-05-31,17.7,19.35,19.35,19.35,0.0,Completed,,0
LS15_0306,15th Lok Sabha (2009-2014),Lok Sabha,15,Smt. Bhavana Gawali (Patil),Maharashtra,Yavatmal,Yavatmal-Washim,Rural & Urban Development,"MPLADS Allocation for Yavatmal-Washim, Yavatmal (Smt. Bhavana Gawali (Patil))",2015-03-13,,18.87,16.92,21.85,19.35,2.43,In Progress,,0
LS15_0307,15th Lok Sabha (2009-2014),Lok Sabha,15,Shri Suresh Kashinath Taware,Maharashtra,Thane,Bhiwandi,Rural & Urban Development,"MPLADS Allocation for Bhiwandi, Thane (Shri Suresh Kashinath Taware)",2015-03-26,2014-05-31,18.01,19.35,21.85,19.35,0.0,Completed,,0
LS15_0308,15th Lok Sabha (2009-2014),Lok Sabha,15,Smt. Supriya Sadanand Sule,Maharashtra,Pune,Baramati,Rural & Urban Development,"MPLADS Allocation for Baramati, Pune (Smt. Supriya Sadanand Sule)",2009-06-01,,18.97,17.92,19.35,19.35,1.43,In Progress,,0
LS15_0309,15th Lok Sabha (2009-2014),Lok Sabha,15,Smt. Priya Sunil Dutt,Maharashtra,Mumbai Suburban,Mumbai North-Central,Rural & Urban Development,"MPLADS Allocation for Mumbai North-Central, Mumbai Suburban (Smt. Priya Sunil Dutt)",2015-09-21,2014-05-31,18.71,19.35,19.35,19.35,0.0,Completed,,0
LS15_0310,15th Lok Sabha (2009-2014),Lok Sabha,15,Dr. Thokchom Meinya,Manipur,Imphal West,Inner Manipur,Rural & Urban Development,"MPLADS Allocation for Inner Manipur, Imphal West (Dr. Thokchom Meinya)",2009-06-01,2014-05-31,18.69,19.0,21.5,19.0,0.0,Completed,,0
LS15_0311,15th Lok Sabha (2009-2014),Lok Sabha,15,Shri Thangso Baite,Manipur,Churachandpur,Outer Manipur(St),Rural & Urban Development,"MPLADS Allocation for Outer Manipur(St), Churachandpur (Shri Thangso Baite)",2013-11-22,2014-05-31,18.98,19.0,21.5,19.0,0.0,Completed,,0
LS15_0312,15th Lok Sabha (2009-2014),Lok Sabha,15,Km. Agatha K. Sangma,Meghalaya,West Garo Hills,Tura,Rural & Urban Development,"MPLADS Allocation for Tura, West Garo Hills (Km. Agatha K. Sangma)",2009-06-01,2014-05-31,18.93,19.0,19.0,19.0,0.0,Completed,,0
LS15_0313,15th Lok Sabha (2009-2014),Lok Sabha,15,Shri Vincent H Pala,Meghalaya,East Khasi Hills,Shillong,Rural & Urban Development,"MPLADS Allocation for Shillong, East Khasi Hills (Shri Vincent H Pala)",2013-12-18,2014-05-31,17.73,19.0,19.0,19.0,0.0,Completed,,0
LS15_0314,15th Lok Sabha (2009-2014),Lok Sabha,15,Shri C. L. Ruala,Mizoram,Aizawl,Mizoram (St),Rural & Urban Development,"MPLADS Allocation for Mizoram (St), Aizawl (Shri C. L. Ruala)",2014-02-14,2014-05-31,18.99,19.0,19.0,19.0,0.0,Completed,,0
LS15_0315,15th Lok Sabha (2009-2014),Lok Sabha,15,Shri C. M. Chang,Nagaland,Dimapur,Nagaland,Rural & Urban Development,"MPLADS Allocation for Nagaland, Dimapur (Shri C. M. Chang)",2009-06-01,,16.49,16.49,21.5,19.0,2.51,In Progress,,0
LS15_0316,15th Lok Sabha (2009-2014),Lok Sabha,15,Shri B. Atkinson Denzil,Nominated,Jaipur,,Rural & Urban Development,"MPLADS Allocation for , Jaipur (Shri B. Atkinson Denzil)",2009-06-01,,0.0,0.0,12.5,0.0,0.0,Allocated,,0
LS15_0317,15th Lok Sabha (2009-2014),Lok Sabha,15,Dr. Charles Dias,Nominated,Ernakulam,Central1,Rural & Urban Development,"MPLADS Allocation for Central1, Ernakulam (Dr. Charles Dias)",2014-12-17,,18.78,18.17,19.0,19.0,0.83,In Progress,,0
LS15_0318,15th Lok Sabha (2009-2014),Lok Sabha,15,Smt. Ingrid Mcleod,Nominated,Bilaspur,Central2,Rural & Urban Development,"MPLADS Allocation for Central2, Bilaspur (Smt. Ingrid Mcleod)",2014-02-14,,18.78,18.77,19.0,19.0,0.23,In Progress,,0
LS15_0319,15th Lok Sabha (2009-2014),Lok Sabha,15,Shri Amarnath Pradhan,Odisha,Sambalpur,Sambalpur,Rural & Urban Development,"MPLADS Allocation for Sambalpur, Sambalpur (Shri Amarnath Pradhan)",2014-02-19,,18.97,18.11,19.0,19.0,0.89,In Progress,,0
LS15_0320,15th Lok Sabha (2009-2014),Lok Sabha,15,Dr. Prasanna Kumar Patasani,Odisha,Khordha,Bhubaneswar,Rural & Urban Development,"MPLADS Allocation for Bhubaneswar, Khordha (Dr. Prasanna Kumar Patasani)",2014-02-25,,18.98,18.0,19.0,19.0,1.0,In Progress,,0
LS15_0321,15th Lok Sabha (2009-2014),Lok Sabha,15,"Shri Baijayant ""Jay"" Panda",Odisha,Kendrapara,Kendrapara,Rural & Urban Development,"MPLADS Allocation for Kendrapara, Kendrapara (Shri Baijayant ""Jay"" Panda)",2009-06-01,,18.68,16.47,21.5,19.0,2.53,In Progress,,0
LS15_0322,15th Lok Sabha (2009-2014),Lok Sabha,15,Shri Bibhu Prasad Tarai,Odisha,Jagatsinghpur,Jagatsinghpur(Sc),Rural & Urban Development,"MPLADS Allocation for Jagatsinghpur(Sc), Jagatsinghpur (Shri Bibhu Prasad Tarai)",2014-02-19,2014-05-31,17.37,19.0,21.5,19.0,0.0,Completed,,0
LS15_0323,15th Lok Sabha (2009-2014),Lok Sabha,15,Shri Arjun Charan Sethi,Odisha,Bhadrak,Bhadrak(Sc),Rural & Urban Development,"MPLADS Allocation for Bhadrak(Sc), Bhadrak (Shri Arjun Charan Sethi)",2009-06-01,,16.5,14.06,19.0,19.0,4.94,In Progress,,0
LS15_0324,15th Lok Sabha (2009-2014),Lok Sabha,15,Shri Bhartruhari Mahtab,Odisha,Cuttack,Cuttack,Rural & Urban Development,"MPLADS Allocation for Cuttack, Cuttack (Shri Bhartruhari Mahtab)",2009-06-01,2014-05-31,16.48,19.0,21.5,19.0,0.0,Completed,,0
LS15_0325,15th Lok Sabha (2009-2014),Lok Sabha,15,Shri Bhakta Charan Das,Odisha,Kalahandi,Kalahandi,Rural & Urban Development,"MPLADS Allocation for Kalahandi, Kalahandi (Shri Bhakta Charan Das)",2014-09-17,,15.54,14.1,21.5,19.0,4.9,In Progress,,0
LS15_0326,15th Lok Sabha (2009-2014),Lok Sabha,15,Shri Hemanand Biswal,Odisha,Sundargarh,Sundargarh (St),Rural & Urban Development,"MPLADS Allocation for Sundargarh (St), Sundargarh (Shri Hemanand Biswal)",2014-06-30,2014-05-31,18.81,19.0,21.5,19.0,0.0,Completed,,0
LS15_0327,15th Lok Sabha (2009-2014),Lok Sabha,15,Shri Jayaram Pangi,Odisha,Rayagada,Koraput(St),Rural & Urban Development,"MPLADS Allocation for Koraput(St), Rayagada (Shri Jayaram Pangi)",2015-01-23,,16.27,15.55,19.0,16.5,0.95,In Progress,,0
LS15_0328,15th Lok Sabha (2009-2014),Lok Sabha,15,Shri Mohan Jena,Odisha,Jajpur,Jajpur(Sc),Rural & Urban Development,"MPLADS Allocation for Jajpur(Sc), Jajpur (Shri Mohan Jena)",2014-11-18,2014-05-31,18.61,19.0,21.5,19.0,0.0,Completed,,0
LS15_0329,15th Lok Sabha (2009-2014),Lok Sabha,15,Shri Kalikesh Narayan Singh Deo,Odisha,Bolangir,Bolangir,Rural & Urban Development,"MPLADS Allocation for Bolangir, Bolangir (Shri Kalikesh Narayan Singh Deo)",2014-02-24,2014-05-31,21.79,19.44,19.0,19.0,-0.44,Completed,,0
LS15_0330,15th Lok Sabha (2009-2014),Lok Sabha,15,Shri Laxman Tudu,Odisha,Mayurbhanj,Mayurbhanj (St),Rural & Urban Development,"MPLADS Allocation for Mayurbhanj (St), Mayurbhanj (Shri Laxman Tudu)",2013-11-28,,19.0,18.29,21.5,19.0,0.71,In Progress,,0
LS15_0331,15th Lok Sabha (2009-2014),Lok Sabha,15,Shri Nityananda Pradhan,Odisha,Ganjam,Aska,Rural & Urban Development,"MPLADS Allocation for Aska, Ganjam (Shri Nityananda Pradhan)",2015-04-21,,18.47,18.47,19.0,19.0,0.53,In Progress,,0
LS15_0332,15th Lok Sabha (2009-2014),Lok Sabha,15,Shri Pinaki Misra,Odisha,Puri,Puri,Rural & Urban Development,"MPLADS Allocation for Puri, Puri (Shri Pinaki Misra)",2014-07-24,2014-05-31,17.85,19.24,21.5,19.0,-0.24,Completed,,0
LS15_0333,15th Lok Sabha (2009-2014),Lok Sabha,15,Shri Rudra Madhab Ray,Odisha,Kandhamal,Kandhamal,Rural & Urban Development,"MPLADS Allocation for Kandhamal, Kandhamal (Shri Rudra Madhab Ray)",2014-01-22,,18.83,14.92,21.5,19.0,4.08,In Progress,,0
LS15_0334,15th Lok Sabha (2009-2014),Lok Sabha,15,Shri Pradeep Majhi,Odisha,Nabarangpur,Nabarangpur)St),Rural & Urban Development,"MPLADS Allocation for Nabarangpur)St), Nabarangpur (Shri Pradeep Majhi)",2014-01-29,2014-05-31,12.99,16.5,21.5,16.5,0.0,Completed,,0
LS15_0335,15th Lok Sabha (2009-2014),Lok Sabha,15,Shri Srikant Kumar Jena,Odisha,Balasore,Balasore,Rural & Urban Development,"MPLADS Allocation for Balasore, Balasore (Shri Srikant Kumar Jena)",2014-01-17,,18.9,16.8,21.5,19.0,2.2,In Progress,,0
LS15_0336,15th Lok Sabha (2009-2014),Lok Sabha,15,Shri Sidhant Mohapatra,Odisha,Ganjam,Berhampur,Rural & Urban Development,"MPLADS Allocation for Berhampur, Ganjam (Shri Sidhant Mohapatra)",2009-06-01,,18.29,18.29,19.0,19.0,0.71,In Progress,,0
LS15_0337,15th Lok Sabha (2009-2014),Lok Sabha,15,Shri Sunjay Bhoi,Odisha,Baragarh,Bargarh,Rural & Urban Development,"MPLADS Allocation for Bargarh, Baragarh (Shri Sunjay Bhoi)",2014-12-26,2014-05-31,16.5,16.5,21.5,16.5,0.0,Completed,,0
LS15_0338,15th Lok Sabha (2009-2014),Lok Sabha,15,Shri Tathagata Satpathy,Odisha,Dhenkanal,Dhenkanal,Rural & Urban Development,"MPLADS Allocation for Dhenkanal, Dhenkanal (Shri Tathagata Satpathy)",2009-06-01,2014-05-31,15.41,19.0,21.5,19.0,0.0,Completed,,0
LS15_0339,15th Lok Sabha (2009-2014),Lok Sabha,15,Shri Yashbant Narayan Singh Laguri,Odisha,Keonjhar,Keonjhar(St),Rural & Urban Development,"MPLADS Allocation for Keonjhar(St), Keonjhar (Shri Yashbant Narayan Singh Laguri)",2009-06-01,,17.77,16.02,21.5,19.0,2.98,In Progress,,0
LS15_0340,15th Lok Sabha (2009-2014),Lok Sabha,15,Shri V. Narayanasamy,Puducherry,Pondicherry,Pondicherry,Rural & Urban Development,"MPLADS Allocation for Pondicherry, Pondicherry (Shri V. Narayanasamy)",2015-11-16,2014-05-31,20.02,20.0,22.5,20.0,0.0,Completed,,0
LS15_0341,15th Lok Sabha (2009-2014),Lok Sabha,15,Dr. Rattan Singh Ajnala,Punjab,Tarn Taran,Khadoor Sahib,Rural & Urban Development,"MPLADS Allocation for Khadoor Sahib, Tarn Taran (Dr. Rattan Singh Ajnala)",2009-06-01,2014-05-31,17.93,19.0,21.5,19.0,0.0,Completed,,0
LS15_0342,15th Lok Sabha (2009-2014),Lok Sabha,15,Shri Navjot Singh Sidhu,Punjab,Amritsar,Amritsar,Rural & Urban Development,"MPLADS Allocation for Amritsar, Amritsar (Shri Navjot Singh Sidhu)",2014-10-21,2014-05-31,19.0,19.0,21.5,19.0,0.0,Completed,,0
LS15_0343,15th Lok Sabha (2009-2014),Lok Sabha,15,Shri Manish Tewari,Punjab,Ludhiana,Ludhiana,Rural & Urban Development,"MPLADS Allocation for Ludhiana, Ludhiana (Shri Manish Tewari)",2014-01-20,2014-05-31,17.86,19.0,21.5,19.0,0.0,Completed,,0
LS15_0344,15th Lok Sabha (2009-2014),Lok Sabha,15,Shri Mohinder Singh Kaypee,Punjab,Jalandhar,Jalandhar(Sc),Rural & Urban Development,"MPLADS Allocation for Jalandhar(Sc), Jalandhar (Shri Mohinder Singh Kaypee)",2014-08-28,,18.0,17.91,19.0,19.0,1.09,In Progress,,0
LS15_0345,15th Lok Sabha (2009-2014),Lok Sabha,15,Shri Sher Singh Ghubaya,Punjab,Firozepur,Firozpur,Rural & Urban Development,"MPLADS Allocation for Firozpur, Firozepur (Shri Sher Singh Ghubaya)",2013-12-16,2014-05-31,18.45,19.0,19.0,19.0,0.0,Completed,,0
LS15_0346,15th Lok Sabha (2009-2014),Lok Sabha,15,Shri Partap Singh Bajwa,Punjab,Gurdaspur,Gurdaspur,Rural & Urban Development,"MPLADS Allocation for Gurdaspur, Gurdaspur (Shri Partap Singh Bajwa)",2014-12-17,2014-05-31,18.99,19.0,19.0,19.0,0.0,Completed,,0
LS15_0347,15th Lok Sabha (2009-2014),Lok Sabha,15,Shri Vijay Inder Singla,Punjab,Sangrur,Sangrur,Rural & Urban Development,"MPLADS Allocation for Sangrur, Sangrur (Shri Vijay Inder Singla)",2014-01-29,,18.56,18.05,21.5,19.0,0.95,In Progress,,0
LS15_0348,15th Lok Sabha (2009-2014),Lok Sabha,15,Shri Ravneet Singh,Punjab,Rupnagar,Anandpur Sahib,Rural & Urban Development,"MPLADS Allocation for Anandpur Sahib, Rupnagar (Shri Ravneet Singh)",2009-06-01,2014-05-31,18.27,19.0,19.0,19.0,0.0,Completed,,0
LS15_0349,15th Lok Sabha (2009-2014),Lok Sabha,15,Shri Sukhdev Singh Libra,Punjab,Fatehgarh Sahib,Fatehgarh Sahib(Sc),Rural & Urban Development,"MPLADS Allocation for Fatehgarh Sahib(Sc), Fatehgarh Sahib (Shri Sukhdev Singh Libra)",2014-08-28,2014-05-31,17.56,19.0,19.0,19.0,0.0,Completed,,0
LS15_0350,15th Lok Sabha (2009-2014),Lok Sabha,15,Smt. Paramjit Kaur Gulshan,Punjab,Faridkot,Faridkot(Sc),Rural & Urban Development,"MPLADS Allocation for Faridkot(Sc), Faridkot (Smt. Paramjit Kaur Gulshan)",2013-11-27,2014-05-31,18.72,19.0,21.5,19.0,0.0,Completed,,0
LS15_0351,15th Lok Sabha (2009-2014),Lok Sabha,15,Smt. Preneet Kaur,Punjab,Patiala,Patiala,Rural & Urban Development,"MPLADS Allocation for Patiala, Patiala (Smt. Preneet Kaur)",2013-11-27,2014-05-31,18.52,19.0,21.5,19.0,0.0,Completed,,0
LS15_0352,15th Lok Sabha (2009-2014),Lok Sabha,15,Smt. Santosh Chowdhary,Punjab,Hoshiarpur,Hoshiarpur(Sc),Rural & Urban Development,"MPLADS Allocation for Hoshiarpur(Sc), Hoshiarpur (Smt. Santosh Chowdhary)",2013-11-27,2014-05-31,18.67,19.0,21.5,19.0,0.0,Completed,,0
LS15_0353,15th Lok Sabha (2009-2014),Lok Sabha,15,Smt. Harsimrat Kaur Badal,Punjab,Bhatinda,Bhatinda,Rural & Urban Development,"MPLADS Allocation for Bhatinda, Bhatinda (Smt. Harsimrat Kaur Badal)",2009-06-01,2014-05-31,18.94,19.0,19.0,19.0,0.0,Completed,,0
LS15_0354,15th Lok Sabha (2009-2014),Lok Sabha,15,Dr. Jyoti Mirdha,Rajasthan,Nagaur,Nagaur,Rural & Urban Development,"MPLADS Allocation for Nagaur, Nagaur (Dr. Jyoti Mirdha)",2015-05-29,,18.8,16.35,21.5,19.0,2.65,In Progress,,0
LS15_0355,15th Lok Sabha (2009-2014),Lok Sabha,15,Shri Bharat Ram Meghwal,Rajasthan,Sriganganagar,Ganganagar(Sc),Rural & Urban Development,"MPLADS Allocation for Ganganagar(Sc), Sriganganagar (Shri Bharat Ram Meghwal)",2014-02-27,,18.86,18.16,19.0,19.0,0.84,In Progress,,0
LS15_0356,15th Lok Sabha (2009-2014),Lok Sabha,15,Shri Arjun Ram Meghwal,Rajasthan,Bikaner,Bikaner(Sc),Rural & Urban Development,"MPLADS Allocation for Bikaner(Sc), Bikaner (Shri Arjun Ram Meghwal)",2014-07-28,,19.22,18.61,21.5,19.0,0.39,In Progress,,0
LS15_0357,15th Lok Sabha (2009-2014),Lok Sabha,15,Shri Badri Ram Jakhar,Rajasthan,Jodhpur,Pali,Rural & Urban Development,"MPLADS Allocation for Pali, Jodhpur (Shri Badri Ram Jakhar)",2016-03-28,,18.68,18.19,21.5,19.0,0.81,In Progress,,0
LS15_0358,15th Lok Sabha (2009-2014),Lok Sabha,15,Dr. C. P. Joshi,Rajasthan,Bhilwara,Bhilwara,Rural & Urban Development,"MPLADS Allocation for Bhilwara, Bhilwara (Dr. C. P. Joshi)",2014-10-14,,18.34,18.31,21.5,19.0,0.69,In Progress,,0
LS15_0359,15th Lok Sabha (2009-2014),Lok Sabha,15,Dr. Girija Vyas,Rajasthan,Chittorgarh,Chittorgarh,Rural & Urban Development,"MPLADS Allocation for Chittorgarh, Chittorgarh (Dr. Girija Vyas)",2014-02-25,,18.67,18.17,19.0,19.0,0.83,In Progress,,0
LS15_0360,15th Lok Sabha (2009-2014),Lok Sabha,15,Dr. Mahesh Joshi,Rajasthan,Jaipur,Jaipur,Rural & Urban Development,"MPLADS Allocation for Jaipur, Jaipur (Dr. Mahesh Joshi)",2009-06-01,,19.02,16.28,21.5,19.0,2.72,In Progress,,0
LS15_0361,15th Lok Sabha (2009-2014),Lok Sabha,15,Shri Devji Mansingram Patel,Rajasthan,Jalore,Jalore,Rural & Urban Development,"MPLADS Allocation for Jalore, Jalore (Shri Devji Mansingram Patel)",2015-02-18,2014-05-31,17.25,19.0,21.5,19.0,0.0,Completed,,0
LS15_0362,15th Lok Sabha (2009-2014),Lok Sabha,15,Shri Dushyant Singh,Rajasthan,Jhalawar,Jhalawar-Baran,Rural & Urban Development,"MPLADS Allocation for Jhalawar-Baran, Jhalawar (Shri Dushyant Singh)",2014-02-28,,18.58,16.36,19.0,19.0,2.64,In Progress,,0
LS15_0363,15th Lok Sabha (2009-2014),Lok Sabha,15,Shri Ijyaraj Singh,Rajasthan,Kota,Kota,Rural & Urban Development,"MPLADS Allocation for Kota, Kota (Shri Ijyaraj Singh)",2014-11-25,,17.19,14.09,21.5,19.0,4.91,In Progress,,0
LS15_0364,15th Lok Sabha (2009-2014),Lok Sabha,15,Shri Jitendra Singh,Rajasthan,Alwar,Alwar,Rural & Urban Development,"MPLADS Allocation for Alwar, Alwar (Shri Jitendra Singh)",2009-06-01,,18.48,17.49,21.5,19.0,1.51,In Progress,,0
LS15_0365,15th Lok Sabha (2009-2014),Lok Sabha,15,Shri Gopal Singh Shekhawat,Rajasthan,Rajsamand,Rajsamand,Rural & Urban Development,"MPLADS Allocation for Rajsamand, Rajsamand (Shri Gopal Singh Shekhawat)",2014-02-28,2014-05-31,17.97,19.0,19.0,19.0,0.0,Completed,,0
LS15_0366,15th Lok Sabha (2009-2014),Lok Sabha,15,Shri Harish Choudhary,Rajasthan,Barmer,Barmer,Rural & Urban Development,"MPLADS Allocation for Barmer, Barmer (Shri Harish Choudhary)",2009-06-01,2014-05-31,15.96,19.0,21.5,19.0,0.0,Completed,,0
LS15_0367,15th Lok Sabha (2009-2014),Lok Sabha,15,Shri Khiladi Lal Bairwa,Rajasthan,Karauli,Karauli-Dholpur(Sc),Rural & Urban Development,"MPLADS Allocation for Karauli-Dholpur(Sc), Karauli (Shri Khiladi Lal Bairwa)",2015-03-20,,17.21,14.32,21.5,19.0,4.68,In Progress,,0
LS15_0368,15th Lok Sabha (2009-2014),Lok Sabha,15,Shri Kirodi Lal Meena,Rajasthan,Dausa,Dausa(St),Rural & Urban Development,"MPLADS Allocation for Dausa(St), Dausa (Shri Kirodi Lal Meena)",2014-12-26,,19.06,15.52,21.5,19.0,3.48,In Progress,,0
LS15_0369,15th Lok Sabha (2009-2014),Lok Sabha,15,Shri Mahadeo Singh Khandela,Rajasthan,Sikar,Sikar,Rural & Urban Development,"MPLADS Allocation for Sikar, Sikar (Shri Mahadeo Singh Khandela)",2014-02-19,,17.99,17.24,19.0,19.0,1.76,In Progress,,0
LS15_0370,15th Lok Sabha (2009-2014),Lok Sabha,15,Shri Namo Narain Meena,Rajasthan,Sawaimadhopur,Tonk-Sawai Madhopur,Rural & Urban Development,"MPLADS Allocation for Tonk-Sawai Madhopur, Sawaimadhopur (Shri Namo Narain Meena)",2013-12-30,2014-05-31,15.48,19.0,19.0,19.0,0.0,Completed,,0
LS15_0371,15th Lok Sabha (2009-2014),Lok Sabha,15,Shri Lal Chand Kataria,Rajasthan,Jaipur,Jaipur Rural,Rural & Urban Development,"MPLADS Allocation for Jaipur Rural, Jaipur (Shri Lal Chand Kataria)",2015-04-21,,18.57,16.47,21.5,19.0,2.53,In Progress,,0
LS15_0372,15th Lok Sabha (2009-2014),Lok Sabha,15,Shri Raghuvir Singh Meena,Rajasthan,Udaipur,Udaipur(St),Rural & Urban Development,"MPLADS Allocation for Udaipur(St), Udaipur (Shri Raghuvir Singh Meena)",2014-01-22,,18.25,17.9,21.5,19.0,1.1,In Progress,,0
LS15_0373,15th Lok Sabha (2009-2014),Lok Sabha,15,Shri Ratan Singh,Rajasthan,Bharatpur,Bharatpur(Sc),Rural & Urban Development,"MPLADS Allocation for Bharatpur(Sc), Bharatpur (Shri Ratan Singh)",2009-06-01,,18.44,15.53,21.5,19.0,3.47,In Progress,,0
LS15_0374,15th Lok Sabha (2009-2014),Lok Sabha,15,Shri Sachin Pilot,Rajasthan,Ajmer,Ajmer,Rural & Urban Development,"MPLADS Allocation for Ajmer, Ajmer (Shri Sachin Pilot)",2009-06-01,,18.41,16.3,21.5,19.0,2.7,In Progress,,0
LS15_0375,15th Lok Sabha (2009-2014),Lok Sabha,15,Shri Ram Singh Kaswan,Rajasthan,Churu,Churu,Rural & Urban Development,"MPLADS Allocation for Churu, Churu (Shri Ram Singh Kaswan)",2014-02-27,,18.52,18.24,19.0,19.0,0.76,In Progress,,0
LS15_0376,15th Lok Sabha (2009-2014),Lok Sabha,15,Shri Sheesh Ram Ola,Rajasthan,Jhunjhunu,Jhunjhunu,Rural & Urban Development,"MPLADS Allocation for Jhunjhunu, Jhunjhunu (Shri Sheesh Ram Ola)",2009-06-01,,16.09,16.09,16.5,16.5,0.41,In Progress,,0
LS15_0377,15th Lok Sabha (2009-2014),Lok Sabha,15,Smt. Chandresh Kumari Katoch,Rajasthan,Jodhpur,Jodhpur,Rural & Urban Development,"MPLADS Allocation for Jodhpur, Jodhpur (Smt. Chandresh Kumari Katoch)",2014-12-26,,16.7,16.5,21.5,19.0,2.5,In Progress,,0
LS15_0378,15th Lok Sabha (2009-2014),Lok Sabha,15,Shri Tarachand Bhagora,Rajasthan,Banswara,Banswara(St),Rural & Urban Development,"MPLADS Allocation for Banswara(St), Banswara (Shri Tarachand Bhagora)",2009-06-01,,18.95,16.45,21.5,19.0,2.55,In Progress,,0
LS15_0379,15th Lok Sabha (2009-2014),Lok Sabha,15,Shri Prem Das Rai,Sikkim,East District,Sikkim,Rural & Urban Development,"MPLADS Allocation for Sikkim, East District (Shri Prem Das Rai)",2014-02-14,2014-05-31,18.06,19.0,19.0,19.0,0.0,Completed,,0
LS15_0380,15th Lok Sabha (2009-2014),Lok Sabha,15,Shri A.K.S. Vijayan,Tamil Nadu,Thiruvarur,Nagapattinam(Sc),Rural & Urban Development,"MPLADS Allocation for Nagapattinam(Sc), Thiruvarur (Shri A.K.S. Vijayan)",2009-06-01,2014-05-31,18.73,19.03,21.53,19.03,0.0,Completed,,0
LS15_0381,15th Lok Sabha (2009-2014),Lok Sabha,15,Shri Abdul Rahman Rahman,Tamil Nadu,Vellore,Vellore,Rural & Urban Development,"MPLADS Allocation for Vellore, Vellore (Shri Abdul Rahman Rahman)",2014-01-28,2014-05-31,18.54,19.03,21.53,19.03,0.0,Completed,,0
LS15_0382,15th Lok Sabha (2009-2014),Lok Sabha,15,Shri Adhi Sankar,Tamil Nadu,Villupuram,Kallakurichi,Rural & Urban Development,"MPLADS Allocation for Kallakurichi, Villupuram (Shri Adhi Sankar)",2009-06-01,,18.55,16.11,16.53,16.53,0.42,In Progress,,0
LS15_0383,15th Lok Sabha (2009-2014),Lok Sabha,15,Shri Andimuthu Raja,Tamil Nadu,Nilgiris,Nilgiris(Sc),Rural & Urban Development,"MPLADS Allocation for Nilgiris(Sc), Nilgiris (Shri Andimuthu Raja)",2009-06-01,2014-05-31,18.68,19.03,21.53,19.03,0.0,Completed,,0
LS15_0384,15th Lok Sabha (2009-2014),Lok Sabha,15,Shri C. Rajendran,Tamil Nadu,Chennai,Chennai South,Rural & Urban Development,"MPLADS Allocation for Chennai South, Chennai (Shri C. Rajendran)",2015-07-15,,16.39,15.84,21.53,16.53,0.69,In Progress,,0
LS15_0385,15th Lok Sabha (2009-2014),Lok Sabha,15,Shri D. Napoleon,Tamil Nadu,Perambalur,Perambalur,Rural & Urban Development,"MPLADS Allocation for Perambalur, Perambalur (Shri D. Napoleon)",2014-01-29,2014-05-31,18.29,19.03,21.53,19.03,0.0,Completed,,0
LS15_0386,15th Lok Sabha (2009-2014),Lok Sabha,15,Shri A. Ganeshamurthi,Tamil Nadu,Erode,Erode,Rural & Urban Development,"MPLADS Allocation for Erode, Erode (Shri A. Ganeshamurthi)",2014-02-28,2014-05-31,19.32,19.03,19.03,19.03,0.0,Completed,,0
LS15_0387,15th Lok Sabha (2009-2014),Lok Sabha,15,Dr. Ponnusamy Venugopal,Tamil Nadu,Tiruvallur,Tiruvallur(Sc),Rural & Urban Development,"MPLADS Allocation for Tiruvallur(Sc), Tiruvallur (Dr. Ponnusamy Venugopal)",2009-06-01,2014-05-31,18.49,19.03,19.03,19.03,0.0,Completed,,0
LS15_0388,15th Lok Sabha (2009-2014),Lok Sabha,15,Dr. S. Jagathrakshakan,Tamil Nadu,Vellore,Arakkonam,Rural & Urban Development,"MPLADS Allocation for Arakkonam, Vellore (Dr. S. Jagathrakshakan)",2014-01-28,2014-05-31,18.57,19.03,21.53,19.03,0.0,Completed,,0
LS15_0389,15th Lok Sabha (2009-2014),Lok Sabha,15,Dr. Munisamy Thambidurai,Tamil Nadu,Karur,Karur,Rural & Urban Development,"MPLADS Allocation for Karur, Karur (Dr. Munisamy Thambidurai)",2009-06-01,2014-05-31,17.67,19.03,19.03,19.03,0.0,Completed,,0
LS15_0390,15th Lok Sabha (2009-2014),Lok Sabha,15,Shri Danapal Venugopal,Tamil Nadu,Tiruvannamalai,Tiruvannamalai,Rural & Urban Development,"MPLADS Allocation for Tiruvannamalai, Tiruvannamalai (Shri Danapal Venugopal)",2009-06-01,2014-05-31,18.66,19.03,19.03,19.03,0.0,Completed,,0
LS15_0391,15th Lok Sabha (2009-2014),Lok Sabha,15,Shri C. Sivasami,Tamil Nadu,Tirupur,Tiruppur,Rural & Urban Development,"MPLADS Allocation for Tiruppur, Tirupur (Shri C. Sivasami)",2014-07-28,2014-05-31,18.06,19.03,19.03,19.03,0.0,Completed,,0
LS15_0392,15th Lok Sabha (2009-2014),Lok Sabha,15,Shri Dayanidhi Maran,Tamil Nadu,Chennai,Chennai Central,Rural & Urban Development,"MPLADS Allocation for Chennai Central, Chennai (Shri Dayanidhi Maran)",2009-06-01,2014-05-31,7.82,11.53,19.03,11.53,0.0,Completed,,0
LS15_0393,15th Lok Sabha (2009-2014),Lok Sabha,15,Shri E.G. Sugavanam,Tamil Nadu,Krishnagiri,Krishnagiri,Rural & Urban Development,"MPLADS Allocation for Krishnagiri, Krishnagiri (Shri E.G. Sugavanam)",2009-06-01,2014-05-31,17.36,19.03,21.53,19.03,0.0,Completed,,0
LS15_0394,15th Lok Sabha (2009-2014),Lok Sabha,15,Shri J.M. Aaroon Rasheed,Tamil Nadu,Theni,Theni,Rural & Urban Development,"MPLADS Allocation for Theni, Theni (Shri J.M. Aaroon Rasheed)",2009-06-01,2014-05-31,18.05,19.03,21.53,19.03,0.0,Completed,,0
LS15_0395,15th Lok Sabha (2009-2014),Lok Sabha,15,Shri K.J. K. Ritheesh Shivakumar,Tamil Nadu,Ramanathapuram,Ramanathapuram,Rural & Urban Development,"MPLADS Allocation for Ramanathapuram, Ramanathapuram (Shri K.J. K. Ritheesh Shivakumar)",2009-06-01,2014-05-31,18.38,19.03,21.53,19.03,0.0,Completed,,0
LS15_0396,15th Lok Sabha (2009-2014),Lok Sabha,15,Shri M. K. Alagiri,Tamil Nadu,Madurai,Madurai,Rural & Urban Development,"MPLADS Allocation for Madurai, Madurai (Shri M. K. Alagiri)",2009-06-01,2014-05-31,17.91,19.03,19.03,19.03,0.0,Completed,,0
LS15_0397,15th Lok Sabha (2009-2014),Lok Sabha,15,Shri K. Murugesan Anandan,Tamil Nadu,Villupuram,Viluppuram(Sc),Rural & Urban Development,"MPLADS Allocation for Viluppuram(Sc), Villupuram (Shri K. Murugesan Anandan)",2013-11-27,2014-05-31,18.97,16.52,19.03,16.53,0.01,Completed,,0
LS15_0398,15th Lok Sabha (2009-2014),Lok Sabha,15,Shri M. Krishnasswamy,Tamil Nadu,Tiruvannamalai,Arani,Rural & Urban Development,"MPLADS Allocation for Arani, Tiruvannamalai (Shri M. Krishnasswamy)",2014-02-21,2014-05-31,18.22,19.03,21.53,19.03,0.0,Completed,,0
LS15_0399,15th Lok Sabha (2009-2014),Lok Sabha,15,Shri Manicka Tagore,Tamil Nadu,Virudhunagar,Virudhunagar,Rural & Urban Development,"MPLADS Allocation for Virudhunagar, Virudhunagar (Shri Manicka Tagore)",2014-11-24,2014-05-31,17.5,19.03,19.03,19.03,0.0,Completed,,0
LS15_0400,15th Lok Sabha (2009-2014),Lok Sabha,15,Shri O. S. Manian,Tamil Nadu,Nagapattinam,Mayiladuthurai,Rural & Urban Development,"MPLADS Allocation for Mayiladuthurai, Nagapattinam (Shri O. S. Manian)",2009-06-01,2014-05-31,19.0,19.03,21.53,19.03,0.0,Completed,,0
LS15_0401,15th Lok Sabha (2009-2014),Lok Sabha,15,Shri P. Kumar,Tamil Nadu,Tiruchirappalli,Tiruchirappalli,Rural & Urban Development,"MPLADS Allocation for Tiruchirappalli, Tiruchirappalli (Shri P. Kumar)",2009-06-01,2014-05-31,17.8,19.03,21.53,19.03,0.0,Completed,,0
LS15_0402,15th Lok Sabha (2009-2014),Lok Sabha,15,Shri K. Sugumar,Tamil Nadu,Coimbatore,Pollachi,Rural & Urban Development,"MPLADS Allocation for Pollachi, Coimbatore (Shri K. Sugumar)",2014-07-28,2014-05-31,17.71,19.03,21.53,19.03,0.0,Completed,,0
LS15_0403,15th Lok Sabha (2009-2014),Lok Sabha,15,Shri R. Thamaraiselvan,Tamil Nadu,Dharmapuri,Dharamapuri,Rural & Urban Development,"MPLADS Allocation for Dharamapuri, Dharmapuri (Shri R. Thamaraiselvan)",2013-11-28,2014-05-31,18.39,17.2,21.53,16.53,-0.67,Completed,,0
LS15_0404,15th Lok Sabha (2009-2014),Lok Sabha,15,Shri Palaniappan Chidambaram,Tamil Nadu,Sivaganga,Sivaganga,Rural & Urban Development,"MPLADS Allocation for Sivaganga, Sivaganga (Shri Palaniappan Chidambaram)",2009-06-01,2014-05-31,18.47,19.03,19.03,19.03,0.0,Completed,,0
LS15_0405,15th Lok Sabha (2009-2014),Lok Sabha,15,Shri N.S.V. Chitthan,Tamil Nadu,Dindigul,Dindigul,Rural & Urban Development,"MPLADS Allocation for Dindigul, Dindigul (Shri N.S.V. Chitthan)",2014-07-16,2014-05-31,19.2,19.03,21.53,19.03,0.0,Completed,,0
LS15_0406,15th Lok Sabha (2009-2014),Lok Sabha,15,Shri P. Lingam,Tamil Nadu,Tirunelveli,Tenkasi(Sc),Rural & Urban Development,"MPLADS Allocation for Tenkasi(Sc), Tirunelveli (Shri P. Lingam)",2009-06-01,,18.61,18.83,19.03,19.03,0.2,In Progress,,0
LS15_0407,15th Lok Sabha (2009-2014),Lok Sabha,15,Shri Sambandam Keerapalayam Alagiri,Tamil Nadu,Cuddalore,Cuddalore,Rural & Urban Development,"MPLADS Allocation for Cuddalore, Cuddalore (Shri Sambandam Keerapalayam Alagiri)",2014-02-20,,18.42,16.52,19.03,19.03,2.51,In Progress,,0
LS15_0408,15th Lok Sabha (2009-2014),Lok Sabha,15,Shri P. R. Natarajan,Tamil Nadu,Coimbatore,Coimbatore,Rural & Urban Development,"MPLADS Allocation for Coimbatore, Coimbatore (Shri P. R. Natarajan)",2014-07-28,2014-05-31,17.48,19.03,21.53,19.03,0.0,Completed,,0
LS15_0409,15th Lok Sabha (2009-2014),Lok Sabha,15,Shri S.S. Palanimanickam,Tamil Nadu,Thanjavur,Thanjavur,Rural & Urban Development,"MPLADS Allocation for Thanjavur, Thanjavur (Shri S.S. Palanimanickam)",2009-06-01,2014-05-31,18.11,19.03,19.03,19.03,0.0,Completed,,0
LS15_0410,15th Lok Sabha (2009-2014),Lok Sabha,15,Shri S. Semmalai,Tamil Nadu,Salem,Salem,Rural & Urban Development,"MPLADS Allocation for Salem, Salem (Shri S. Semmalai)",2009-06-01,2014-05-31,17.67,19.03,21.53,19.03,0.0,Completed,,0
LS15_0411,15th Lok Sabha (2009-2014),Lok Sabha,15,Shri S.S. Ramasubbu,Tamil Nadu,Tirunelveli,Tirunelveli,Rural & Urban Development,"MPLADS Allocation for Tirunelveli, Tirunelveli (Shri S.S. Ramasubbu)",2009-06-01,,18.69,18.9,21.53,19.03,0.13,In Progress,,0
LS15_0412,15th Lok Sabha (2009-2014),Lok Sabha,15,Shri S. R. Jeyadurai,Tamil Nadu,Tuticorin,Thoothukkudi,Rural & Urban Development,"MPLADS Allocation for Thoothukkudi, Tuticorin (Shri S. R. Jeyadurai)",2014-01-22,2014-05-31,17.76,19.03,21.53,19.03,0.0,Completed,,0
LS15_0413,15th Lok Sabha (2009-2014),Lok Sabha,15,Shri T. K.S. Elangovan,Tamil Nadu,Chennai,Chennai North,Rural & Urban Development,"MPLADS Allocation for Chennai North, Chennai (Shri T. K.S. Elangovan)",2009-06-01,,10.51,10.68,14.03,11.53,0.85,In Progress,,0
LS15_0414,15th Lok Sabha (2009-2014),Lok Sabha,15,Smt. Davidson J. Helen,Tamil Nadu,Kanniyakumari,Kanniyakumari,Rural & Urban Development,"MPLADS Allocation for Kanniyakumari, Kanniyakumari (Smt. Davidson J. Helen)",2009-06-01,,18.51,18.45,19.03,19.03,0.58,In Progress,,0
LS15_0415,15th Lok Sabha (2009-2014),Lok Sabha,15,Shri S. Gandhiselvan,Tamil Nadu,Namakkal,Namakkal,Rural & Urban Development,"MPLADS Allocation for Namakkal, Namakkal (Shri S. Gandhiselvan)",2009-06-01,2014-05-31,18.05,19.03,21.53,19.03,0.0,Completed,,0
LS15_0416,15th Lok Sabha (2009-2014),Lok Sabha,15,Shri Viswanathan Perumal,Tamil Nadu,Kanchipuram,Kancheepuram(Sc),Rural & Urban Development,"MPLADS Allocation for Kancheepuram(Sc), Kanchipuram (Shri Viswanathan Perumal)",2009-06-01,,18.57,16.37,19.03,19.03,2.66,In Progress,,0
LS15_0417,15th Lok Sabha (2009-2014),Lok Sabha,15,Shri Thirumaa Valavan Thol,Tamil Nadu,Cuddalore,Chidambaram(Sc),Rural & Urban Development,"MPLADS Allocation for Chidambaram(Sc), Cuddalore (Shri Thirumaa Valavan Thol)",2014-02-13,,18.34,16.18,19.03,19.03,2.85,In Progress,,0
LS15_0418,15th Lok Sabha (2009-2014),Lok Sabha,15,Shri Thalikkottai Rajuthevar Baalu,Tamil Nadu,Kanchipuram,Sriperumbudur,Rural & Urban Development,"MPLADS Allocation for Sriperumbudur, Kanchipuram (Shri Thalikkottai Rajuthevar Baalu)",2014-06-13,,12.34,12.34,16.53,14.03,1.69,In Progress,,0
LS15_0419,15th Lok Sabha (2009-2014),Lok Sabha,15,Shri Baju Ban Riyan,Tripura,Dhalai District,Tripura East(St),Rural & Urban Development,"MPLADS Allocation for Tripura East(St), Dhalai District (Shri Baju Ban Riyan)",2009-06-01,,7.49,7.04,7.5,7.5,0.46,In Progress,,0
LS15_0420,15th Lok Sabha (2009-2014),Lok Sabha,15,Shri Khagen Das,Tripura,West Tripura,Tripura West,Rural & Urban Development,"MPLADS Allocation for Tripura West, West Tripura (Shri Khagen Das)",2014-06-19,,18.97,18.97,19.0,19.0,0.03,In Progress,,0
LS15_0421,15th Lok Sabha (2009-2014),Lok Sabha,15,Dr. Bali Ram,Uttar Pradesh,Azamgarh,Lalganj (Sc),Rural & Urban Development,"MPLADS Allocation for Lalganj (Sc), Azamgarh (Dr. Bali Ram)",2009-06-01,,19.06,14.47,19.06,19.06,4.59,In Progress,,0
LS15_0422,15th Lok Sabha (2009-2014),Lok Sabha,15,Dr. Murli Manohar Joshi,Uttar Pradesh,Varanasi,Varanasi,Rural & Urban Development,"MPLADS Allocation for Varanasi, Varanasi (Dr. Murli Manohar Joshi)",2009-06-01,2014-05-31,19.06,19.06,21.56,19.06,0.0,Completed,,0
LS15_0423,15th Lok Sabha (2009-2014),Lok Sabha,15,Shri Ashok Kumar Rawat,Uttar Pradesh,Sitapur,Misrikh(Sc),Rural & Urban Development,"MPLADS Allocation for Misrikh(Sc), Sitapur (Shri Ashok Kumar Rawat)",2014-02-25,2014-05-31,18.74,19.06,21.56,19.06,0.0,Completed,,0
LS15_0424,15th Lok Sabha (2009-2014),Lok Sabha,15,Shri Bhism Shankar Alias Kushal Tiwari,Uttar Pradesh,Sant Kabir Nagar,Sant Kabir Nagar,Rural & Urban Development,"MPLADS Allocation for Sant Kabir Nagar, Sant Kabir Nagar (Shri Bhism Shankar Alias Kushal Tiwari)",2014-01-13,2014-05-31,15.82,19.06,21.56,19.06,0.0,Completed,,0
LS15_0425,15th Lok Sabha (2009-2014),Lok Sabha,15,Dr. Prof. Ram Shankar,Uttar Pradesh,Agra,Agra(Sc),Rural & Urban Development,"MPLADS Allocation for Agra(Sc), Agra (Dr. Prof. Ram Shankar)",2014-02-13,2014-05-31,19.13,19.06,21.56,19.06,0.0,Completed,,0
LS15_0426,15th Lok Sabha (2009-2014),Lok Sabha,15,Ku. Ratanjeet Pratap Narain Singh,Uttar Pradesh,Kushinagar (Padrauna),Kushi Nagar,Rural & Urban Development,"MPLADS Allocation for Kushi Nagar, Kushinagar (Padrauna) (Ku. Ratanjeet Pratap Narain Singh)",2014-01-29,2014-05-31,16.35,19.06,21.56,19.06,0.0,Completed,,0
LS15_0427,15th Lok Sabha (2009-2014),Lok Sabha,15,Shri Ajit Singh,Uttar Pradesh,Baghpat,Baghpat,Rural & Urban Development,"MPLADS Allocation for Baghpat, Baghpat (Shri Ajit Singh)",2014-02-24,2014-05-31,18.51,19.06,21.56,19.06,0.0,Completed,,0
LS15_0428,15th Lok Sabha (2009-2014),Lok Sabha,15,Dr. Sanjay Singh,Uttar Pradesh,Sultanpur,Sultanpur,Rural & Urban Development,"MPLADS Allocation for Sultanpur, Sultanpur (Dr. Sanjay Singh)",2015-05-18,2014-05-31,18.56,19.06,21.56,19.06,0.0,Completed,,0
LS15_0429,15th Lok Sabha (2009-2014),Lok Sabha,15,Shri Bal Kumar Patel,Uttar Pradesh,Mirzapur,Mirzapur,Rural & Urban Development,"MPLADS Allocation for Mirzapur, Mirzapur (Shri Bal Kumar Patel)",2014-02-13,2014-05-31,18.91,19.06,21.56,19.06,0.0,Completed,,0
LS15_0430,15th Lok Sabha (2009-2014),Lok Sabha,15,Dr. Shafiqur Rahman Barq,Uttar Pradesh,Bhimnagar(Sambhal),Sambhal,Rural & Urban Development,"MPLADS Allocation for Sambhal, Bhimnagar(Sambhal) (Dr. Shafiqur Rahman Barq)",2015-03-24,2014-05-31,18.77,19.06,21.56,19.06,0.0,Completed,,0
LS15_0431,15th Lok Sabha (2009-2014),Lok Sabha,15,Shri Arvind Kumar Chaudhary,Uttar Pradesh,Basti,Basti,Rural & Urban Development,"MPLADS Allocation for Basti, Basti (Shri Arvind Kumar Chaudhary)",2014-01-22,2014-05-31,18.69,19.06,21.56,19.06,0.0,Completed,,0
LS15_0432,15th Lok Sabha (2009-2014),Lok Sabha,15,Shri Brijbhushan Sharan Singh,Uttar Pradesh,Gonda,Kaiserganj,Rural & Urban Development,"MPLADS Allocation for Kaiserganj, Gonda (Shri Brijbhushan Sharan Singh)",2014-02-14,,18.75,18.75,21.56,19.06,0.31,In Progress,,0
LS15_0433,15th Lok Sabha (2009-2014),Lok Sabha,15,Shri Feroze Varun Gandhi,Uttar Pradesh,Pilibhit,Pilibhit,Rural & Urban Development,"MPLADS Allocation for Pilibhit, Pilibhit (Shri Feroze Varun Gandhi)",2013-11-27,2014-05-31,18.84,19.06,21.56,19.06,0.0,Completed,,0
LS15_0434,15th Lok Sabha (2009-2014),Lok Sabha,15,Shri Ghansyam Anuragi,Uttar Pradesh,Jalaun,Jalaun(Sc),Rural & Urban Development,"MPLADS Allocation for Jalaun(Sc), Jalaun (Shri Ghansyam Anuragi)",2009-06-01,2014-05-31,19.06,19.06,21.56,19.06,0.0,Completed,,0
LS15_0435,15th Lok Sabha (2009-2014),Lok Sabha,15,Shri Jagdish Singh Rana,Uttar Pradesh,Saharanpur,Saharanpur,Rural & Urban Development,"MPLADS Allocation for Saharanpur, Saharanpur (Shri Jagdish Singh Rana)",2013-12-27,2014-05-31,18.92,19.06,19.06,19.06,0.0,Completed,,0
LS15_0436,15th Lok Sabha (2009-2014),Lok Sabha,15,Shri Jayant Chaudhary,Uttar Pradesh,Mathura,Mathura,Rural & Urban Development,"MPLADS Allocation for Mathura, Mathura (Shri Jayant Chaudhary)",2013-12-13,2014-05-31,18.97,19.06,19.06,19.06,0.0,Completed,,0
LS15_0437,15th Lok Sabha (2009-2014),Lok Sabha,15,Shri Dara Singh Chauhan,Uttar Pradesh,Mau,Ghosi,Rural & Urban Development,"MPLADS Allocation for Ghosi, Mau (Shri Dara Singh Chauhan)",2014-02-21,2014-05-31,19.22,19.06,21.56,19.06,0.0,Completed,,0
LS15_0438,15th Lok Sabha (2009-2014),Lok Sabha,15,Shri Dharmendra Yadav,Uttar Pradesh,Budaun,Badaun,Rural & Urban Development,"MPLADS Allocation for Badaun, Budaun (Shri Dharmendra Yadav)",2014-01-29,,15.81,14.27,21.56,19.06,4.79,In Progress,,0
LS15_0439,15th Lok Sabha (2009-2014),Lok Sabha,15,Shri Beni Prasad Verma,Uttar Pradesh,Gonda,Gonda,Rural & Urban Development,"MPLADS Allocation for Gonda, Gonda (Shri Beni Prasad Verma)",2014-02-13,2014-05-31,18.64,19.06,21.56,19.06,0.0,Completed,,0
LS15_0440,15th Lok Sabha (2009-2014),Lok Sabha,15,Shri Dimple Yadav,Uttar Pradesh,Kannauj,Kannauj,Rural & Urban Development,"MPLADS Allocation for Kannauj, Kannauj (Shri Dimple Yadav)",2009-06-01,,18.42,18.26,19.06,19.06,0.8,In Progress,,0
LS15_0441,15th Lok Sabha (2009-2014),Lok Sabha,15,Shri Gorakh Nath,Uttar Pradesh,Bhadohi,Bhadohi,Rural & Urban Development,"MPLADS Allocation for Bhadohi, Bhadohi (Shri Gorakh Nath)",2014-01-16,,16.12,14.95,21.56,19.06,4.11,In Progress,,0
LS15_0442,15th Lok Sabha (2009-2014),Lok Sabha,15,Shri Kalyan Singh,Uttar Pradesh,Etah,Etah,Rural & Urban Development,"MPLADS Allocation for Etah, Etah (Shri Kalyan Singh)",2009-06-01,2014-05-31,16.31,16.56,21.56,16.56,0.0,Completed,,0
LS15_0443,15th Lok Sabha (2009-2014),Lok Sabha,15,Shri Dhananjay Singh,Uttar Pradesh,Jaunpur,Jaunpur,Rural & Urban Development,"MPLADS Allocation for Jaunpur, Jaunpur (Shri Dhananjay Singh)",2013-10-15,2014-05-31,15.32,16.56,21.56,16.56,0.0,Completed,,0
LS15_0444,15th Lok Sabha (2009-2014),Lok Sabha,15,Shri Harsh Vardhan,Uttar Pradesh,Mahrajganj,Maharajganj,Rural & Urban Development,"MPLADS Allocation for Maharajganj, Mahrajganj (Shri Harsh Vardhan)",2015-04-20,,16.73,14.67,19.06,19.06,4.39,In Progress,,0
LS15_0445,15th Lok Sabha (2009-2014),Lok Sabha,15,Shri Kadir Rana,Uttar Pradesh,Muzaffarnagar,Muzaffarnagar,Rural & Urban Development,"MPLADS Allocation for Muzaffarnagar, Muzaffarnagar (Shri Kadir Rana)",2009-06-01,2014-05-31,19.06,19.06,21.56,19.06,0.0,Completed,,0
LS15_0446,15th Lok Sabha (2009-2014),Lok Sabha,15,Shri Kamal Kishor,Uttar Pradesh,Bahraich,Bahraich(Sc),Rural & Urban Development,"MPLADS Allocation for Bahraich(Sc), Bahraich (Shri Kamal Kishor)",2014-02-20,2014-05-31,18.65,19.06,19.06,19.06,0.0,Completed,,0
LS15_0447,15th Lok Sabha (2009-2014),Lok Sabha,15,Shri Kunwar Rewati Raman Singh,Uttar Pradesh,Allahabad,Allahabad,Rural & Urban Development,"MPLADS Allocation for Allahabad, Allahabad (Shri Kunwar Rewati Raman Singh)",2014-02-18,2014-05-31,15.92,19.06,19.06,19.06,0.0,Completed,,0
LS15_0448,15th Lok Sabha (2009-2014),Lok Sabha,15,Shri Devendra Nagpal,Uttar Pradesh,Jyotiba Pholenagar,Amroha,Rural & Urban Development,"MPLADS Allocation for Amroha, Jyotiba Pholenagar (Shri Devendra Nagpal)",2009-06-01,2014-05-31,18.74,19.06,19.06,19.06,0.0,Completed,,0
LS15_0449,15th Lok Sabha (2009-2014),Lok Sabha,15,Shri Gorakh Prasad Jaiswal,Uttar Pradesh,Deoria,Deoria,Rural & Urban Development,"MPLADS Allocation for Deoria, Deoria (Shri Gorakh Prasad Jaiswal)",2014-01-13,,16.25,15.23,21.56,19.06,3.83,In Progress,,0
LS15_0450,15th Lok Sabha (2009-2014),Lok Sabha,15,Shri Jagdambika Pal,Uttar Pradesh,Siddharth Nagar,Domariyaganj,Rural & Urban Development,"MPLADS Allocation for Domariyaganj, Siddharth Nagar (Shri Jagdambika Pal)",2014-01-31,2014-05-31,19.08,19.06,21.56,19.06,0.0,Completed,,0
LS15_0451,15th Lok Sabha (2009-2014),Lok Sabha,15,Shri Kamlesh Paswan,Uttar Pradesh,Gorakhpur,Bansgaon(Sc),Rural & Urban Development,"MPLADS Allocation for Bansgaon(Sc), Gorakhpur (Shri Kamlesh Paswan)",2009-06-01,,18.64,18.14,21.56,19.06,0.92,In Progress,,0
LS15_0452,15th Lok Sabha (2009-2014),Lok Sabha,15,Shri Kunwar Jitin Prasad,Uttar Pradesh,Kheri,Dhaurahra,Rural & Urban Development,"MPLADS Allocation for Dhaurahra, Kheri (Shri Kunwar Jitin Prasad)",2009-06-01,2014-05-31,18.84,19.06,21.56,19.06,0.0,Completed,,0
LS15_0453,15th Lok Sabha (2009-2014),Lok Sabha,15,Shri Kamlesh Balmiki,Uttar Pradesh,Bulandshahr,Bulandshahr(Sc),Rural & Urban Development,"MPLADS Allocation for Bulandshahr(Sc), Bulandshahr (Shri Kamlesh Balmiki)",2014-02-24,,18.41,18.41,21.56,19.06,0.65,In Progress,,0
LS15_0454,15th Lok Sabha (2009-2014),Lok Sabha,15,Shri Kapil Muni Karwariya,Uttar Pradesh,Allahabad,Phulpur,Rural & Urban Development,"MPLADS Allocation for Phulpur, Allahabad (Shri Kapil Muni Karwariya)",2014-02-20,2014-05-31,16.53,19.06,19.06,19.06,0.0,Completed,,0
LS15_0455,15th Lok Sabha (2009-2014),Lok Sabha,15,Shri Mithlesh Kumar,Uttar Pradesh,Shahjahanpur,Shahjahanpur(Sc),Rural & Urban Development,"MPLADS Allocation for Shahjahanpur(Sc), Shahjahanpur (Shri Mithlesh Kumar)",2014-01-13,,16.23,14.1,21.56,19.06,4.96,In Progress,,0
LS15_0456,15th Lok Sabha (2009-2014),Lok Sabha,15,Shri Pradeep Kumar Jain (Aditya),Uttar Pradesh,Jhansi,Jhansi,Rural & Urban Development,"MPLADS Allocation for Jhansi, Jhansi (Shri Pradeep Kumar Jain (Aditya))",2014-01-16,2014-05-31,15.91,16.56,21.56,16.56,0.0,Completed,,0
LS15_0457,15th Lok Sabha (2009-2014),Lok Sabha,15,Shri Mulayam Singh Yadav,Uttar Pradesh,Mainpuri,Mainpuri,Rural & Urban Development,"MPLADS Allocation for Mainpuri, Mainpuri (Shri Mulayam Singh Yadav)",2009-06-01,,19.03,15.74,21.56,19.06,3.32,In Progress,,0
LS15_0458,15th Lok Sabha (2009-2014),Lok Sabha,15,Shri Nirmal Khatri,Uttar Pradesh,Faizabad,Faizabad,Rural & Urban Development,"MPLADS Allocation for Faizabad, Faizabad (Shri Nirmal Khatri)",2014-01-13,2014-05-31,19.01,19.06,21.56,19.06,0.0,Completed,,0
LS15_0459,15th Lok Sabha (2009-2014),Lok Sabha,15,Shri Lal Ji Tandon,Uttar Pradesh,Lucknow,Lucknow,Rural & Urban Development,"MPLADS Allocation for Lucknow, Lucknow (Shri Lal Ji Tandon)",2014-07-18,,16.56,14.24,21.56,19.06,4.82,In Progress,,0
LS15_0460,15th Lok Sabha (2009-2014),Lok Sabha,15,Shri R. K. Singh Patel,Uttar Pradesh,Banda,Banda,Rural & Urban Development,"MPLADS Allocation for Banda, Banda (Shri R. K. Singh Patel)",2015-04-21,2014-05-31,18.68,19.06,21.56,19.06,0.0,Completed,,0
LS15_0461,15th Lok Sabha (2009-2014),Lok Sabha,15,Shri Neeraj Shekhar,Uttar Pradesh,Ballia,Ballia,Rural & Urban Development,"MPLADS Allocation for Ballia, Ballia (Shri Neeraj Shekhar)",2014-02-27,,17.49,14.11,19.06,19.06,4.95,In Progress,,0
LS15_0462,15th Lok Sabha (2009-2014),Lok Sabha,15,Shri Raj Babbar,Uttar Pradesh,Firozabad,Firozabad,Rural & Urban Development,"MPLADS Allocation for Firozabad, Firozabad (Shri Raj Babbar)",2009-06-01,2014-05-31,18.71,19.06,21.56,19.06,0.0,Completed,,0
LS15_0463,15th Lok Sabha (2009-2014),Lok Sabha,15,Shri Rajnath Singh,Uttar Pradesh,Ghaziabad,Ghaziabad,Rural & Urban Development,"MPLADS Allocation for Ghaziabad, Ghaziabad (Shri Rajnath Singh)",2014-02-28,,16.5,14.08,21.56,19.06,4.98,In Progress,,0
LS15_0464,15th Lok Sabha (2009-2014),Lok Sabha,15,Shri Ram Kishun,Uttar Pradesh,Chandauli,Chandauli,Rural & Urban Development,"MPLADS Allocation for Chandauli, Chandauli (Shri Ram Kishun)",2009-06-01,2014-05-31,18.54,19.06,19.06,19.06,0.0,Completed,,0
LS15_0465,15th Lok Sabha (2009-2014),Lok Sabha,15,Shri Mohammed Azharuddin,Uttar Pradesh,Moradabad,Moradabad,Rural & Urban Development,"MPLADS Allocation for Moradabad, Moradabad (Shri Mohammed Azharuddin)",2013-10-22,2014-05-31,16.43,19.06,21.56,19.06,0.0,Completed,,0
LS15_0466,15th Lok Sabha (2009-2014),Lok Sabha,15,Shri Pakauri Lal,Uttar Pradesh,Sonbhadra,Robertsganj(Sc),Rural & Urban Development,"MPLADS Allocation for Robertsganj(Sc), Sonbhadra (Shri Pakauri Lal)",2009-06-01,2014-05-31,19.06,19.06,21.56,19.06,0.0,Completed,,0
LS15_0467,15th Lok Sabha (2009-2014),Lok Sabha,15,Shri Praveen Singh Aron,Uttar Pradesh,Bareilly,Bareilly,Rural & Urban Development,"MPLADS Allocation for Bareilly, Bareilly (Shri Praveen Singh Aron)",2014-02-28,2014-05-31,16.49,19.06,21.56,19.06,0.0,Completed,,0
LS15_0468,15th Lok Sabha (2009-2014),Lok Sabha,15,Shri Premdas Katheria,Uttar Pradesh,Etawah,Etawah(Sc),Rural & Urban Development,"MPLADS Allocation for Etawah(Sc), Etawah (Shri Premdas Katheria)",2013-11-27,2014-05-31,18.7,19.06,21.56,19.06,0.0,Completed,,0
LS15_0469,15th Lok Sabha (2009-2014),Lok Sabha,15,Shri Radhey Mohan Singh,Uttar Pradesh,Ghazipur,Ghazipur,Rural & Urban Development,"MPLADS Allocation for Ghazipur, Ghazipur (Shri Radhey Mohan Singh)",2009-06-01,2014-05-31,18.66,19.06,21.56,19.06,0.0,Completed,,0
LS15_0470,15th Lok Sabha (2009-2014),Lok Sabha,15,Shri Rahul Gandhi,Uttar Pradesh,Amethi,Amethi,Rural & Urban Development,"MPLADS Allocation for Amethi, Amethi (Shri Rahul Gandhi)",2015-01-20,2014-05-31,18.83,19.06,21.56,19.06,0.0,Completed,,0
LS15_0471,15th Lok Sabha (2009-2014),Lok Sabha,15,Shri Sanjay Singh Chauhan,Uttar Pradesh,Bijnore,Bijnor,Rural & Urban Development,"MPLADS Allocation for Bijnor, Bijnore (Shri Sanjay Singh Chauhan)",2014-01-22,2014-05-31,19.06,19.06,21.56,19.06,0.0,Completed,,0
LS15_0472,15th Lok Sabha (2009-2014),Lok Sabha,15,Shri Shailendra Kumar,Uttar Pradesh,Kaushambi,Kaushambi(Sc),Rural & Urban Development,"MPLADS Allocation for Kaushambi(Sc), Kaushambi (Shri Shailendra Kumar)",2014-10-14,2014-05-31,18.74,19.06,21.56,19.06,0.0,Completed,,0
LS15_0473,15th Lok Sabha (2009-2014),Lok Sabha,15,Shri Rajendra Agrawal,Uttar Pradesh,Meerut,Meerut,Rural & Urban Development,"MPLADS Allocation for Meerut, Meerut (Shri Rajendra Agrawal)",2014-02-21,2014-05-31,18.51,19.06,19.06,19.06,0.0,Completed,,0
LS15_0474,15th Lok Sabha (2009-2014),Lok Sabha,15,Shri Rakesh Pandey,Uttar Pradesh,Ambedkarnagar,Ambedkar Nagar,Rural & Urban Development,"MPLADS Allocation for Ambedkar Nagar, Ambedkarnagar (Shri Rakesh Pandey)",2014-02-20,,16.2,14.13,21.56,19.06,4.93,In Progress,,0
LS15_0475,15th Lok Sabha (2009-2014),Lok Sabha,15,Shri Ramakant Yadav,Uttar Pradesh,Azamgarh,Azamgarh,Rural & Urban Development,"MPLADS Allocation for Azamgarh, Azamgarh (Shri Ramakant Yadav)",2014-02-20,,18.79,14.24,19.06,19.06,4.82,In Progress,,0
LS15_0476,15th Lok Sabha (2009-2014),Lok Sabha,15,Shri Soraj Tufani,Uttar Pradesh,Jaunpur,Machhlishahr(Sc),Rural & Urban Development,"MPLADS Allocation for Machhlishahr(Sc), Jaunpur (Shri Soraj Tufani)",2013-12-26,2014-05-31,18.95,19.06,19.06,19.06,0.0,Completed,,0
LS15_0477,15th Lok Sabha (2009-2014),Lok Sabha,15,Shri P. L. Punia,Uttar Pradesh,Barabanki,Barabanki(Sc),Rural & Urban Development,"MPLADS Allocation for Barabanki(Sc), Barabanki (Shri P. L. Punia)",2009-06-01,2014-05-31,16.67,19.06,21.56,19.06,0.0,Completed,,0
LS15_0478,15th Lok Sabha (2009-2014),Lok Sabha,15,Shri Rakesh Sachan,Uttar Pradesh,Fatehpur,Fatehpur,Rural & Urban Development,"MPLADS Allocation for Fatehpur, Fatehpur (Shri Rakesh Sachan)",2014-10-21,2014-05-31,17.82,19.06,21.56,19.06,0.0,Completed,,0
LS15_0479,15th Lok Sabha (2009-2014),Lok Sabha,15,Shri Ramashankar Rajbhar,Uttar Pradesh,Deoria,Salempur,Rural & Urban Development,"MPLADS Allocation for Salempur, Deoria (Shri Ramashankar Rajbhar)",2014-01-22,,16.16,14.19,21.56,19.06,4.87,In Progress,,0
LS15_0480,15th Lok Sabha (2009-2014),Lok Sabha,15,Shri Surendra Singh Nagar,Uttar Pradesh,Gautambudhnagar,Gautam Buddha Nagar,Rural & Urban Development,"MPLADS Allocation for Gautam Buddha Nagar, Gautambudhnagar (Shri Surendra Singh Nagar)",2009-06-01,,16.56,14.07,21.56,19.06,4.99,In Progress,,0
LS15_0481,15th Lok Sabha (2009-2014),Lok Sabha,15,Shri Salman Khursheed,Uttar Pradesh,Farrukhabad,Farrukhabad,Rural & Urban Development,"MPLADS Allocation for Farrukhabad, Farrukhabad (Shri Salman Khursheed)",2014-10-14,2014-05-31,18.58,19.06,21.56,19.06,0.0,Completed,,0
LS15_0482,15th Lok Sabha (2009-2014),Lok Sabha,15,Shri Shriprakash Jaiswal,Uttar Pradesh,Kanpur Nagar,Kanpur,Rural & Urban Development,"MPLADS Allocation for Kanpur, Kanpur Nagar (Shri Shriprakash Jaiswal)",2009-06-01,2014-05-31,19.21,19.06,21.56,19.06,0.0,Completed,,0
LS15_0483,15th Lok Sabha (2009-2014),Lok Sabha,15,Shri Raja Ram Pal,Uttar Pradesh,Kanpur Nagar,Akbarpur,Rural & Urban Development,"MPLADS Allocation for Akbarpur, Kanpur Nagar (Shri Raja Ram Pal)",2009-06-01,2014-05-31,19.07,19.06,19.06,19.06,0.0,Completed,,0
LS15_0484,15th Lok Sabha (2009-2014),Lok Sabha,15,Shri Zafar Ali Naqvi,Uttar Pradesh,Kheri,Kheri,Rural & Urban Development,"MPLADS Allocation for Kheri, Kheri (Shri Zafar Ali Naqvi)",2009-06-01,2014-05-31,19.02,19.06,21.56,19.06,0.0,Completed,,0
LS15_0485,15th Lok Sabha (2009-2014),Lok Sabha,15,Smt. Maneka Sanjay Gandhi,Uttar Pradesh,Bareilly,Aonla,Rural & Urban Development,"MPLADS Allocation for Aonla, Bareilly (Smt. Maneka Sanjay Gandhi)",2009-06-01,,18.33,17.06,21.56,19.06,2.0,In Progress,,0
LS15_0486,15th Lok Sabha (2009-2014),Lok Sabha,15,Shri Vinay Kumar Vinnu Pandey,Uttar Pradesh,Shrawasti,Shrawasti,Rural & Urban Development,"MPLADS Allocation for Shrawasti, Shrawasti (Shri Vinay Kumar Vinnu Pandey)",2014-02-28,2014-05-31,17.68,19.06,21.56,19.06,0.0,Completed,,0
LS15_0487,15th Lok Sabha (2009-2014),Lok Sabha,15,Smt. Annu Tandon,Uttar Pradesh,Unnao,Unnao,Rural & Urban Development,"MPLADS Allocation for Unnao, Unnao (Smt. Annu Tandon)",2014-01-31,2014-05-31,13.59,14.06,21.56,14.06,0.0,Completed,,0
LS15_0488,15th Lok Sabha (2009-2014),Lok Sabha,15,Smt. Seema Upadhyay,Uttar Pradesh,Agra,Fatehpur Sikri,Rural & Urban Development,"MPLADS Allocation for Fatehpur Sikri, Agra (Smt. Seema Upadhyay)",2014-01-28,2014-05-31,18.53,19.06,21.56,19.06,0.0,Completed,,0
LS15_0489,15th Lok Sabha (2009-2014),Lok Sabha,15,Smt. Qaiser Jahan,Uttar Pradesh,Sitapur,Sitapur,Rural & Urban Development,"MPLADS Allocation for Sitapur, Sitapur (Smt. Qaiser Jahan)",2013-12-16,2014-05-31,18.85,19.06,19.06,19.06,0.0,Completed,,0
LS15_0490,15th Lok Sabha (2009-2014),Lok Sabha,15,Smt. Sarika Devendra Singh Baghel,Uttar Pradesh,Mahamayanagar,Hathras (Sc),Rural & Urban Development,"MPLADS Allocation for Hathras (Sc), Mahamayanagar (Smt. Sarika Devendra Singh Baghel)",2009-06-01,,18.78,18.5,21.56,19.06,0.56,In Progress,,0
LS15_0491,15th Lok Sabha (2009-2014),Lok Sabha,15,Shri Vijay Bahadur Singh,Uttar Pradesh,Hamirpur,Hamirpur,Rural & Urban Development,"MPLADS Allocation for Hamirpur, Hamirpur (Shri Vijay Bahadur Singh)",2014-09-22,2014-05-31,17.35,19.06,19.06,19.06,0.0,Completed,,0
LS15_0492,15th Lok Sabha (2009-2014),Lok Sabha,15,Smt. Sushila Saroj,Uttar Pradesh,Lucknow,Mohanlalganj(Sc),Rural & Urban Development,"MPLADS Allocation for Mohanlalganj(Sc), Lucknow (Smt. Sushila Saroj)",2013-12-26,,16.6,14.55,19.06,19.06,4.51,In Progress,,0
LS15_0493,15th Lok Sabha (2009-2014),Lok Sabha,15,Smt. Usha Verma,Uttar Pradesh,Hardoi,Hardoi (Sc),Rural & Urban Development,"MPLADS Allocation for Hardoi (Sc), Hardoi (Smt. Usha Verma)",2014-01-31,,15.66,14.14,21.56,19.06,4.92,In Progress,,0
LS15_0494,15th Lok Sabha (2009-2014),Lok Sabha,15,Smt. Sonia Gandhi,Uttar Pradesh,Rae Bareli,Rae Bareli,Rural & Urban Development,"MPLADS Allocation for Rae Bareli, Rae Bareli (Smt. Sonia Gandhi)",2014-10-16,2014-05-31,19.07,19.06,21.56,19.06,0.0,Completed,,0
LS15_0495,15th Lok Sabha (2009-2014),Lok Sabha,15,Smt. Raj Kumari Chauhan,Uttar Pradesh,Aligarh,Aligarh,Rural & Urban Development,"MPLADS Allocation for Aligarh, Aligarh (Smt. Raj Kumari Chauhan)",2009-06-01,2014-05-31,19.03,19.06,19.06,19.06,0.0,Completed,,0
LS15_0496,15th Lok Sabha (2009-2014),Lok Sabha,15,Smt. Rajkumari Ratna Singh,Uttar Pradesh,Pratapgarh,Pratapgarh,Rural & Urban Development,"MPLADS Allocation for Pratapgarh, Pratapgarh (Smt. Rajkumari Ratna Singh)",2014-01-28,2014-05-31,16.35,19.06,21.56,19.06,0.0,Completed,,0
LS15_0497,15th Lok Sabha (2009-2014),Lok Sabha,15,Shri Yashvir Singh,Uttar Pradesh,Bijnore,Nagina(Sc),Rural & Urban Development,"MPLADS Allocation for Nagina(Sc), Bijnore (Shri Yashvir Singh)",2009-06-01,2014-05-31,19.02,19.06,21.56,19.06,0.0,Completed,,0
LS15_0498,15th Lok Sabha (2009-2014),Lok Sabha,15,Shri Yogi Adityanath,Uttar Pradesh,Gorakhpur,Gorakhpur,Rural & Urban Development,"MPLADS Allocation for Gorakhpur, Gorakhpur (Shri Yogi Adityanath)",2009-06-01,,18.66,18.34,19.06,19.06,0.72,In Progress,,0
LS15_0499,15th Lok Sabha (2009-2014),Lok Sabha,15,Smt. Begum Tabassum Hasan,Uttar Pradesh,Shamli,Kairana,Rural & Urban Development,"MPLADS Allocation for Kairana, Shamli (Smt. Begum Tabassum Hasan)",2014-02-21,2014-05-31,18.87,19.06,19.06,19.06,0.0,Completed,,0
LS15_0500,15th Lok Sabha (2009-2014),Lok Sabha,15,Smt. Jaya Prada Nahata,Uttar Pradesh,Rampur,Rampur,Rural & Urban Development,"MPLADS Allocation for Rampur, Rampur (Smt. Jaya Prada Nahata)",2009-06-01,2014-05-31,19.04,19.06,21.56,19.06,0.0,Completed,,0
LS15_0501,15th Lok Sabha (2009-2014),Lok Sabha,15,Shri Harish Rawat,Uttarakhand,Haridwar,Hardwar,Rural & Urban Development,"MPLADS Allocation for Hardwar, Haridwar (Shri Harish Rawat)",2014-09-17,2014-05-31,18.69,19.0,19.0,19.0,0.0,Completed,,0
LS15_0502,15th Lok Sabha (2009-2014),Lok Sabha,15,Shri K.C. Singh Baba,Uttarakhand,Udhamsingh Nagar,Nainital Udham Singh Nag.,Rural & Urban Development,"MPLADS Allocation for Nainital Udham Singh Nag., Udhamsingh Nagar (Shri K.C. Singh Baba)",2014-02-28,2014-05-31,18.58,19.0,19.0,19.0,0.0,Completed,,0
LS15_0503,15th Lok Sabha (2009-2014),Lok Sabha,15,Shri Pradeep Tamta,Uttarakhand,Almora,Almora(Sc),Rural & Urban Development,"MPLADS Allocation for Almora(Sc), Almora (Shri Pradeep Tamta)",2014-10-27,2014-05-31,19.0,19.0,19.0,19.0,0.0,Completed,,0
LS15_0504,15th Lok Sabha (2009-2014),Lok Sabha,15,Shri Satpal Maharaj,Uttarakhand,Pauri Garhwal,Garhwal,Rural & Urban Development,"MPLADS Allocation for Garhwal, Pauri Garhwal (Shri Satpal Maharaj)",2009-06-01,,16.31,12.02,21.5,16.5,4.48,In Progress,,0
LS15_0505,15th Lok Sabha (2009-2014),Lok Sabha,15,Smt Vijay Bahuguna,Uttarakhand,Tehri Garhwal,Tehri Garhwal,Rural & Urban Development,"MPLADS Allocation for Tehri Garhwal, Tehri Garhwal (Smt Vijay Bahuguna)",2009-06-01,,16.03,15.05,11.5,16.5,1.45,In Progress,,0
LS15_0506,15th Lok Sabha (2009-2014),Lok Sabha,15,Km. Mausam Noor,West Bengal,Malda,Maldaha Uttar,Rural & Urban Development,"MPLADS Allocation for Maldaha Uttar, Malda (Km. Mausam Noor)",2015-02-25,2014-05-31,18.75,17.64,17.64,17.64,0.0,Completed,,0
LS15_0507,15th Lok Sabha (2009-2014),Lok Sabha,15,Prof. Saugata Roy,West Bengal,North Twenty Four Parganas,Dum Dum,Rural & Urban Development,"MPLADS Allocation for Dum Dum, North Twenty Four Parganas (Prof. Saugata Roy)",2014-01-29,2014-05-31,20.16,20.14,22.64,20.14,0.0,Completed,,0
LS15_0508,15th Lok Sabha (2009-2014),Lok Sabha,15,Shri Adhir Ranjan Chowdhury,West Bengal,Murshidabad,Baharampur,Rural & Urban Development,"MPLADS Allocation for Baharampur, Murshidabad (Shri Adhir Ranjan Chowdhury)",2015-03-13,2014-05-31,19.51,20.14,22.64,20.14,0.0,Completed,,0
LS15_0509,15th Lok Sabha (2009-2014),Lok Sabha,15,Dr. Kakoli Ghosh Dastidar,West Bengal,North Twenty Four Parganas,Barasat,Rural & Urban Development,"MPLADS Allocation for Barasat, North Twenty Four Parganas (Dr. Kakoli Ghosh Dastidar)",2013-08-30,2014-05-31,20.93,20.14,22.64,20.14,0.0,Completed,,0
LS15_0510,15th Lok Sabha (2009-2014),Lok Sabha,15,Dr. Pulin Bihari Baske,West Bengal,Paschimi Medinipur,Jhargram(St),Rural & Urban Development,"MPLADS Allocation for Jhargram(St), Paschimi Medinipur (Dr. Pulin Bihari Baske)",2009-06-01,2014-05-31,18.07,20.14,22.64,20.14,0.0,Completed,,0
LS15_0511,15th Lok Sabha (2009-2014),Lok Sabha,15,Shri Abu Hasem Khan Choudhury,West Bengal,Malda,Maldaha Dakshin,Rural & Urban Development,"MPLADS Allocation for Maldaha Dakshin, Malda (Shri Abu Hasem Khan Choudhury)",2016-02-17,2014-05-31,16.42,20.14,20.14,17.64,-2.5,Completed,,0
LS15_0512,15th Lok Sabha (2009-2014),Lok Sabha,15,Shri Anup Kumar Saha,West Bengal,Burdwan,Bardhaman Purba(Sc),Rural & Urban Development,"MPLADS Allocation for Bardhaman Purba(Sc), Burdwan (Shri Anup Kumar Saha)",2015-04-28,2014-05-31,19.78,20.14,20.14,20.14,0.0,Completed,,0
LS15_0513,15th Lok Sabha (2009-2014),Lok Sabha,15,Dr. Ratna De (Nag),West Bengal,Hooghly,Hooghly,Rural & Urban Development,"MPLADS Allocation for Hooghly, Hooghly (Dr. Ratna De (Nag))",2014-02-13,2014-05-31,19.93,20.14,22.64,20.14,0.0,Completed,,0
LS15_0514,15th Lok Sabha (2009-2014),Lok Sabha,15,Shri Abdul Mannan Hossain,West Bengal,Murshidabad,Murshidabad,Rural & Urban Development,"MPLADS Allocation for Murshidabad, Murshidabad (Shri Abdul Mannan Hossain)",2014-02-18,2014-05-31,19.9,20.14,22.64,20.14,0.0,Completed,,0
LS15_0515,15th Lok Sabha (2009-2014),Lok Sabha,15,Shri Abhijit Mukherjee,West Bengal,Murshidabad,Jangipur,Rural & Urban Development,"MPLADS Allocation for Jangipur, Murshidabad (Shri Abhijit Mukherjee)",2015-05-25,2014-05-31,18.94,20.14,12.5,20.14,0.0,Completed,,0
LS15_0516,15th Lok Sabha (2009-2014),Lok Sabha,15,Shri Basudeb Acharia,West Bengal,Bankura,Bankura,Rural & Urban Development,"MPLADS Allocation for Bankura, Bankura (Shri Basudeb Acharia)",2015-03-26,2014-05-31,21.45,20.14,22.64,20.14,0.0,Completed,,0
LS15_0517,15th Lok Sabha (2009-2014),Lok Sabha,15,Dr. Ram Chandra Dome,West Bengal,Birbhum,Bolpur(Sc),Rural & Urban Development,"MPLADS Allocation for Bolpur(Sc), Birbhum (Dr. Ram Chandra Dome)",2014-09-22,2014-05-31,16.85,17.64,20.14,17.64,0.0,Completed,,0
LS15_0518,15th Lok Sabha (2009-2014),Lok Sabha,15,Kum. Subrata Bakshi,West Bengal,Kolkata,Kolkata Dakshin,Rural & Urban Development,"MPLADS Allocation for Kolkata Dakshin, Kolkata (Kum. Subrata Bakshi)",2014-10-21,2014-05-31,19.14,20.14,22.64,20.14,0.0,Completed,,0
LS15_0519,15th Lok Sabha (2009-2014),Lok Sabha,15,Dr. Tarun Mandal,West Bengal,South Twenty Four Parganas,Joynagar(Sc),Rural & Urban Development,"MPLADS Allocation for Joynagar(Sc), South Twenty Four Parganas (Dr. Tarun Mandal)",2015-03-18,2014-05-31,18.4,20.14,20.14,20.14,0.0,Completed,,0
LS15_0520,15th Lok Sabha (2009-2014),Lok Sabha,15,Shri Bansa Gopal Choudhary,West Bengal,Burdwan,Asansol,Rural & Urban Development,"MPLADS Allocation for Asansol, Burdwan (Shri Bansa Gopal Choudhary)",2015-04-28,2014-05-31,19.69,20.14,22.64,20.14,0.0,Completed,,0
LS15_0521,15th Lok Sabha (2009-2014),Lok Sabha,15,Shri Dinesh Trivedi,West Bengal,North Twenty Four Parganas,Barrackpur,Rural & Urban Development,"MPLADS Allocation for Barrackpur, North Twenty Four Parganas (Shri Dinesh Trivedi)",2009-06-01,2014-05-31,21.13,20.14,20.14,20.14,0.0,Completed,,0
LS15_0522,15th Lok Sabha (2009-2014),Lok Sabha,15,Shri Gurudas Dasgupta,West Bengal,Paschimi Medinipur,Ghatal,Rural & Urban Development,"MPLADS Allocation for Ghatal, Paschimi Medinipur (Shri Gurudas Dasgupta)",2014-02-27,2014-05-31,18.71,20.14,22.64,20.14,0.0,Completed,,0
LS15_0523,15th Lok Sabha (2009-2014),Lok Sabha,15,Shri Gobinda Chandra Naskar,West Bengal,North Twenty Four Parganas,Bangaon(Sc),Rural & Urban Development,"MPLADS Allocation for Bangaon(Sc), North Twenty Four Parganas (Shri Gobinda Chandra Naskar)",2009-06-01,2014-05-31,20.53,20.14,22.64,20.14,0.0,Completed,,0
LS15_0524,15th Lok Sabha (2009-2014),Lok Sabha,15,Shri Jaswant Singh,West Bengal,Darjeeling,Darjeeling,Rural & Urban Development,"MPLADS Allocation for Darjeeling, Darjeeling (Shri Jaswant Singh)",2016-06-14,,18.45,16.93,22.64,20.14,3.21,In Progress,,0
LS15_0525,15th Lok Sabha (2009-2014),Lok Sabha,15,Shri Kalyan Banerjee,West Bengal,Hooghly,Sreerampur,Rural & Urban Development,"MPLADS Allocation for Sreerampur, Hooghly (Shri Kalyan Banerjee)",2014-02-18,2014-05-31,20.37,20.14,22.64,20.14,0.0,Completed,,0
LS15_0526,15th Lok Sabha (2009-2014),Lok Sabha,15,Shri Kabir Suman,West Bengal,South Twenty Four Parganas,Jadavpur,Rural & Urban Development,"MPLADS Allocation for Jadavpur, South Twenty Four Parganas (Shri Kabir Suman)",2009-06-01,2014-05-31,16.4,17.64,22.64,17.64,0.0,Completed,,0
LS15_0527,15th Lok Sabha (2009-2014),Lok Sabha,15,Shri Mohan Jatua Choudhury,West Bengal,South Twenty Four Parganas,Mathurapur(Sc),Rural & Urban Development,"MPLADS Allocation for Mathurapur(Sc), South Twenty Four Parganas (Shri Mohan Jatua Choudhury)",2014-02-19,2014-05-31,19.88,20.14,22.64,20.14,0.0,Completed,,0
LS15_0528,15th Lok Sabha (2009-2014),Lok Sabha,15,Shri Mahendra Kumar Roy,West Bengal,Jalpaiguri,Jalpaiguri(Sc),Rural & Urban Development,"MPLADS Allocation for Jalpaiguri(Sc), Jalpaiguri (Shri Mahendra Kumar Roy)",2015-06-25,2014-05-31,17.28,20.14,25.29,20.14,0.0,Completed,,0
LS15_0529,15th Lok Sabha (2009-2014),Lok Sabha,15,Shri Nripendra Nath Roy,West Bengal,Cooch Behar,Coochbehar(Sc),Rural & Urban Development,"MPLADS Allocation for Coochbehar(Sc), Cooch Behar (Shri Nripendra Nath Roy)",2009-06-01,2014-05-31,20.03,20.14,22.64,20.14,0.0,Completed,,0
LS15_0530,15th Lok Sabha (2009-2014),Lok Sabha,15,Shri Prasanta Kumar Majumdar,West Bengal,South Dinajpur,Balurghat,Rural & Urban Development,"MPLADS Allocation for Balurghat, South Dinajpur (Shri Prasanta Kumar Majumdar)",2014-11-21,2014-05-31,14.27,15.14,22.64,15.14,0.0,Completed,,0
LS15_0531,15th Lok Sabha (2009-2014),Lok Sabha,15,Shri Narahari Mahato,West Bengal,Purulia,Purulia,Rural & Urban Development,"MPLADS Allocation for Purulia, Purulia (Shri Narahari Mahato)",2015-09-30,2014-05-31,20.13,20.14,20.14,20.14,0.0,Completed,,0
LS15_0532,15th Lok Sabha (2009-2014),Lok Sabha,15,Shri Pranab Mukherjee,West Bengal,Murshidabad,Jangipur,Rural & Urban Development,"MPLADS Allocation for Jangipur, Murshidabad (Shri Pranab Mukherjee)",2009-06-01,2014-05-31,18.94,20.14,0.0,20.14,0.0,Completed,,0
LS15_0533,15th Lok Sabha (2009-2014),Lok Sabha,15,Shri Manohar Tirkey,West Bengal,Jalpaiguri,Alipurduars(St),Rural & Urban Development,"MPLADS Allocation for Alipurduars(St), Jalpaiguri (Shri Manohar Tirkey)",2015-06-25,2014-05-31,17.59,20.14,22.64,20.14,0.0,Completed,,0
LS15_0534,15th Lok Sabha (2009-2014),Lok Sabha,15,Shri Prasun Banerjee,West Bengal,Howrah,Howrah,Rural & Urban Development,"MPLADS Allocation for Howrah, Howrah (Shri Prasun Banerjee)",2014-12-31,2014-05-31,19.3,20.14,7.5,20.14,0.0,Completed,,0
LS15_0535,15th Lok Sabha (2009-2014),Lok Sabha,15,Shri Prabodh Panda,West Bengal,Paschimi Medinipur,Medinipur,Rural & Urban Development,"MPLADS Allocation for Medinipur, Paschimi Medinipur (Shri Prabodh Panda)",2014-08-20,2014-05-31,19.44,20.14,20.14,20.14,0.0,Completed,,0
LS15_0536,15th Lok Sabha (2009-2014),Lok Sabha,15,Shri Sisir Kumar Adhikari,West Bengal,Purba Medinipur,Kanthi,Rural & Urban Development,"MPLADS Allocation for Kanthi, Purba Medinipur (Shri Sisir Kumar Adhikari)",2013-12-18,2014-05-31,20.14,20.14,20.14,20.14,0.0,Completed,,0
LS15_0537,15th Lok Sabha (2009-2014),Lok Sabha,15,Shri Somendra Nath Mitra,West Bengal,South Twenty Four Parganas,Diamond Harbour,Rural & Urban Development,"MPLADS Allocation for Diamond Harbour, South Twenty Four Parganas (Shri Somendra Nath Mitra)",2015-08-28,2014-05-31,17.01,20.14,22.64,20.14,0.0,Completed,,0
LS15_0538,15th Lok Sabha (2009-2014),Lok Sabha,15,Shri Sucharu Ranjan Haldar,West Bengal,Nadia,Ranaghat(Sc),Rural & Urban Development,"MPLADS Allocation for Ranaghat(Sc), Nadia (Shri Sucharu Ranjan Haldar)",2013-12-18,2014-05-31,19.51,20.16,20.14,20.14,-0.02,Completed,,0
LS15_0539,15th Lok Sabha (2009-2014),Lok Sabha,15,Shri Sultan Ahmed,West Bengal,Howrah,Uluberia,Rural & Urban Development,"MPLADS Allocation for Uluberia, Howrah (Shri Sultan Ahmed)",2009-06-01,2014-05-31,19.01,20.14,20.14,20.14,0.0,Completed,,0
LS15_0540,15th Lok Sabha (2009-2014),Lok Sabha,15,Shri Sk. Nurul Islam,West Bengal,North Twenty Four Parganas,Basirhat,Rural & Urban Development,"MPLADS Allocation for Basirhat, North Twenty Four Parganas (Shri Sk. Nurul Islam)",2009-06-01,2014-05-31,20.71,20.14,22.64,20.14,0.0,Completed,,0
LS15_0541,15th Lok Sabha (2009-2014),Lok Sabha,15,Shri Sakti Mohan Malik,West Bengal,Hooghly,Arambag(Sc),Rural & Urban Development,"MPLADS Allocation for Arambag(Sc), Hooghly (Shri Sakti Mohan Malik)",2009-06-01,2014-05-31,18.23,20.14,22.64,20.14,0.0,Completed,,0
LS15_0542,15th Lok Sabha (2009-2014),Lok Sabha,15,Shri Sk. Saidul Haque,West Bengal,Burdwan,Bardhaman-Durgapur,Rural & Urban Development,"MPLADS Allocation for Bardhaman-Durgapur, Burdwan (Shri Sk. Saidul Haque)",2015-07-29,2014-05-31,20.34,20.14,22.64,20.14,0.0,Completed,,0
LS15_0543,15th Lok Sabha (2009-2014),Lok Sabha,15,Shri Suvendu Adhikari,West Bengal,Purba Medinipur,Tamluk,Rural & Urban Development,"MPLADS Allocation for Tamluk, Purba Medinipur (Shri Suvendu Adhikari)",2013-12-18,2014-05-31,20.14,20.14,20.14,20.14,0.0,Completed,,0
LS15_0544,15th Lok Sabha (2009-2014),Lok Sabha,15,Smt. Ambica Banerjee,West Bengal,Howrah,Howrah,Rural & Urban Development,"MPLADS Allocation for Howrah, Howrah (Smt. Ambica Banerjee)",2009-06-01,2014-05-31,19.3,20.14,12.64,20.14,0.0,Completed,,0
LS15_0545,15th Lok Sabha (2009-2014),Lok Sabha,15,Smt. Satabdi Roy,West Bengal,Birbhum,Birbhum,Rural & Urban Development,"MPLADS Allocation for Birbhum, Birbhum (Smt. Satabdi Roy)",2014-02-20,2014-05-31,18.98,20.14,20.14,20.14,0.0,Completed,,0
LS15_0546,15th Lok Sabha (2009-2014),Lok Sabha,15,Shri Sudip Bandyopadhyay,West Bengal,Kolkata,Kolkata Uttar,Rural & Urban Development,"MPLADS Allocation for Kolkata Uttar, Kolkata (Shri Sudip Bandyopadhyay)",2014-11-20,2014-05-31,19.18,20.14,22.64,20.14,0.0,Completed,,0
LS15_0547,15th Lok Sabha (2009-2014),Lok Sabha,15,Shri Tapas Paul,West Bengal,Nadia,Krishnanagar,Rural & Urban Development,"MPLADS Allocation for Krishnanagar, Nadia (Shri Tapas Paul)",2013-12-18,2014-05-31,19.6,20.14,20.14,20.14,0.0,Completed,,0
LS15_0548,15th Lok Sabha (2009-2014),Lok Sabha,15,Smt. Deepa Dasmunsi,West Bengal,North Dinajpur,Raiganj,Rural & Urban Development,"MPLADS Allocation for Raiganj, North Dinajpur (Smt. Deepa Dasmunsi)",2015-07-15,2014-05-31,17.09,20.14,22.64,20.14,0.0,Completed,,0
LS15_0549,15th Lok Sabha (2009-2014),Lok Sabha,15,Smt. Susmita Bauri,West Bengal,Bankura,Bishnupur(Sc),Rural & Urban Development,"MPLADS Allocation for Bishnupur(Sc), Bankura (Smt. Susmita Bauri)",2015-09-18,2014-05-31,17.48,17.64,17.64,17.64,0.0,Completed,,0
